symbol,direction,entry_dt,exit_dt,entry,exit,stop_loss,take_profit,size,pnl_pips,pnl_gross,pnl,bars_held,exit_reason,adx_entry,atr_entry,ema_distance,trend_gap,session,year
XAUUSD,1,2019-01-18 03:00:00,2019-01-18 10:00:00,1291.12,1288.55498,1288.55498,1296.25003,3.8986,-25.7,-100.0,-100.4,7,stop_loss,19.48576,1.71001,-0.48105,1.07109,,2019
XAUUSD,1,2019-01-21 14:00:00,2019-01-22 04:00:00,1278.35,1278.06,1275.85563,1283.33875,3.9688,-2.9,-11.51,-11.91,10,time_exit,38.79123,1.66292,-4.18004,-1.82454,london,2019
XAUUSD,-1,2019-01-22 14:00:00,2019-01-22 20:00:00,1282.73,1285.08682,1285.08682,1278.01636,4.1954,-23.6,-98.88,-99.28,6,stop_loss,29.01753,1.57121,0.00185,-2.67589,london,2019
XAUUSD,-1,2019-01-23 03:00:00,2019-01-23 13:00:00,1284.55,1285.49,1286.91848,1279.81304,4.1328,-9.4,-38.85,-39.25,10,time_exit,17.42894,1.57899,0.91899,-2.17535,,2019
XAUUSD,-1,2019-01-24 18:00:00,2019-01-25 05:00:00,1282.3,1281.86,1285.259,1276.382,3.2948,4.4,14.5,14.1,10,time_exit,17.58145,1.97267,-0.09939,-1.44317,new_york,2019
XAUUSD,1,2019-01-25 08:00:00,2019-01-25 15:00:00,1282.33,1287.13375,1279.92812,1287.13375,4.0648,48.0,195.26,194.86,7,take_profit,14.48025,1.60125,0.24137,-1.78556,london,2019
XAUUSD,-1,2019-01-30 11:00:00,2019-01-30 21:00:00,1313.91,1316.62829,1316.62829,1308.47342,3.6634,-27.2,-99.58,-99.98,10,stop_loss,51.61353,1.81219,3.97391,6.51142,london,2019
XAUUSD,-1,2019-02-01 15:00:00,2019-02-04 02:00:00,1321.13,1315.84659,1323.7717,1315.84659,3.7317,52.8,197.16,196.76,10,take_profit,20.38036,1.76114,1.89436,7.63993,london,2019
XAUUSD,1,2019-02-06 22:00:00,2019-02-07 03:00:00,1307.12,1304.42238,1304.42238,1312.51524,3.7273,-27.0,-100.55,-100.95,4,stop_loss,22.93695,1.79841,-3.59175,2.29804,,2019
XAUUSD,-1,2019-02-07 22:00:00,2019-02-08 09:00:00,1310.47,1309.03,1313.39896,1304.61207,3.3985,14.4,48.94,48.54,10,time_exit,23.47614,1.95264,0.3419,0.48961,,2019
XAUUSD,-1,2019-02-08 11:00:00,2019-02-08 13:00:00,1309.85,1312.12836,1312.12836,1305.29329,4.3902,-22.8,-100.02,-100.42,2,stop_loss,14.16581,1.5189,0.06126,0.51151,london,2019
XAUUSD,-1,2019-02-08 13:00:00,2019-02-08 15:00:00,1311.23,1313.56361,1313.56361,1306.56278,4.2432,-23.3,-99.02,-99.42,2,stop_loss,13.47018,1.55574,0.92127,0.50869,london,2019
XAUUSD,-1,2019-02-11 21:00:00,2019-02-12 08:00:00,1307.91,1310.89491,1310.89491,1301.94019,3.2841,-29.8,-98.03,-98.43,10,stop_loss,21.79082,1.98994,-1.10608,0.28911,new_york,2019
XAUUSD,1,2019-02-12 10:00:00,2019-02-12 17:00:00,1311.76,1309.196,1309.196,1316.888,3.7848,-25.6,-97.04,-97.44,7,stop_loss,16.98495,1.70933,1.26175,0.10849,london,2019
XAUUSD,1,2019-02-13 15:00:00,2019-02-13 16:00:00,1309.28,1313.96231,1306.93884,1313.96231,4.1034,46.8,192.13,191.73,1,take_profit,17.3397,1.56077,-1.09876,0.64554,london,2019
XAUUSD,1,2019-02-13 16:00:00,2019-02-13 17:00:00,1310.62,1315.69429,1308.08286,1315.69429,3.862,50.7,195.97,195.57,1,take_profit,17.81535,1.69143,-0.21296,0.58326,new_york,2019
XAUUSD,1,2019-02-14 06:00:00,2019-02-14 11:00:00,1308.39,1305.37041,1305.37041,1314.42918,3.3097,-30.2,-99.94,-100.34,5,stop_loss,13.86014,2.01306,-0.92616,0.16567,,2019
XAUUSD,1,2019-02-14 23:00:00,2019-02-15 10:00:00,1312.76,1314.87,1308.85669,1320.56663,2.5347,21.1,53.48,53.08,10,time_exit,12.27929,2.60221,1.07202,0.05041,,2019
XAUUSD,-1,2019-02-18 02:00:00,2019-02-18 03:00:00,1321.18,1324.1393,1324.1393,1315.26141,3.3612,-29.6,-99.47,-99.87,1,stop_loss,28.83364,1.97286,3.46932,1.56309,,2019
XAUUSD,1,2019-02-21 16:00:00,2019-02-21 17:00:00,1335.37,1331.48067,1331.48067,1343.14867,2.5318,-38.9,-98.47,-98.87,1,stop_loss,37.55935,2.59289,-0.61305,4.76183,new_york,2019
XAUUSD,1,2019-02-25 15:00:00,2019-02-25 18:00:00,1330.19,1327.35871,1327.35871,1335.85258,3.443,-28.3,-97.48,-97.88,3,stop_loss,13.83058,1.88753,0.04398,2.21398,london,2019
XAUUSD,1,2019-02-26 12:00:00,2019-02-26 14:00:00,1326.51,1323.73631,1323.73631,1332.05739,3.4792,-27.7,-96.5,-96.9,2,stop_loss,18.85329,1.84913,-1.23108,1.37594,london,2019
XAUUSD,-1,2019-02-26 16:00:00,2019-02-27 02:00:00,1326.87,1329.90306,1329.90306,1320.80387,3.1497,-30.3,-95.53,-95.93,9,stop_loss,18.36982,2.02204,-0.68555,1.03455,new_york,2019
XAUUSD,-1,2019-02-27 23:00:00,2019-02-28 10:00:00,1320.05,1323.24144,1323.24144,1313.66711,2.9634,-31.9,-94.58,-94.98,10,stop_loss,23.03832,2.12763,-2.81283,-0.02739,,2019
XAUUSD,1,2019-03-05 19:00:00,2019-03-06 06:00:00,1283.58,1287.3,1280.04566,1290.64868,2.649,37.2,98.54,98.14,10,time_exit,28.39949,2.35623,-3.52048,-7.58794,new_york,2019
XAUUSD,1,2019-03-08 08:00:00,2019-03-08 15:00:00,1290.74,1296.31845,1287.95078,1296.31845,3.3918,55.8,189.21,188.81,7,take_profit,19.22284,1.85948,1.9543,-6.70251,london,2019
XAUUSD,1,2019-03-11 03:00:00,2019-03-11 13:00:00,1297.37,1295.95,1294.0815,1303.94701,2.9343,-14.2,-41.67,-42.07,10,time_exit,43.8777,2.19234,2.40995,-3.20277,,2019
XAUUSD,1,2019-03-11 15:00:00,2019-03-11 17:00:00,1294.91,1292.12684,1292.12684,1300.47631,3.4519,-27.8,-96.07,-96.47,2,stop_loss,32.30458,1.85544,0.5976,-2.67635,london,2019
XAUUSD,-1,2019-03-12 10:00:00,2019-03-12 15:00:00,1296.49,1298.91005,1298.91005,1291.64991,3.93,-24.2,-95.11,-95.51,5,stop_loss,19.50674,1.61336,1.48469,-2.4388,london,2019
XAUUSD,1,2019-03-18 13:00:00,2019-03-18 19:00:00,1305.52,1302.74439,1302.74439,1311.07123,3.3922,-27.8,-94.15,-94.55,6,stop_loss,19.38748,1.85041,2.32063,0.53672,london,2019
XAUUSD,-1,2019-03-19 01:00:00,2019-03-19 05:00:00,1303.49,1306.28674,1306.28674,1297.89652,3.3327,-28.0,-93.21,-93.61,4,stop_loss,16.32651,1.86449,0.72153,0.85918,,2019
XAUUSD,-1,2019-03-19 23:00:00,2019-03-20 10:00:00,1306.47,1303.42,1309.28312,1300.84376,3.28,30.5,100.04,99.64,10,time_exit,14.46291,1.87541,0.81183,1.6528,,2019
XAUUSD,-1,2019-03-22 03:00:00,2019-03-22 10:00:00,1308.59,1312.21819,1312.21819,1301.33361,2.5706,-36.3,-93.27,-93.67,7,stop_loss,24.75627,2.4188,-0.70026,2.13122,,2019
XAUUSD,1,2019-03-22 23:00:00,2019-03-25 10:00:00,1312.47,1317.06,1308.87193,1319.66614,2.5661,45.9,117.78,117.38,10,time_exit,16.25397,2.39871,0.56046,2.01698,,2019
XAUUSD,1,2019-03-25 15:00:00,2019-03-25 21:00:00,1317.91,1323.63263,1315.04868,1323.63263,3.2679,57.2,187.01,186.61,6,take_profit,16.62448,1.90754,2.46894,2.94391,london,2019
XAUUSD,-1,2019-03-26 06:00:00,2019-03-26 12:00:00,1320.65,1314.73959,1323.6052,1314.73959,3.2272,59.1,190.74,190.34,6,take_profit,35.86485,1.97014,2.02202,3.70385,,2019
XAUUSD,-1,2019-03-27 09:00:00,2019-03-27 12:00:00,1315.33,1318.22388,1318.22388,1309.54224,3.3614,-28.9,-97.27,-97.67,3,stop_loss,14.02776,1.92925,-0.51743,2.8099,london,2019
XAUUSD,1,2019-03-28 03:00:00,2019-03-28 13:00:00,1309.42,1305.92993,1305.92993,1316.40014,2.7592,-34.9,-96.3,-96.7,10,stop_loss,31.28491,2.32671,-2.15622,1.37061,,2019
XAUUSD,-1,2019-04-01 16:00:00,2019-04-01 21:00:00,1294.83,1287.76432,1298.36284,1287.76432,2.6984,70.7,190.66,190.26,5,take_profit,22.32143,2.35523,-0.13157,-3.71843,new_york,2019
XAUUSD,-1,2019-04-03 19:00:00,2019-04-04 06:00:00,1290.3,1292.43,1293.19414,1284.51173,3.3597,-21.3,-71.56,-71.96,10,time_exit,14.89276,1.92942,-0.58525,-3.7373,new_york,2019
XAUUSD,-1,2019-04-05 02:00:00,2019-04-05 12:00:00,1292.93,1289.89,1296.19118,1286.40765,2.9595,30.4,89.97,89.57,10,time_exit,15.5408,2.17412,0.95968,-2.65796,,2019
XAUUSD,-1,2019-04-08 04:00:00,2019-04-08 09:00:00,1293.91,1297.10464,1297.10464,1287.52071,3.0491,-31.9,-97.41,-97.81,5,stop_loss,19.85027,2.12976,1.40898,-2.06783,,2019
XAUUSD,-1,2019-04-09 04:00:00,2019-04-09 11:00:00,1299.16,1301.65459,1301.65459,1294.17081,3.8656,-24.9,-96.43,-96.83,7,stop_loss,21.91019,1.66306,2.36653,-0.38431,,2019
XAUUSD,-1,2019-04-09 20:00:00,2019-04-10 07:00:00,1304.29,1302.51,1307.35995,1298.1501,3.1096,17.8,55.35,54.95,10,time_exit,22.89499,2.04663,2.87993,0.81069,new_york,2019
XAUUSD,-1,2019-04-10 12:00:00,2019-04-10 17:00:00,1304.35,1306.96826,1306.96826,1299.11348,3.667,-26.2,-96.01,-96.41,5,stop_loss,19.69613,1.74551,2.04537,1.76011,london,2019
XAUUSD,-1,2019-04-10 19:00:00,2019-04-11 06:00:00,1308.26,1306.65,1311.3535,1302.07299,3.0725,16.1,49.47,49.07,10,time_exit,17.12727,2.06234,3.12025,1.76894,new_york,2019
XAUUSD,-1,2019-04-12 22:00:00,2019-04-15 09:00:00,1291.02,1287.15,1293.85843,1285.34314,3.3659,38.7,130.26,129.86,10,time_exit,30.74215,1.89229,-2.76789,-0.87857,,2019
XAUUSD,1,2019-04-15 11:00:00,2019-04-15 15:00:00,1287.05,1284.52599,1284.52599,1292.09802,3.8367,-25.2,-96.84,-97.24,4,stop_loss,33.07016,1.68267,-3.82286,-2.04835,london,2019
XAUUSD,-1,2019-04-15 16:00:00,2019-04-15 18:00:00,1285.15,1288.09234,1288.09234,1279.26532,3.2581,-29.4,-95.86,-96.26,2,stop_loss,36.49334,1.96156,-3.54939,-2.18247,new_york,2019
XAUUSD,1,2019-04-16 03:00:00,2019-04-16 04:00:00,1288.34,1285.91548,1285.91548,1293.18904,3.9143,-24.2,-94.9,-95.3,1,stop_loss,21.54549,1.61635,-1.41325,-3.00088,,2019
XAUUSD,1,2019-04-17 23:00:00,2019-04-18 09:00:00,1274.19,1271.55543,1271.55543,1279.45914,3.566,-26.3,-93.95,-94.35,9,stop_loss,26.25714,1.75638,-3.07804,-5.66313,,2019
XAUUSD,1,2019-04-18 11:00:00,2019-04-18 15:00:00,1275.29,1272.83087,1272.83087,1280.20825,3.7821,-24.6,-93.01,-93.41,4,stop_loss,31.26811,1.63942,-1.24142,-6.41711,london,2019
XAUUSD,1,2019-04-22 22:00:00,2019-04-23 09:00:00,1275.29,1272.73773,1272.73773,1280.39454,3.6075,-25.5,-92.07,-92.47,10,stop_loss,19.39219,1.70151,-0.83917,-4.59707,,2019
XAUUSD,-1,2019-04-24 19:00:00,2019-04-25 06:00:00,1277.3,1276.43,1280.69505,1270.50989,2.6847,8.7,23.36,22.96,10,time_exit,22.31987,2.26337,1.85258,-3.18686,new_york,2019
XAUUSD,1,2019-04-25 18:00:00,2019-04-25 19:00:00,1279.71,1276.4413,1276.4413,1286.2474,2.7955,-32.7,-91.38,-91.78,1,stop_loss,21.96164,2.17913,2.03571,-1.97421,new_york,2019
XAUUSD,-1,2019-04-29 09:00:00,2019-04-29 14:00:00,1284.81,1280.08125,1287.17437,1280.08125,3.8259,47.3,180.92,180.52,5,take_profit,11.16873,1.57625,1.92492,0.76472,london,2019
XAUUSD,-1,2019-05-01 02:00:00,2019-05-01 12:00:00,1282.72,1282.55,1285.2925,1277.57499,3.5866,1.7,6.1,5.7,10,time_exit,12.63575,1.715,0.1747,0.76176,,2019
XAUUSD,-1,2019-05-02 20:00:00,2019-05-03 07:00:00,1270.37,1271.85,1273.93204,1263.24592,2.5918,-14.8,-38.36,-38.76,10,time_exit,42.28272,2.37469,-2.56386,-1.30184,new_york,2019
XAUUSD,1,2019-05-03 13:00:00,2019-05-03 15:00:00,1270.27,1275.05839,1267.8758,1275.05839,3.8399,47.9,183.87,183.47,2,take_profit,32.25014,1.59613,-2.29549,-2.7383,london,2019
XAUUSD,-1,2019-05-03 22:00:00,2019-05-06 01:00:00,1279.23,1282.5591,1282.5591,1272.5718,2.8166,-33.3,-93.77,-94.17,2,stop_loss,37.4735,2.2194,1.87785,-1.42674,,2019
XAUUSD,-1,2019-05-07 21:00:00,2019-05-08 08:00:00,1284.79,1287.15,1287.45723,1279.45554,3.4803,-23.6,-82.14,-82.54,10,time_exit,18.19002,1.77815,2.18382,0.75619,new_york,2019
XAUUSD,1,2019-05-09 11:00:00,2019-05-09 14:00:00,1284.86,1282.27195,1282.27195,1290.0361,3.5549,-25.9,-92.0,-92.4,3,stop_loss,16.80914,1.72537,1.13018,1.16825,london,2019
XAUUSD,-1,2019-05-10 08:00:00,2019-05-10 18:00:00,1286.66,1288.64,1289.44349,1281.09302,3.2721,-19.8,-64.79,-65.19,10,time_exit,14.29239,1.85566,1.52239,1.21247,london,2019
XAUUSD,-1,2019-05-10 22:00:00,2019-05-13 09:00:00,1285.99,1282.55,1289.19721,1279.57559,2.8194,34.4,96.99,96.59,10,time_exit,17.45464,2.13814,0.4613,1.29757,,2019
XAUUSD,1,2019-05-14 02:00:00,2019-05-14 10:00:00,1300.46,1297.16061,1297.16061,1307.05879,2.7699,-33.0,-91.39,-91.79,8,stop_loss,41.69455,2.1996,5.04464,2.39331,,2019
XAUUSD,-1,2019-05-14 11:00:00,2019-05-14 21:00:00,1298.43,1295.89,1301.33473,1292.62055,3.1147,25.4,79.11,78.71,10,time_exit,44.84334,1.93648,3.14434,3.58478,london,2019
XAUUSD,1,2019-05-15 04:00:00,2019-05-15 07:00:00,1297.43,1294.96019,1294.96019,1302.36962,3.695,-24.7,-91.26,-91.66,3,stop_loss,20.94723,1.64654,1.76962,4.49123,,2019
XAUUSD,1,2019-05-15 10:00:00,2019-05-15 11:00:00,1293.66,1298.39542,1291.29229,1298.39542,3.8157,47.4,180.69,180.29,1,take_profit,19.29005,1.57847,-0.66985,4.50297,london,2019
XAUUSD,1,2019-05-16 15:00:00,2019-05-16 16:00:00,1293.86,1291.35696,1291.35696,1298.86608,3.6814,-25.0,-92.15,-92.55,1,stop_loss,9.70161,1.66869,-1.23906,3.64869,london,2019
XAUUSD,-1,2019-05-20 10:00:00,2019-05-20 15:00:00,1275.82,1278.45392,1278.45392,1270.55216,3.4633,-26.3,-91.22,-91.62,5,stop_loss,40.10281,1.75595,-4.44423,-2.06867,london,2019
XAUUSD,-1,2019-05-21 07:00:00,2019-05-21 15:00:00,1275.44,1271.33491,1277.49255,1271.33491,4.3997,41.1,180.61,180.21,8,take_profit,18.60746,1.36836,-3.20334,-4.03239,london,2019
XAUUSD,-1,2019-05-22 15:00:00,2019-05-23 01:00:00,1276.0,1271.79228,1278.10386,1271.79228,4.378,42.1,184.21,183.81,9,take_profit,25.62394,1.40257,0.13473,-4.69419,london,2019
XAUUSD,1,2019-05-24 09:00:00,2019-05-24 13:00:00,1283.26,1280.95465,1280.95465,1287.8707,4.0751,-23.1,-93.95,-94.35,4,stop_loss,35.75758,1.5369,2.42012,-1.14144,london,2019
XAUUSD,1,2019-05-24 13:00:00,2019-05-24 23:00:00,1281.66,1284.82,1279.26126,1286.45748,3.8771,31.6,122.52,122.12,10,time_exit,33.09501,1.59916,1.0481,-0.85076,london,2019
XAUUSD,-1,2019-05-27 01:00:00,2019-05-27 04:00:00,1284.77,1286.98761,1286.98761,1280.33478,4.2489,-22.2,-94.22,-94.62,3,stop_loss,26.55518,1.47841,2.35214,-0.17249,,2019
XAUUSD,-1,2019-05-27 05:00:00,2019-05-27 15:00:00,1287.28,1285.62,1289.52901,1282.78199,4.1475,16.6,68.85,68.45,10,time_exit,27.80619,1.49934,3.55481,0.13506,,2019
XAUUSD,1,2019-05-28 03:00:00,2019-05-28 04:00:00,1285.83,1284.42965,1284.42965,1288.63069,6.7099,-14.0,-93.96,-94.36,1,stop_loss,20.7948,0.93356,2.0548,1.58046,,2019
XAUUSD,1,2019-05-31 02:00:00,2019-05-31 09:00:00,1288.24,1293.89958,1285.41021,1293.89958,3.2871,56.6,186.04,185.64,7,take_profit,39.48283,1.88653,3.14883,0.14129,,2019
XAUUSD,-1,2019-05-31 22:00:00,2019-06-03 04:00:00,1306.33,1310.49063,1310.49063,1298.00874,2.2803,-41.6,-94.87,-95.27,5,stop_loss,66.86643,2.77375,5.58881,2.19203,,2019
XAUUSD,1,2019-06-03 09:00:00,2019-06-03 14:00:00,1311.23,1318.10504,1307.79248,1318.10504,2.7322,68.8,187.84,187.44,5,take_profit,75.6911,2.29168,6.13089,4.37681,london,2019
XAUUSD,-1,2019-06-04 18:00:00,2019-06-04 21:00:00,1321.1,1326.141,1326.141,1311.01801,1.9003,-50.4,-95.79,-96.19,3,stop_loss,42.38764,3.36066,1.57599,5.67354,new_york,2019
XAUUSD,-1,2019-06-05 13:00:00,2019-06-05 15:00:00,1337.92,1342.15036,1342.15036,1329.45929,2.2417,-42.3,-94.83,-95.23,2,stop_loss,43.58326,2.82024,5.56641,7.22027,london,2019
XAUUSD,1,2019-06-06 20:00:00,2019-06-06 21:00:00,1339.2,1334.81614,1334.81614,1347.96773,2.1415,-43.8,-93.88,-94.28,1,stop_loss,22.97783,2.92258,2.96537,6.98652,new_york,2019
XAUUSD,1,2019-06-07 21:00:00,2019-06-10 01:00:00,1341.79,1336.3763,1336.3763,1352.61741,1.7167,-54.1,-92.94,-93.34,3,stop_loss,25.76332,3.60914,2.05162,5.1831,new_york,2019
XAUUSD,-1,2019-06-10 02:00:00,2019-06-10 12:00:00,1334.71,1328.23,1339.97063,1324.18873,1.7489,64.8,113.33,112.93,10,time_exit,24.96377,3.50709,-0.10613,5.27001,,2019
XAUUSD,-1,2019-06-10 14:00:00,2019-06-11 01:00:00,1328.22,1328.44,1332.33698,1319.98605,2.2622,-2.2,-4.98,-5.38,10,time_exit,24.93562,2.74465,-1.6606,5.37258,london,2019
XAUUSD,-1,2019-06-11 16:00:00,2019-06-11 19:00:00,1323.85,1327.27084,1327.27084,1317.00831,2.721,-34.2,-93.08,-93.48,3,stop_loss,26.69162,2.28056,-2.09349,3.81324,new_york,2019
XAUUSD,-1,2019-06-12 05:00:00,2019-06-12 06:00:00,1328.87,1331.69445,1331.69445,1323.2211,3.2624,-28.2,-92.14,-92.54,1,stop_loss,14.36632,1.88297,0.4374,3.88077,,2019
XAUUSD,1,2019-06-12 23:00:00,2019-06-13 10:00:00,1332.99,1336.99,1329.55616,1339.85768,2.6565,40.0,106.26,105.86,10,time_exit,20.97113,2.28923,0.78579,3.59164,,2019
XAUUSD,1,2019-06-14 20:00:00,2019-06-14 21:00:00,1347.14,1342.13005,1342.13005,1357.15991,1.8419,-50.1,-92.28,-92.68,1,stop_loss,33.50099,3.33997,1.30882,3.82627,new_york,2019
XAUUSD,-1,2019-06-17 03:00:00,2019-06-17 06:00:00,1338.66,1343.43334,1343.43334,1329.11331,1.9138,-47.7,-91.35,-91.75,3,stop_loss,31.27996,3.18223,-1.14793,3.67306,,2019
XAUUSD,-1,2019-06-17 15:00:00,2019-06-17 16:00:00,1335.89,1340.26981,1340.26981,1327.13037,2.0648,-43.8,-90.43,-90.83,1,stop_loss,29.61992,2.91988,-1.58691,3.10912,london,2019
XAUUSD,1,2019-06-18 10:00:00,2019-06-18 15:00:00,1346.27,1353.42519,1342.69241,1353.42519,2.5024,71.6,179.05,178.65,5,take_profit,15.31883,2.38506,2.29103,3.28244,london,2019
XAUUSD,-1,2019-06-19 19:00:00,2019-06-19 21:00:00,1345.02,1348.84355,1348.84355,1337.37289,2.3882,-38.2,-91.31,-91.71,2,stop_loss,10.26258,2.54904,0.52805,2.89904,new_york,2019
XAUUSD,1,2019-06-19 23:00:00,2019-06-20 03:00:00,1355.23,1364.86954,1350.41023,1364.86954,1.8755,96.4,180.79,180.39,3,take_profit,17.55856,3.21318,3.31172,2.42047,,2019
XAUUSD,-1,2019-06-21 13:00:00,2019-06-21 14:00:00,1388.91,1397.53013,1397.53013,1371.66974,1.0696,-86.2,-92.2,-92.6,1,stop_loss,53.6461,5.74675,1.88398,4.59154,london,2019
XAUUSD,-1,2019-06-24 17:00:00,2019-06-24 18:00:00,1406.59,1413.23029,1413.23029,1393.30942,1.3745,-66.4,-91.27,-91.67,1,stop_loss,31.87679,4.42686,2.68843,6.98389,new_york,2019
XAUUSD,-1,2019-06-24 20:00:00,2019-06-25 01:00:00,1415.06,1422.03496,1422.03496,1401.11009,1.2955,-69.7,-90.36,-90.76,4,stop_loss,34.02825,4.64997,3.96442,6.77627,new_york,2019
XAUUSD,-1,2019-06-25 14:00:00,2019-06-25 20:00:00,1430.12,1413.77867,1438.29067,1413.77867,1.0948,163.4,178.9,178.5,6,take_profit,42.63978,5.44711,3.39802,6.78114,london,2019
XAUUSD,-1,2019-06-25 22:00:00,2019-06-26 05:00:00,1424.42,1405.12683,1434.06659,1405.12683,0.9458,192.9,182.47,182.07,6,take_profit,32.0121,6.43106,1.33154,5.77563,,2019
XAUUSD,-1,2019-06-27 23:00:00,2019-06-28 03:00:00,1408.19,1413.74391,1413.74391,1397.08217,1.6755,-55.5,-93.06,-93.46,3,stop_loss,29.82788,3.70261,-0.11062,5.08433,,2019
XAUUSD,1,2019-06-28 08:00:00,2019-06-28 09:00:00,1419.27,1413.33337,1413.33337,1431.14325,1.5517,-59.4,-92.12,-92.52,1,stop_loss,28.64674,3.95775,2.1753,4.76757,london,2019
XAUUSD,1,2019-07-03 16:00:00,2019-07-04 03:00:00,1417.98,1417.28,1409.76543,1434.40913,1.1102,-7.0,-7.77,-8.17,10,time_exit,45.61966,5.47638,1.42541,2.11024,new_york,2019
XAUUSD,-1,2019-07-05 01:00:00,2019-07-05 02:00:00,1415.41,1420.0074,1420.0074,1406.21521,1.9819,-46.0,-91.12,-91.52,1,stop_loss,14.28605,3.06493,0.38523,3.66784,,2019
XAUUSD,1,2019-07-08 02:00:00,2019-07-08 12:00:00,1395.64,1405.24,1387.89248,1411.13504,1.1642,96.0,111.76,111.36,10,time_exit,38.45864,5.16501,-2.62937,1.01352,,2019
XAUUSD,-1,2019-07-08 12:00:00,2019-07-08 22:00:00,1405.94,1393.64915,1412.08542,1393.64915,1.4859,122.9,182.63,182.23,10,take_profit,29.68152,4.09695,-0.18503,0.7235,london,2019
XAUUSD,-1,2019-07-09 15:00:00,2019-07-09 18:00:00,1391.73,1396.9915,1396.9915,1381.207,1.7701,-52.6,-93.13,-93.53,3,stop_loss,38.38072,3.50767,-2.02079,-0.85593,london,2019
XAUUSD,-1,2019-07-10 03:00:00,2019-07-10 13:00:00,1395.33,1395.26,1399.87895,1386.2321,2.0268,0.7,1.42,1.02,10,time_exit,22.47517,3.03263,-0.81717,-1.11923,,2019
XAUUSD,-1,2019-07-11 19:00:00,2019-07-12 06:00:00,1412.07,1407.85,1418.22522,1399.75956,1.4981,42.2,63.22,62.82,10,time_exit,34.35228,4.10348,0.34655,1.50285,new_york,2019
XAUUSD,-1,2019-07-19 22:00:00,2019-07-22 09:00:00,1423.24,1426.71,1431.38143,1406.95713,1.1403,-34.7,-39.57,-39.97,10,time_exit,28.62575,5.42762,-1.11216,2.28148,,2019
XAUUSD,1,2019-07-22 12:00:00,2019-07-22 22:00:00,1425.77,1425.18,1420.06464,1437.18073,1.6202,-5.9,-9.56,-9.96,10,time_exit,20.76125,3.80358,-0.60527,2.65292,london,2019
XAUUSD,-1,2019-07-22 22:00:00,2019-07-23 04:00:00,1428.2,1418.53419,1433.0329,1418.53419,1.9106,96.7,184.67,184.27,5,take_profit,13.38471,3.22194,0.15908,2.75067,,2019
XAUUSD,1,2019-07-24 16:00:00,2019-07-24 20:00:00,1424.94,1420.67499,1420.67499,1433.47003,2.2082,-42.7,-94.18,-94.58,4,stop_loss,21.19264,2.84334,0.73226,1.1363,new_york,2019
XAUUSD,-1,2019-07-25 02:00:00,2019-07-25 12:00:00,1426.15,1426.26,1430.46756,1417.51488,2.1594,-1.1,-2.38,-2.78,10,time_exit,23.80702,2.87837,1.00347,1.12942,,2019
XAUUSD,1,2019-07-26 10:00:00,2019-07-26 15:00:00,1418.6,1413.94098,1413.94098,1427.91804,2.0006,-46.6,-93.21,-93.61,5,stop_loss,15.0806,3.10601,-0.48414,0.0533,london,2019
XAUUSD,-1,2019-07-29 12:00:00,2019-07-29 21:00:00,1418.75,1422.4031,1422.4031,1411.4438,2.5258,-36.5,-92.27,-92.67,9,stop_loss,9.48715,2.4354,-0.45244,-0.02118,london,2019
XAUUSD,1,2019-07-31 06:00:00,2019-07-31 16:00:00,1428.35,1428.26,1425.20253,1434.64493,2.9022,-0.9,-2.61,-3.01,10,time_exit,25.89625,2.09831,1.26791,1.80355,,2019
XAUUSD,1,2019-08-02 03:00:00,2019-08-02 13:00:00,1438.15,1436.77,1428.72026,1457.00947,0.9684,-13.8,-13.36,-13.76,10,time_exit,44.81913,6.28649,2.55106,0.08734,,2019
XAUUSD,-1,2019-08-08 01:00:00,2019-08-08 11:00:00,1500.25,1496.73,1510.57879,1479.59243,0.8827,35.2,31.07,30.67,10,time_exit,43.26985,6.88586,3.08109,4.43125,,2019
XAUUSD,-1,2019-08-08 11:00:00,2019-08-08 21:00:00,1497.48,1506.80867,1506.80867,1478.82266,0.9807,-93.3,-91.49,-91.89,10,stop_loss,25.12392,6.21911,1.74066,5.16485,london,2019
XAUUSD,-1,2019-08-09 03:00:00,2019-08-09 13:00:00,1504.27,1503.24,1513.21476,1486.38048,1.0125,10.3,10.43,10.03,10,time_exit,20.95954,5.96317,1.99854,5.30377,,2019
XAUUSD,1,2019-08-12 02:00:00,2019-08-12 10:00:00,1496.48,1489.707,1489.707,1510.026,1.3386,-67.7,-90.66,-91.06,8,stop_loss,14.78369,4.51533,-0.22584,6.35748,,2019
XAUUSD,-1,2019-08-13 02:00:00,2019-08-13 08:00:00,1512.04,1518.95888,1518.95888,1498.20225,1.2972,-69.2,-89.75,-90.15,6,stop_loss,19.12302,4.61258,2.31895,5.54081,,2019
XAUUSD,-1,2019-08-14 08:00:00,2019-08-14 13:00:00,1497.92,1507.49302,1507.49302,1478.77397,0.9282,-95.7,-88.86,-89.26,5,stop_loss,39.45008,6.38201,-1.19409,3.3379,london,2019
XAUUSD,-1,2019-08-14 15:00:00,2019-08-15 02:00:00,1515.77,1517.01,1524.9538,1497.4024,0.9578,-12.4,-11.88,-12.28,10,time_exit,35.45337,6.12253,1.73818,3.19897,london,2019
XAUUSD,-1,2019-08-15 09:00:00,2019-08-15 19:00:00,1518.12,1520.44,1525.96187,1502.43626,1.1201,-23.2,-25.99,-26.39,10,time_exit,15.61991,5.22791,1.28459,3.9886,london,2019
XAUUSD,-1,2019-08-19 05:00:00,2019-08-19 14:00:00,1509.03,1495.30556,1515.89222,1495.30556,1.2762,137.2,175.15,174.75,9,take_profit,25.05233,4.57481,-1.07455,3.2303,,2019
XAUUSD,-1,2019-08-20 07:00:00,2019-08-20 11:00:00,1495.23,1500.63967,1500.63967,1484.41066,1.6511,-54.1,-89.32,-89.72,4,stop_loss,41.54802,3.60645,-2.58314,1.44452,london,2019
XAUUSD,1,2019-08-21 07:00:00,2019-08-21 10:00:00,1502.92,1498.88042,1498.88042,1510.99915,2.1889,-40.4,-88.42,-88.82,3,stop_loss,23.76358,2.69305,-0.51028,1.50837,london,2019
XAUUSD,-1,2019-08-21 19:00:00,2019-08-21 21:00:00,1502.83,1507.19985,1507.19985,1494.09029,2.0032,-43.7,-87.54,-87.94,2,stop_loss,19.00165,2.91324,-0.09842,0.95241,new_york,2019
XAUUSD,-1,2019-08-23 18:00:00,2019-08-23 19:00:00,1519.26,1525.39783,1525.39783,1506.98434,1.4118,-61.4,-86.65,-87.05,1,stop_loss,27.33183,4.09189,4.70813,-0.0181,new_york,2019
XAUUSD,-1,2019-08-29 17:00:00,2019-08-29 19:00:00,1539.55,1525.73704,1546.45648,1525.73704,1.2421,138.1,171.57,171.17,2,take_profit,13.46979,4.60432,0.25718,3.47542,new_york,2019
XAUUSD,1,2019-08-29 22:00:00,2019-08-30 09:00:00,1521.52,1528.65,1513.66453,1537.23094,1.1138,71.3,79.41,79.01,10,time_exit,16.38728,5.23698,-2.92299,2.70052,,2019
XAUUSD,-1,2019-08-30 17:00:00,2019-09-02 04:00:00,1527.96,1524.55,1534.6438,1514.59241,1.3209,34.1,45.04,44.64,10,time_exit,17.41943,4.45586,-0.79468,1.83472,new_york,2019
XAUUSD,1,2019-09-04 21:00:00,2019-09-05 03:00:00,1555.55,1548.95288,1548.95288,1568.74423,1.345,-66.0,-88.73,-89.13,5,stop_loss,22.8531,4.39808,3.87902,2.15386,new_york,2019
XAUUSD,-1,2019-09-05 06:00:00,2019-09-05 10:00:00,1544.05,1550.17495,1550.17495,1531.80009,1.4342,-61.2,-87.84,-88.24,4,stop_loss,23.32289,4.0833,0.60304,2.67505,,2019
XAUUSD,-1,2019-09-06 06:00:00,2019-09-06 16:00:00,1514.88,1521.8876,1521.8876,1500.86481,1.2409,-70.1,-86.96,-87.36,10,stop_loss,45.46336,4.67173,-3.71507,0.44087,,2019
XAUUSD,-1,2019-09-11 02:00:00,2019-09-11 08:00:00,1487.54,1494.18909,1494.18909,1474.24183,1.2947,-66.5,-86.09,-86.49,6,stop_loss,27.95127,4.43272,-2.77536,-3.7477,,2019
XAUUSD,1,2019-09-11 10:00:00,2019-09-11 16:00:00,1492.94,1487.46627,1487.46627,1503.88746,1.5569,-54.7,-85.22,-85.62,6,stop_loss,21.06458,3.64915,-1.23833,-4.6638,london,2019
XAUUSD,-1,2019-09-12 07:00:00,2019-09-12 09:00:00,1493.57,1498.70823,1498.70823,1483.29355,1.6419,-51.4,-84.36,-84.76,2,stop_loss,12.31564,3.42548,-0.54804,-4.46347,london,2019
XAUUSD,-1,2019-09-12 10:00:00,2019-09-12 14:00:00,1501.13,1506.56923,1506.56923,1490.25155,1.5355,-54.4,-83.52,-83.92,4,stop_loss,12.82363,3.62615,1.48683,-4.02192,london,2019
XAUUSD,1,2019-09-13 08:00:00,2019-09-13 18:00:00,1497.84,1491.58563,1491.58563,1510.34873,1.3219,-62.5,-82.68,-83.08,10,stop_loss,17.62,4.16958,-0.25955,-2.35739,london,2019
XAUUSD,1,2019-09-17 10:00:00,2019-09-17 15:00:00,1494.38,1504.89697,1489.12151,1504.89697,1.5565,105.2,163.7,163.3,5,take_profit,13.96745,3.50566,-1.54383,-1.63542,london,2019
XAUUSD,1,2019-09-17 15:00:00,2019-09-18 02:00:00,1501.06,1500.85,1495.99179,1511.19643,1.6472,-2.1,-3.46,-3.86,10,time_exit,13.85945,3.37881,0.43687,-1.65195,london,2019
XAUUSD,-1,2019-09-19 05:00:00,2019-09-19 14:00:00,1493.05,1499.52254,1499.52254,1480.10492,1.2892,-64.7,-83.44,-83.84,9,stop_loss,28.84235,4.31503,-1.57923,-0.92667,,2019
XAUUSD,-1,2019-09-23 05:00:00,2019-09-23 15:00:00,1518.13,1518.84,1523.50141,1507.38719,1.5379,-7.1,-10.92,-11.32,10,time_exit,23.57893,3.58094,3.72927,0.28876,,2019
XAUUSD,-1,2019-09-25 03:00:00,2019-09-25 13:00:00,1531.75,1529.06,1537.50867,1520.23267,1.4325,26.9,38.53,38.13,10,time_exit,15.96797,3.83911,2.74275,2.74608,,2019
XAUUSD,1,2019-09-25 19:00:00,2019-09-25 21:00:00,1508.41,1501.42997,1501.42997,1522.37007,1.1873,-69.8,-82.87,-83.27,2,stop_loss,16.4358,4.65336,-3.33351,2.31598,new_york,2019
XAUUSD,1,2019-09-30 01:00:00,2019-09-30 09:00:00,1494.81,1488.32286,1488.32286,1507.78429,1.2647,-64.9,-82.04,-82.44,8,stop_loss,37.61797,4.32476,-1.70679,-1.13162,,2019
XAUUSD,-1,2019-10-01 17:00:00,2019-10-01 18:00:00,1464.3,1471.12654,1471.12654,1450.64691,1.1897,-68.3,-81.22,-81.62,1,stop_loss,49.82214,4.55103,-3.34173,-4.18621,new_york,2019
XAUUSD,-1,2019-10-02 13:00:00,2019-10-02 15:00:00,1483.72,1489.88678,1489.88678,1471.38645,1.3037,-61.7,-80.4,-80.8,2,stop_loss,22.20528,4.11118,0.9345,-3.78518,london,2019
XAUUSD,1,2019-10-03 06:00:00,2019-10-03 16:00:00,1500.97,1501.15,1495.30058,1512.30884,1.4039,1.8,2.53,2.13,10,time_exit,41.22218,3.77961,3.3138,-1.92114,,2019
XAUUSD,-1,2019-10-04 21:00:00,2019-10-07 01:00:00,1504.61,1512.03664,1512.03664,1489.75673,1.072,-74.3,-79.61,-80.01,3,stop_loss,33.72569,4.95109,0.53952,0.64904,new_york,2019
XAUUSD,-1,2019-10-07 06:00:00,2019-10-07 16:00:00,1507.84,1501.8,1514.01761,1495.48478,1.2758,60.4,77.06,76.66,10,time_exit,25.30154,4.11841,1.09243,0.96272,,2019
XAUUSD,-1,2019-10-08 08:00:00,2019-10-08 10:00:00,1491.16,1496.25433,1496.25433,1480.97134,1.5621,-50.9,-79.58,-79.98,2,stop_loss,35.03518,3.39622,-2.26084,-0.02578,london,2019
XAUUSD,1,2019-10-09 04:00:00,2019-10-09 14:00:00,1505.45,1501.92,1499.76475,1516.8205,1.3857,-35.3,-48.92,-49.32,10,time_exit,29.23568,3.79017,1.17671,0.39468,,2019
XAUUSD,1,2019-10-10 11:00:00,2019-10-10 15:00:00,1508.86,1502.76553,1502.76553,1521.04894,1.2845,-60.9,-78.28,-78.68,4,stop_loss,19.26993,4.06298,0.80656,1.00436,london,2019
XAUUSD,1,2019-10-10 18:00:00,2019-10-11 05:00:00,1493.44,1496.58,1486.19655,1507.92689,1.0699,31.4,33.59,33.19,10,time_exit,18.82473,4.82896,-2.37568,0.68274,new_york,2019
XAUUSD,-1,2019-10-14 13:00:00,2019-10-14 23:00:00,1494.34,1493.07,1500.27036,1482.47928,1.3124,12.7,16.67,16.27,10,time_exit,28.10591,3.95357,0.54988,-1.40519,london,2019
XAUUSD,-1,2019-10-15 05:00:00,2019-10-15 15:00:00,1495.0,1491.06,1499.33989,1486.32022,1.7971,39.4,70.81,70.41,10,time_exit,13.47648,2.89326,0.9041,-1.60047,,2019
XAUUSD,-1,2019-10-15 19:00:00,2019-10-16 06:00:00,1481.43,1483.39,1487.1705,1469.94899,1.3709,-19.6,-26.87,-27.27,10,time_exit,17.22675,3.827,-2.67041,-1.21445,new_york,2019
XAUUSD,1,2019-10-16 07:00:00,2019-10-16 09:00:00,1483.38,1479.29549,1479.29549,1491.54902,1.9201,-40.8,-78.43,-78.83,2,stop_loss,26.17151,2.72301,-1.76065,-2.40502,london,2019
XAUUSD,1,2019-10-17 02:00:00,2019-10-17 12:00:00,1490.69,1485.66324,1485.66324,1500.74351,1.5445,-50.3,-77.64,-78.04,10,stop_loss,19.46317,3.35117,0.97342,-1.76458,,2019
XAUUSD,-1,2019-10-18 05:00:00,2019-10-18 15:00:00,1491.91,1490.73,1496.12831,1483.47337,1.822,11.8,21.5,21.1,10,time_exit,19.92937,2.81221,0.72412,-1.0249,,2019
XAUUSD,-1,2019-10-18 21:00:00,2019-10-21 08:00:00,1490.78,1492.26,1495.06689,1482.20621,1.7977,-14.8,-26.61,-27.01,10,time_exit,15.71436,2.85793,0.24435,-0.81677,new_york,2019
XAUUSD,1,2019-10-21 13:00:00,2019-10-21 18:00:00,1491.68,1488.13162,1488.13162,1498.77675,2.1643,-35.5,-76.8,-77.2,5,stop_loss,11.40315,2.36558,0.57011,-0.77714,london,2019
XAUUSD,1,2019-10-22 08:00:00,2019-10-22 18:00:00,1484.64,1484.26,1481.22231,1491.47537,2.2245,-3.8,-8.45,-8.85,10,time_exit,22.201,2.27846,-1.43359,-1.42182,london,2019
XAUUSD,-1,2019-10-24 12:00:00,2019-10-24 15:00:00,1489.94,1493.08217,1493.08217,1483.65565,2.4167,-31.4,-75.94,-76.34,3,stop_loss,18.46462,2.09478,-0.35937,-0.06458,london,2019
XAUUSD,-1,2019-10-24 17:00:00,2019-10-24 21:00:00,1498.96,1503.00695,1503.00695,1490.86609,1.8575,-40.5,-75.17,-75.57,4,stop_loss,21.68845,2.69797,2.95297,0.04426,new_york,2019
XAUUSD,1,2019-10-24 23:00:00,2019-10-25 10:00:00,1502.02,1506.86,1497.8571,1510.34581,1.7876,48.4,86.52,86.12,10,time_exit,31.80153,2.77527,3.15636,0.64549,,2019
XAUUSD,1,2019-10-25 17:00:00,2019-10-25 18:00:00,1514.4,1510.12418,1510.12418,1522.95163,1.7606,-42.8,-75.28,-75.68,1,stop_loss,45.65237,2.85054,5.20467,2.0476,new_york,2019
XAUUSD,-1,2019-10-29 03:00:00,2019-10-29 13:00:00,1491.76,1486.93,1495.87677,1483.52647,1.8102,48.3,87.43,87.03,10,time_exit,31.7016,2.74451,-2.6898,1.3085,,2019
XAUUSD,1,2019-10-29 17:00:00,2019-10-30 04:00:00,1485.89,1489.03,1481.20172,1495.26656,1.6081,31.4,50.49,50.09,10,time_exit,37.51616,3.12552,-3.10495,0.19899,new_york,2019
XAUUSD,1,2019-10-30 04:00:00,2019-10-30 14:00:00,1489.14,1493.58,1485.06106,1497.29788,1.8606,44.4,82.61,82.21,10,time_exit,28.54634,2.71929,-1.50174,-0.40899,,2019
XAUUSD,-1,2019-11-01 21:00:00,2019-11-04 01:00:00,1509.2,1514.1607,1514.1607,1499.27861,1.5465,-49.6,-76.72,-77.12,3,stop_loss,20.98363,3.30713,0.94641,2.22835,new_york,2019
XAUUSD,-1,2019-11-04 01:00:00,2019-11-04 11:00:00,1514.17,1510.8,1519.12521,1504.25958,1.5326,33.7,51.65,51.25,10,time_exit,19.28351,3.30347,2.14647,2.31053,,2019
XAUUSD,-1,2019-11-04 20:00:00,2019-11-05 07:00:00,1509.71,1506.67,1514.1811,1500.76779,1.71,30.4,51.98,51.58,10,time_exit,13.39831,2.98074,0.22489,2.62944,new_york,2019
XAUUSD,1,2019-11-05 16:00:00,2019-11-05 17:00:00,1491.66,1486.76877,1486.76877,1501.44247,1.5737,-48.9,-76.97,-77.37,1,stop_loss,27.83303,3.26082,-4.58794,1.46047,new_york,2019
XAUUSD,1,2019-11-05 21:00:00,2019-11-06 08:00:00,1482.1,1485.88,1476.22342,1493.85315,1.2967,37.8,49.02,48.62,10,time_exit,42.89078,3.91772,-5.27154,0.4326,new_york,2019
XAUUSD,-1,2019-11-07 02:00:00,2019-11-07 12:00:00,1490.31,1481.96045,1494.48478,1481.96045,1.8369,83.5,153.37,152.97,10,take_profit,29.81601,2.78318,-0.96792,-1.74074,,2019
XAUUSD,1,2019-11-11 15:00:00,2019-11-11 17:00:00,1462.56,1458.86519,1458.86519,1469.94961,2.1169,-36.9,-78.22,-78.62,2,stop_loss,20.47117,2.4632,-2.48565,-6.6786,london,2019
XAUUSD,1,2019-11-12 02:00:00,2019-11-12 08:00:00,1455.65,1451.42317,1451.42317,1464.10365,1.8318,-42.3,-77.43,-77.83,6,stop_loss,35.50199,2.81788,-3.13696,-6.34769,,2019
XAUUSD,1,2019-11-12 09:00:00,2019-11-12 17:00:00,1451.19,1447.15637,1447.15637,1459.25725,1.9003,-40.3,-76.65,-77.05,8,stop_loss,41.10432,2.68908,-4.05159,-6.84813,london,2019
XAUUSD,1,2019-11-14 10:00:00,2019-11-14 18:00:00,1466.5,1474.1432,1462.6784,1474.1432,1.9856,76.4,151.76,151.36,8,take_profit,12.94327,2.54773,1.77017,-4.32992,london,2019
XAUUSD,1,2019-11-15 07:00:00,2019-11-15 11:00:00,1466.6,1462.90598,1462.90598,1473.98805,2.0951,-36.9,-77.39,-77.79,4,stop_loss,16.32271,2.46268,0.26946,-2.60085,london,2019
XAUUSD,-1,2019-11-18 21:00:00,2019-11-19 08:00:00,1472.05,1471.85,1476.8235,1462.50299,1.605,2.0,3.21,2.81,10,time_exit,27.41813,3.18234,1.93647,-1.38668,new_york,2019
XAUUSD,1,2019-11-20 17:00:00,2019-11-20 18:00:00,1472.63,1468.53265,1468.53265,1480.8247,1.8706,-41.0,-76.64,-77.04,1,stop_loss,23.37238,2.73157,0.33198,0.24842,new_york,2019
XAUUSD,-1,2019-11-20 21:00:00,2019-11-21 03:00:00,1470.36,1475.60899,1475.60899,1459.86201,1.4455,-52.5,-75.87,-76.27,5,stop_loss,22.00221,3.49933,-0.30376,0.12982,new_york,2019
XAUUSD,-1,2019-11-22 05:00:00,2019-11-22 09:00:00,1464.71,1468.66593,1468.66593,1456.79814,1.8987,-39.6,-75.11,-75.51,4,stop_loss,30.64359,2.63729,-1.68961,-0.49244,,2019
XAUUSD,-1,2019-11-22 14:00:00,2019-11-22 17:00:00,1471.36,1463.69761,1475.1912,1463.69761,1.9408,76.6,148.71,148.31,3,take_profit,25.37807,2.55413,0.97675,-0.54856,london,2019
XAUUSD,1,2019-11-25 08:00:00,2019-11-25 15:00:00,1458.48,1455.19363,1455.19363,1465.05274,2.3077,-32.9,-75.84,-76.24,7,stop_loss,34.92672,2.19091,-3.31964,-1.5312,london,2019
XAUUSD,-1,2019-11-25 21:00:00,2019-11-26 08:00:00,1456.19,1457.2,1459.93232,1448.70536,2.0061,-10.1,-20.26,-20.66,10,time_exit,44.26733,2.49488,-2.54097,-2.08847,new_york,2019
XAUUSD,1,2019-11-27 15:00:00,2019-11-27 16:00:00,1457.94,1455.00895,1455.00895,1463.8021,2.5544,-29.3,-74.87,-75.27,1,stop_loss,12.60118,1.95403,-0.71747,-2.65764,london,2019
XAUUSD,-1,2019-11-28 11:00:00,2019-11-29 02:00:00,1457.2,1455.88,1459.82234,1451.95532,2.8264,13.2,37.31,36.91,10,time_exit,12.70556,1.74823,-0.21296,-3.12789,london,2019
XAUUSD,1,2019-12-04 04:00:00,2019-12-04 11:00:00,1477.97,1474.16969,1474.16969,1485.57062,1.96,-38.0,-74.49,-74.89,7,stop_loss,49.23923,2.53354,3.99879,1.67717,,2019
XAUUSD,-1,2019-12-04 23:00:00,2019-12-05 10:00:00,1475.0,1474.67,1479.13147,1466.73706,1.7848,3.3,5.89,5.49,10,time_exit,24.76445,2.75431,0.9012,2.39647,,2019
XAUUSD,-1,2019-12-05 20:00:00,2019-12-06 07:00:00,1479.14,1475.18,1483.16482,1471.09036,1.8334,39.6,72.6,72.2,10,time_exit,15.9479,2.68321,1.74372,2.50969,new_york,2019
XAUUSD,-1,2019-12-06 23:00:00,2019-12-09 10:00:00,1460.81,1462.49,1465.00011,1452.42979,1.7783,-16.8,-29.88,-30.28,10,time_exit,34.36706,2.7934,-3.74492,1.01694,,2019
XAUUSD,-1,2019-12-10 12:00:00,2019-12-10 13:00:00,1464.4,1466.82512,1466.82512,1459.54975,3.0601,-24.3,-74.21,-74.61,1,stop_loss,19.87166,1.61675,0.17934,-1.43462,london,2019
XAUUSD,-1,2019-12-12 04:00:00,2019-12-12 14:00:00,1474.45,1475.09,1478.02129,1467.30741,2.0571,-6.4,-13.17,-13.57,10,time_exit,45.29081,2.38086,2.80479,0.39558,,2019
XAUUSD,-1,2019-12-13 04:00:00,2019-12-13 14:00:00,1468.66,1474.21209,1474.21209,1457.55581,1.3208,-55.5,-73.33,-73.73,10,stop_loss,27.59703,3.7014,-0.28102,0.51734,,2019
XAUUSD,-1,2019-12-13 23:00:00,2019-12-16 10:00:00,1476.55,1475.08,1482.01837,1465.61325,1.3275,14.7,19.51,19.11,10,time_exit,14.79456,3.64558,1.46868,0.72431,,2019
XAUUSD,-1,2019-12-17 04:00:00,2019-12-17 09:00:00,1475.0,1477.91565,1477.91565,1469.16871,2.4963,-29.2,-72.78,-73.18,5,stop_loss,8.09931,1.94376,0.35543,2.08463,,2019
XAUUSD,1,2019-12-17 14:00:00,2019-12-17 15:00:00,1479.19,1476.49013,1476.49013,1484.58975,2.6687,-27.0,-72.05,-72.45,1,stop_loss,10.42278,1.79992,2.07317,2.5003,london,2019
XAUUSD,-1,2019-12-19 08:00:00,2019-12-19 18:00:00,1476.24,1478.66743,1478.66743,1471.38515,2.9384,-24.3,-71.33,-71.73,10,stop_loss,15.07677,1.61828,0.06181,2.1019,london,2019
XAUUSD,1,2019-12-20 08:00:00,2019-12-20 10:00:00,1479.19,1477.00958,1477.00958,1483.55085,3.2383,-21.8,-70.61,-71.01,2,stop_loss,20.28536,1.45362,1.37425,2.37427,london,2019
XAUUSD,-1,2019-12-20 16:00:00,2019-12-23 03:00:00,1480.1,1479.69,1482.35811,1475.58379,3.0955,4.1,12.69,12.29,10,time_exit,17.0214,1.5054,1.7034,2.28617,new_york,2019
XAUUSD,-1,2019-12-23 15:00:00,2019-12-23 17:00:00,1482.13,1484.4988,1484.4988,1477.3924,2.956,-23.7,-70.02,-70.42,2,stop_loss,21.20517,1.5792,1.5909,2.6701,london,2019
XAUUSD,1,2019-12-26 05:00:00,2019-12-26 15:00:00,1503.31,1507.88,1499.89061,1510.14878,2.0272,45.7,92.64,92.24,10,time_exit,50.18097,2.27959,6.18435,4.12309,,2019
XAUUSD,1,2019-12-27 01:00:00,2019-12-27 11:00:00,1511.04,1511.91,1507.33572,1518.44856,1.8962,8.7,16.5,16.1,10,time_exit,60.3455,2.46952,4.79208,5.85035,,2019
XAUUSD,1,2019-12-31 10:00:00,2019-12-31 14:00:00,1523.87,1521.23543,1521.23543,1529.13914,2.6722,-26.3,-70.4,-70.8,4,stop_loss,39.60954,1.75638,5.51364,9.65188,london,2019
XAUUSD,-1,2020-01-02 03:00:00,2020-01-02 13:00:00,1518.69,1522.44673,1522.44673,1511.17653,1.8552,-37.6,-69.69,-70.09,10,stop_loss,30.1468,2.50449,0.6666,6.72779,,2020
XAUUSD,1,2020-01-02 13:00:00,2020-01-02 15:00:00,1521.27,1527.92143,1517.94428,1527.92143,2.0745,66.5,137.98,137.58,2,take_profit,16.07502,2.21714,1.41926,7.2316,london,2020
XAUUSD,-1,2020-01-02 16:00:00,2020-01-03 03:00:00,1528.09,1531.75217,1531.75217,1520.76565,1.9215,-36.6,-70.37,-70.77,10,stop_loss,19.10496,2.44145,3.77898,6.59184,new_york,2020
XAUUSD,1,2020-01-06 02:00:00,2020-01-06 12:00:00,1569.25,1577.63,1560.36585,1587.01829,0.7841,83.8,65.71,65.31,10,time_exit,52.27103,5.92276,5.45189,3.98806,,2020
XAUUSD,1,2020-01-07 10:00:00,2020-01-07 20:00:00,1569.75,1572.42,1562.83109,1583.58783,1.0163,26.7,27.14,26.74,10,time_exit,26.57776,4.61261,2.39781,6.6245,london,2020
XAUUSD,-1,2020-01-07 20:00:00,2020-01-08 01:00:00,1571.92,1578.415,1578.415,1558.92999,1.0867,-65.0,-70.58,-70.98,4,stop_loss,21.42439,4.33,2.33577,6.89797,new_york,2020
XAUUSD,1,2020-01-08 05:00:00,2020-01-08 14:00:00,1585.48,1574.41069,1574.41069,1607.61862,0.6312,-110.7,-69.87,-70.27,9,stop_loss,32.62333,7.37954,2.40504,4.32068,,2020
XAUUSD,-1,2020-01-13 09:00:00,2020-01-13 19:00:00,1555.22,1549.76,1559.56195,1546.53611,1.593,54.6,86.98,86.58,10,time_exit,20.77287,2.89463,-0.28589,3.12079,london,2020
XAUUSD,1,2020-01-14 21:00:00,2020-01-15 08:00:00,1545.75,1550.85,1540.67293,1555.90414,1.3794,51.0,70.35,69.95,10,time_exit,22.26877,3.38471,-0.57674,0.3086,new_york,2020
XAUUSD,-1,2020-01-16 03:00:00,2020-01-16 13:00:00,1557.07,1556.25,1561.45966,1548.29068,1.6114,8.2,13.21,12.81,10,time_exit,25.15376,2.92644,2.01449,1.07098,,2020
XAUUSD,-1,2020-01-22 04:00:00,2020-01-22 14:00:00,1554.75,1556.14,1559.7334,1544.78319,1.422,-13.9,-19.77,-20.17,10,time_exit,35.17599,3.32227,-1.03291,1.3146,,2020
XAUUSD,-1,2020-01-23 07:00:00,2020-01-23 16:00:00,1558.91,1563.09454,1563.09454,1550.54091,1.6886,-41.8,-70.66,-71.06,9,stop_loss,15.81495,2.7897,0.47098,1.11845,london,2020
XAUUSD,-1,2020-01-27 04:00:00,2020-01-27 14:00:00,1581.16,1583.84,1588.21835,1567.04329,0.991,-26.8,-26.56,-26.96,10,time_exit,34.39096,4.70557,3.51194,1.44997,,2020
XAUUSD,-1,2020-01-28 07:00:00,2020-01-28 17:00:00,1579.6,1570.16184,1584.31908,1570.16184,1.4766,94.4,139.36,138.96,10,take_profit,21.49458,3.14605,1.35331,3.8702,london,2020
XAUUSD,1,2020-01-29 09:00:00,2020-01-29 19:00:00,1567.63,1570.94,1563.21076,1576.46848,1.6082,33.1,53.23,52.83,10,time_exit,35.59132,2.94616,-1.5584,2.46211,london,2020
XAUUSD,-1,2020-01-30 22:00:00,2020-01-31 09:00:00,1579.82,1576.47,1586.12344,1567.21312,1.1359,33.5,38.05,37.65,10,time_exit,18.70042,4.20229,0.69625,1.9637,,2020
XAUUSD,1,2020-01-31 13:00:00,2020-01-31 17:00:00,1579.31,1588.57564,1574.67718,1588.57564,1.5536,92.7,143.95,143.55,4,take_profit,22.29826,3.08855,1.0165,2.1666,london,2020
XAUUSD,-1,2020-02-05 19:00:00,2020-02-06 06:00:00,1558.15,1553.24,1564.46413,1545.52173,1.1626,49.1,57.08,56.68,10,time_exit,28.21748,4.20942,-0.99408,-1.47882,new_york,2020
XAUUSD,1,2020-02-06 09:00:00,2020-02-06 12:00:00,1557.57,1566.6865,1553.01175,1566.6865,1.6229,91.2,147.95,147.55,3,take_profit,19.13626,3.03883,-0.74625,-2.374,london,2020
XAUUSD,-1,2020-02-06 23:00:00,2020-02-07 10:00:00,1566.18,1565.22,1570.74983,1557.04034,1.6511,9.6,15.85,15.45,10,time_exit,25.60516,3.04655,1.4296,-1.59615,,2020
XAUUSD,1,2020-02-10 15:00:00,2020-02-11 02:00:00,1572.67,1571.31,1568.23709,1581.53582,1.7056,-13.6,-23.2,-23.6,10,time_exit,17.64069,2.95527,1.36483,0.32416,london,2020
XAUUSD,-1,2020-02-11 06:00:00,2020-02-11 15:00:00,1568.6,1572.274,1572.274,1561.252,2.0515,-36.7,-75.37,-75.77,9,stop_loss,19.85545,2.44933,-0.66917,0.78053,,2020
XAUUSD,1,2020-02-12 20:00:00,2020-02-13 07:00:00,1568.24,1574.15,1564.08129,1576.55742,1.7941,59.1,106.03,105.63,10,time_exit,24.2711,2.77247,0.14871,-0.06634,new_york,2020
XAUUSD,1,2020-02-14 11:00:00,2020-02-14 16:00:00,1575.63,1581.97232,1572.45884,1581.97232,2.3862,63.4,151.34,150.94,5,take_profit,22.63728,2.11411,1.21199,1.51388,london,2020
XAUUSD,-1,2020-02-19 23:00:00,2020-02-20 10:00:00,1612.92,1608.96,1617.85005,1603.0599,1.5655,39.6,61.99,61.59,10,time_exit,46.29276,3.2867,4.38396,4.83646,,2020
XAUUSD,-1,2020-02-20 19:00:00,2020-02-21 06:00:00,1621.6,1626.09,1627.31241,1610.17517,1.3619,-44.9,-61.15,-61.55,10,time_exit,27.36986,3.80828,4.04815,4.82037,new_york,2020
XAUUSD,-1,2020-02-21 20:00:00,2020-02-24 01:00:00,1643.93,1650.75407,1650.75407,1630.28185,1.131,-68.2,-77.18,-77.58,4,stop_loss,57.44308,4.54938,4.78056,5.57426,new_york,2020
XAUUSD,1,2020-02-24 08:00:00,2020-02-24 10:00:00,1661.6,1679.3376,1652.7312,1679.3376,0.8615,177.4,152.81,152.41,2,take_profit,67.99157,5.91253,4.58215,5.32898,london,2020
XAUUSD,1,2020-02-26 03:00:00,2020-02-26 13:00:00,1641.53,1647.44,1627.80944,1668.97113,0.568,59.1,33.57,33.17,10,time_exit,26.52044,9.14704,-0.78416,3.04271,,2020
XAUUSD,1,2020-02-26 14:00:00,2020-02-26 15:00:00,1647.44,1636.96999,1636.96999,1668.38001,0.7475,-104.7,-78.26,-78.66,1,stop_loss,16.73534,6.98,-0.03203,3.46587,london,2020
XAUUSD,1,2020-02-27 08:00:00,2020-02-27 09:00:00,1652.32,1642.72015,1642.72015,1671.51969,0.807,-96.0,-77.47,-77.87,1,stop_loss,11.31552,6.3999,0.95156,3.05332,london,2020
XAUUSD,1,2020-02-28 01:00:00,2020-02-28 07:00:00,1644.49,1633.28539,1633.28539,1666.89922,0.6845,-112.0,-76.7,-77.1,6,stop_loss,12.82923,7.46974,-0.34244,2.24528,,2020
XAUUSD,1,2020-03-02 08:00:00,2020-03-02 18:00:00,1604.01,1596.3,1586.35755,1639.3149,0.4301,-77.1,-33.16,-33.56,10,time_exit,32.12394,11.7683,-1.24767,-0.53118,london,2020
XAUUSD,1,2020-03-03 06:00:00,2020-03-03 16:00:00,1597.96,1606.76,1585.69179,1622.49642,0.6161,88.0,54.22,53.82,10,time_exit,29.35716,8.17881,-1.02537,-1.63943,,2020
XAUUSD,-1,2020-03-04 03:00:00,2020-03-04 13:00:00,1645.76,1643.93,1660.17876,1616.92248,0.528,18.3,9.66,9.26,10,time_exit,33.62667,9.61251,3.19349,-0.47532,,2020
XAUUSD,1,2020-03-04 17:00:00,2020-03-04 20:00:00,1645.95,1634.97499,1634.97499,1667.90003,0.6945,-109.8,-76.22,-76.62,3,stop_loss,26.79884,7.31668,2.62905,0.56598,new_york,2020
XAUUSD,-1,2020-03-06 03:00:00,2020-03-06 11:00:00,1674.2,1682.0598,1682.0598,1658.48039,0.96,-78.6,-75.45,-75.85,8,stop_loss,44.23131,5.23987,5.24008,3.12712,,2020
XAUUSD,-1,2020-03-06 21:00:00,2020-03-06 22:00:00,1672.28,1688.32106,1688.32106,1640.19787,0.4656,-160.4,-74.69,-75.09,1,stop_loss,37.21769,10.69404,1.02675,2.20434,new_york,2020
XAUUSD,-1,2020-03-09 12:00:00,2020-03-09 22:00:00,1675.45,1677.33,1696.03164,1634.28673,0.3593,-18.8,-6.75,-7.15,10,time_exit,24.00679,13.72109,0.37941,1.93827,london,2020
XAUUSD,1,2020-03-10 04:00:00,2020-03-10 14:00:00,1663.98,1662.17,1647.20863,1697.52275,0.4405,-18.1,-7.97,-8.37,10,time_exit,21.6179,11.18092,-0.6411,2.10188,,2020
XAUUSD,-1,2020-03-11 18:00:00,2020-03-12 05:00:00,1653.07,1631.47102,1663.86949,1631.47102,0.6833,216.0,147.59,147.19,10,take_profit,17.04908,7.19966,-1.23256,1.49342,new_york,2020
XAUUSD,1,2020-03-12 12:00:00,2020-03-12 15:00:00,1642.89,1631.81215,1631.81215,1665.0457,0.6794,-110.8,-75.26,-75.66,3,stop_loss,25.06555,7.38523,-1.09155,0.20237,london,2020
XAUUSD,-1,2020-03-13 01:00:00,2020-03-13 11:00:00,1576.51,1586.17,1598.51885,1532.4923,0.3385,-96.6,-32.7,-33.1,10,time_exit,36.91977,14.67257,-3.52992,-0.9331,,2020
XAUUSD,-1,2020-03-16 07:00:00,2020-03-16 13:00:00,1547.95,1490.03318,1576.90841,1490.03318,0.2561,579.2,148.32,147.92,6,take_profit,24.5744,19.30561,-1.59535,-2.25926,london,2020
XAUUSD,1,2020-03-17 20:00:00,2020-03-18 07:00:00,1527.31,1527.75,1499.33321,1583.26358,0.2704,4.4,1.19,0.79,10,time_exit,28.41514,18.65119,0.45829,-3.59311,new_york,2020
XAUUSD,1,2020-03-18 16:00:00,2020-03-19 03:00:00,1497.16,1484.78,1472.10314,1547.27372,0.3019,-123.8,-37.38,-37.78,10,time_exit,19.20645,16.70457,-1.24354,-3.37397,new_york,2020
XAUUSD,-1,2020-03-25 10:00:00,2020-03-25 20:00:00,1609.35,1611.62,1629.97678,1568.09644,0.365,-22.7,-8.29,-8.69,10,time_exit,52.86435,13.75119,2.26142,1.96765,london,2020
XAUUSD,1,2020-03-26 03:00:00,2020-03-26 10:00:00,1609.73,1591.83079,1591.83079,1645.52843,0.4201,-179.0,-75.19,-75.59,7,stop_loss,22.68306,11.93281,1.36428,2.81912,,2020
XAUUSD,1,2020-03-26 19:00:00,2020-03-27 06:00:00,1626.82,1624.86,1605.42063,1669.61875,0.3479,-19.6,-6.82,-7.22,10,time_exit,36.2546,14.26625,1.69038,2.4706,new_york,2020
XAUUSD,1,2020-03-27 22:00:00,2020-03-30 08:00:00,1625.78,1611.814,1611.814,1653.71199,0.5325,-139.7,-74.37,-74.77,9,stop_loss,33.83574,9.31066,0.93617,3.89318,,2020
XAUUSD,-1,2020-03-30 11:00:00,2020-03-30 21:00:00,1619.18,1613.86,1632.18463,1593.17074,0.5661,53.2,30.12,29.72,10,time_exit,23.89447,8.66975,0.14456,3.77579,london,2020
XAUUSD,1,2020-03-31 16:00:00,2020-03-31 20:00:00,1604.26,1593.60439,1593.60439,1625.57122,0.6937,-106.6,-73.92,-74.32,4,stop_loss,27.69462,7.10374,-1.53407,3.19678,new_york,2020
XAUUSD,-1,2020-04-01 08:00:00,2020-04-01 10:00:00,1587.13,1597.10762,1597.10762,1567.17475,0.7334,-99.8,-73.18,-73.58,2,stop_loss,38.79194,6.65175,-2.28767,1.57758,london,2020
XAUUSD,-1,2020-04-02 09:00:00,2020-04-02 10:00:00,1585.77,1595.36786,1595.36786,1566.57428,0.7547,-96.0,-72.44,-72.84,1,stop_loss,16.17395,6.39857,-1.18997,0.36802,london,2020
XAUUSD,-1,2020-04-03 17:00:00,2020-04-03 22:00:00,1614.02,1625.27904,1625.27904,1591.50193,0.6369,-112.6,-71.71,-72.11,5,stop_loss,30.94088,7.50602,1.17101,1.23259,new_york,2020
XAUUSD,-1,2020-04-06 07:00:00,2020-04-06 09:00:00,1617.3,1627.39268,1627.39268,1597.11464,0.7034,-100.9,-70.99,-71.39,2,stop_loss,23.23011,6.72845,1.04019,1.77283,london,2020
XAUUSD,1,2020-04-07 04:00:00,2020-04-07 10:00:00,1663.03,1649.97483,1649.97483,1689.14034,0.5383,-130.6,-70.28,-70.68,6,stop_loss,48.84385,8.70345,3.64451,2.7911,,2020
XAUUSD,1,2020-04-07 17:00:00,2020-04-08 04:00:00,1649.53,1647.96,1634.24282,1680.10437,0.4551,-15.7,-7.15,-7.55,10,time_exit,34.72918,10.19146,0.81928,2.76905,new_york,2020
XAUUSD,-1,2020-04-08 14:00:00,2020-04-09 01:00:00,1648.37,1647.28,1659.43714,1626.23572,0.6279,10.9,6.84,6.44,10,time_exit,17.9576,7.37809,0.3842,3.52062,london,2020
XAUUSD,-1,2020-04-09 06:00:00,2020-04-09 10:00:00,1648.13,1656.82771,1656.82771,1630.73458,0.7997,-87.0,-69.56,-69.96,4,stop_loss,16.84168,5.79847,0.21543,4.0127,,2020
XAUUSD,-1,2020-04-09 12:00:00,2020-04-09 15:00:00,1658.12,1666.10672,1666.10672,1642.14657,0.8621,-79.9,-68.85,-69.25,3,stop_loss,17.76281,5.32448,1.8623,4.29843,london,2020
XAUUSD,-1,2020-04-09 21:00:00,2020-04-13 08:00:00,1682.58,1684.26,1693.81392,1660.11215,0.6068,-16.8,-10.19,-10.59,10,time_exit,29.67691,7.48928,3.4739,3.59879,new_york,2020
XAUUSD,-1,2020-04-17 19:00:00,2020-04-20 06:00:00,1689.96,1681.84,1704.81706,1660.24589,0.4581,81.2,37.2,36.8,10,time_exit,42.79157,9.9047,-1.83293,2.28782,new_york,2020
XAUUSD,1,2020-04-20 11:00:00,2020-04-20 18:00:00,1674.16,1696.45921,1663.01039,1696.45921,0.6137,223.0,136.85,136.45,7,take_profit,43.68152,7.43307,-2.85049,1.4342,london,2020
XAUUSD,-1,2020-04-21 05:00:00,2020-04-21 14:00:00,1689.84,1669.31525,1700.10237,1669.31525,0.6801,205.2,139.59,139.19,9,take_profit,20.71242,6.84158,-0.4351,1.07045,,2020
XAUUSD,1,2020-04-21 18:00:00,2020-04-22 05:00:00,1683.01,1685.02,1668.08126,1712.86748,0.4768,20.1,9.58,9.18,10,time_exit,23.75208,9.95249,-0.5356,0.3574,new_york,2020
XAUUSD,-1,2020-04-23 04:00:00,2020-04-23 11:00:00,1711.84,1722.37252,1722.37252,1690.77496,0.6767,-105.3,-71.27,-71.67,7,stop_loss,32.12218,7.02168,2.04187,1.27156,,2020
XAUUSD,1,2020-04-24 12:00:00,2020-04-24 17:00:00,1730.26,1721.41897,1721.41897,1747.94206,0.7981,-88.4,-70.56,-70.96,5,stop_loss,28.1055,5.89402,2.19628,3.25165,london,2020
XAUUSD,-1,2020-04-24 20:00:00,2020-04-27 07:00:00,1718.44,1720.46,1729.54732,1696.22535,0.6288,-20.2,-12.7,-13.1,10,time_exit,27.35747,7.40488,-0.16355,2.61396,new_york,2020
XAUUSD,1,2020-04-28 06:00:00,2020-04-28 08:00:00,1702.47,1693.99016,1693.99016,1719.42968,0.8221,-84.8,-69.71,-70.11,2,stop_loss,34.91074,5.65323,-2.46355,2.0506,,2020
XAUUSD,-1,2020-04-30 04:00:00,2020-04-30 10:00:00,1711.93,1721.21062,1721.21062,1693.36877,0.7437,-92.8,-69.02,-69.42,6,stop_loss,16.33429,6.18708,0.52351,0.5383,,2020
XAUUSD,1,2020-04-30 15:00:00,2020-04-30 16:00:00,1716.41,1708.56524,1708.56524,1732.09951,0.8709,-78.4,-68.32,-68.72,1,stop_loss,23.54344,5.22984,1.05228,0.87353,london,2020
XAUUSD,1,2020-05-01 13:00:00,2020-05-01 18:00:00,1674.55,1695.0874,1664.2813,1695.0874,0.6586,205.4,135.26,134.86,5,take_profit,46.57986,6.8458,-3.15031,-0.9396,london,2020
XAUUSD,1,2020-05-01 19:00:00,2020-05-04 06:00:00,1695.69,1700.17,1683.7456,1719.5788,0.5775,44.8,25.87,25.47,10,time_exit,36.83356,7.96293,0.23619,-0.97646,new_york,2020
XAUUSD,-1,2020-05-06 18:00:00,2020-05-07 05:00:00,1689.3,1691.63,1698.39086,1671.11827,0.7616,-23.3,-17.75,-18.15,10,time_exit,23.02881,6.06058,-1.91694,-0.09673,new_york,2020
XAUUSD,1,2020-05-08 13:00:00,2020-05-08 15:00:00,1721.67,1714.19366,1714.19366,1736.62268,0.9237,-74.8,-69.06,-69.46,2,stop_loss,42.87819,4.98423,3.07192,0.836,london,2020
XAUUSD,-1,2020-05-08 18:00:00,2020-05-11 05:00:00,1715.58,1709.52,1725.07669,1696.58661,0.7198,60.6,43.62,43.22,10,time_exit,35.91939,6.33113,1.16441,0.83909,new_york,2020
XAUUSD,-1,2020-05-11 06:00:00,2020-05-11 16:00:00,1709.52,1704.8,1718.39912,1691.76176,0.7748,47.2,36.57,36.17,10,time_exit,27.16739,5.91941,0.27372,0.76546,,2020
XAUUSD,-1,2020-05-13 21:00:00,2020-05-14 02:00:00,1710.9,1718.61027,1718.61027,1695.47945,0.8969,-77.1,-69.15,-69.55,4,stop_loss,16.85985,5.14018,1.09577,0.31649,new_york,2020
XAUUSD,1,2020-05-14 03:00:00,2020-05-14 07:00:00,1718.36,1711.35355,1711.35355,1732.3729,0.9771,-70.1,-68.46,-68.86,4,stop_loss,22.00357,4.67097,2.40603,0.6503,,2020
XAUUSD,1,2020-05-18 22:00:00,2020-05-19 09:00:00,1732.38,1728.9,1721.16258,1754.81483,0.6042,-34.8,-21.03,-21.43,10,time_exit,38.62213,7.47828,-1.21131,2.74124,,2020
XAUUSD,1,2020-05-19 10:00:00,2020-05-19 20:00:00,1728.9,1742.81,1719.98666,1746.72668,0.7579,139.1,105.42,105.02,10,time_exit,28.47623,5.94223,-1.72557,2.81654,london,2020
XAUUSD,-1,2020-05-20 12:00:00,2020-05-20 22:00:00,1748.57,1749.39,1755.0068,1735.69641,1.0659,-8.2,-8.74,-9.14,10,time_exit,26.20456,4.2912,1.39254,3.61171,london,2020
XAUUSD,1,2020-05-25 01:00:00,2020-05-25 08:00:00,1731.74,1725.09608,1725.09608,1745.02784,1.0313,-66.4,-68.52,-68.92,7,stop_loss,20.896,4.42928,0.13214,0.88042,,2020
XAUUSD,1,2020-05-27 19:00:00,2020-05-28 06:00:00,1701.01,1714.43,1693.31513,1716.39974,0.8814,134.2,118.28,117.88,10,time_exit,45.18774,5.12991,-2.79557,-1.9406,new_york,2020
XAUUSD,1,2020-05-29 10:00:00,2020-05-29 17:00:00,1721.34,1734.44197,1714.78902,1734.44197,1.0534,131.0,138.02,137.62,7,take_profit,15.84701,4.36732,0.76464,-1.13615,london,2020
XAUUSD,-1,2020-06-02 11:00:00,2020-06-02 12:00:00,1735.66,1741.84196,1741.84196,1723.29608,1.1385,-61.8,-70.38,-70.78,1,stop_loss,13.79352,4.12131,0.32587,1.54063,london,2020
XAUUSD,1,2020-06-03 15:00:00,2020-06-03 16:00:00,1722.07,1714.9771,1714.9771,1736.2558,0.9823,-70.9,-69.67,-70.07,1,stop_loss,35.20275,4.7286,-1.56644,0.29234,london,2020
XAUUSD,-1,2020-06-04 15:00:00,2020-06-04 16:00:00,1707.83,1715.60018,1715.60018,1692.28965,0.8877,-77.7,-68.98,-69.38,1,stop_loss,42.5625,5.18012,-1.06452,-1.81428,london,2020
XAUUSD,1,2020-06-08 07:00:00,2020-06-08 17:00:00,1688.3,1692.97,1679.86466,1705.17068,0.8094,46.7,37.8,37.4,10,time_exit,35.85228,5.62356,-1.86187,-2.91317,london,2020
XAUUSD,-1,2020-06-08 20:00:00,2020-06-09 07:00:00,1697.57,1697.12,1705.36365,1681.9827,0.8809,4.5,3.96,3.56,10,time_exit,18.53575,5.19577,0.20046,-3.08613,new_york,2020
XAUUSD,-1,2020-06-12 21:00:00,2020-06-15 08:00:00,1732.71,1722.22,1740.86627,1716.39745,0.8422,104.9,88.35,87.95,10,time_exit,14.26322,5.43752,0.64734,1.77862,new_york,2020
XAUUSD,-1,2020-06-16 02:00:00,2020-06-16 12:00:00,1727.11,1729.87,1735.37438,1710.58124,0.8418,-27.6,-23.23,-23.63,10,time_exit,27.46478,5.50959,0.43058,0.77918,,2020
XAUUSD,1,2020-06-17 01:00:00,2020-06-17 11:00:00,1726.37,1719.93,1718.3805,1742.349,0.8678,-64.4,-55.89,-56.29,10,time_exit,15.09171,5.32633,0.19623,0.84735,,2020
XAUUSD,1,2020-06-17 15:00:00,2020-06-18 02:00:00,1717.44,1727.6,1710.28944,1731.74112,0.9617,101.6,97.71,97.31,10,time_exit,22.5716,4.76704,-1.59768,0.61816,london,2020
XAUUSD,-1,2020-06-18 13:00:00,2020-06-18 23:00:00,1725.71,1722.12,1733.10213,1710.92574,0.9435,35.9,33.87,33.47,10,time_exit,10.91423,4.92809,-0.08432,0.62768,london,2020
XAUUSD,-1,2020-06-19 04:00:00,2020-06-19 09:00:00,1723.62,1729.63335,1729.63335,1711.59331,1.1654,-60.1,-70.08,-70.48,5,stop_loss,18.65572,4.0089,-0.34537,0.48426,,2020
XAUUSD,1,2020-06-23 05:00:00,2020-06-23 10:00:00,1755.54,1747.42108,1747.42108,1771.77784,0.8544,-81.2,-69.37,-69.77,5,stop_loss,31.30628,5.41261,1.83255,2.58142,,2020
XAUUSD,-1,2020-06-23 15:00:00,2020-06-23 16:00:00,1757.8,1765.1182,1765.1182,1743.16359,0.9384,-73.2,-68.67,-69.07,1,stop_loss,21.61945,4.8788,1.92523,3.01053,london,2020
XAUUSD,-1,2020-06-23 16:00:00,2020-06-23 17:00:00,1759.29,1766.64476,1766.64476,1744.58048,0.9243,-73.5,-67.98,-68.38,1,stop_loss,22.3375,4.90317,2.12075,3.03036,new_york,2020
XAUUSD,1,2020-06-23 17:00:00,2020-06-24 04:00:00,1765.24,1769.59,1757.41094,1780.89813,0.8596,43.5,37.39,36.99,10,time_exit,23.94263,5.21938,3.00942,2.91011,new_york,2020
XAUUSD,1,2020-06-24 07:00:00,2020-06-24 17:00:00,1767.96,1773.97,1761.62901,1780.62198,1.0689,60.1,64.24,63.84,10,time_exit,41.40566,4.22066,2.59748,4.39649,london,2020
XAUUSD,-1,2020-06-24 17:00:00,2020-06-25 04:00:00,1769.23,1763.64,1777.38502,1752.91995,0.8376,55.9,46.82,46.42,10,time_exit,36.19886,5.43668,1.32851,3.74609,new_york,2020
XAUUSD,1,2020-06-26 05:00:00,2020-06-26 15:00:00,1761.03,1761.2,1754.77683,1773.53634,1.0998,1.7,1.87,1.47,10,time_exit,27.59427,4.16878,-0.44451,3.58667,,2020
XAUUSD,1,2020-06-26 22:00:00,2020-06-29 09:00:00,1767.19,1771.76,1759.84343,1781.88314,0.9363,45.7,42.79,42.39,10,time_exit,19.59543,4.89771,0.94026,2.53897,,2020
XAUUSD,1,2020-06-29 13:00:00,2020-06-29 23:00:00,1769.33,1772.94,1762.66044,1782.66911,1.0377,36.1,37.46,37.06,10,time_exit,15.19372,4.44637,0.65625,3.03123,london,2020
XAUUSD,-1,2020-06-30 07:00:00,2020-06-30 17:00:00,1770.72,1775.80447,1775.80447,1760.55105,1.3685,-50.8,-69.58,-69.98,10,stop_loss,12.51066,3.38965,0.5495,3.84811,london,2020
XAUUSD,-1,2020-06-30 21:00:00,2020-07-01 08:00:00,1780.0,1783.7,1786.6415,1766.71699,1.0371,-37.0,-38.37,-38.77,10,time_exit,24.02078,4.42767,1.95831,2.94651,new_york,2020
XAUUSD,1,2020-07-02 17:00:00,2020-07-03 04:00:00,1773.58,1775.82,1765.99072,1788.75857,0.9025,22.4,20.22,19.82,10,time_exit,24.45892,5.05952,0.23456,1.70981,new_york,2020
XAUUSD,1,2020-07-06 15:00:00,2020-07-07 02:00:00,1779.32,1785.87,1774.8685,1788.223,1.5431,65.5,101.07,100.67,10,time_exit,25.44179,2.96767,1.55818,2.37715,london,2020
XAUUSD,-1,2020-07-07 11:00:00,2020-07-07 16:00:00,1780.71,1785.25899,1785.25899,1771.61202,1.5322,-45.5,-69.7,-70.1,5,stop_loss,19.21104,3.03266,0.35747,3.02912,london,2020
XAUUSD,-1,2020-07-07 19:00:00,2020-07-08 06:00:00,1795.25,1794.33,1801.61002,1782.52995,1.0849,9.2,9.98,9.58,10,time_exit,26.10548,4.24002,3.42608,2.17895,new_york,2020
XAUUSD,1,2020-07-08 23:00:00,2020-07-09 10:00:00,1809.39,1812.68,1803.16011,1821.84978,1.1091,32.9,36.49,36.09,10,time_exit,40.19787,4.15326,3.46482,3.98879,,2020
XAUUSD,-1,2020-07-09 16:00:00,2020-07-09 18:00:00,1811.39,1798.80237,1817.68381,1798.80237,1.1035,125.9,138.9,138.5,2,take_profit,32.81598,4.19588,2.15106,4.5798,new_york,2020
XAUUSD,-1,2020-07-10 02:00:00,2020-07-10 12:00:00,1803.29,1806.67,1810.07748,1789.71505,1.0437,-33.8,-35.28,-35.68,10,time_exit,25.64851,4.52498,0.12466,3.94419,,2020
XAUUSD,-1,2020-07-13 06:00:00,2020-07-13 12:00:00,1804.25,1809.95698,1809.95698,1792.83605,1.235,-57.1,-70.48,-70.88,6,stop_loss,22.06249,3.80465,0.62215,3.42227,,2020
XAUUSD,1,2020-07-13 16:00:00,2020-07-13 17:00:00,1807.53,1802.65965,1802.65965,1817.27069,1.4326,-48.7,-69.77,-70.17,1,stop_loss,13.29478,3.2469,1.22341,4.00137,new_york,2020
XAUUSD,-1,2020-07-13 21:00:00,2020-07-14 03:00:00,1810.79,1799.34128,1816.51436,1799.34128,1.2066,114.5,138.14,137.74,5,take_profit,11.56816,3.81624,1.63029,3.43041,new_york,2020
XAUUSD,-1,2020-07-15 17:00:00,2020-07-15 18:00:00,1804.0,1809.8057,1809.8057,1792.38861,1.2135,-58.1,-70.45,-70.85,1,stop_loss,12.71815,3.87046,-0.46188,2.49436,new_york,2020
XAUUSD,-1,2020-07-15 21:00:00,2020-07-16 08:00:00,1811.25,1808.24,1817.31773,1799.11455,1.1494,30.1,34.6,34.2,10,time_exit,10.30142,4.04515,1.17223,2.42434,new_york,2020
XAUUSD,-1,2020-07-21 01:00:00,2020-07-21 09:00:00,1817.42,1821.54303,1821.54303,1809.17394,1.6998,-41.2,-70.08,-70.48,8,stop_loss,31.63884,2.74869,2.6047,2.74913,,2020
XAUUSD,-1,2020-07-22 06:00:00,2020-07-22 16:00:00,1858.22,1856.05,1865.6387,1843.38261,0.9352,21.7,20.29,19.89,10,time_exit,68.1613,4.9458,6.19239,3.55501,,2020
XAUUSD,-1,2020-07-23 03:00:00,2020-07-23 11:00:00,1870.02,1878.85239,1878.85239,1852.35523,0.7878,-88.3,-69.58,-69.98,8,stop_loss,45.54163,5.88826,3.98834,4.62985,,2020
XAUUSD,-1,2020-07-23 12:00:00,2020-07-23 18:00:00,1882.4,1891.17518,1891.17518,1864.84965,0.7849,-87.8,-68.88,-69.28,6,stop_loss,45.76838,5.85012,4.80814,5.20938,london,2020
XAUUSD,1,2020-07-24 15:00:00,2020-07-27 02:00:00,1894.38,1913.17547,1884.98227,1913.17547,0.7255,188.0,136.36,135.96,10,take_profit,25.04218,6.26516,2.85511,6.06816,london,2020
XAUUSD,1,2020-07-29 15:00:00,2020-07-29 17:00:00,1956.43,1944.90193,1944.90193,1979.48614,0.6033,-115.3,-69.55,-69.95,2,stop_loss,15.89995,7.68538,1.74478,6.97045,london,2020
XAUUSD,1,2020-07-31 01:00:00,2020-07-31 10:00:00,1956.12,1979.01381,1944.67309,1979.01381,0.6014,228.9,137.68,137.28,9,take_profit,22.22285,7.63127,0.50767,5.88146,,2020
XAUUSD,1,2020-07-31 15:00:00,2020-07-31 16:00:00,1974.9,1965.11182,1965.11182,1994.47636,0.7174,-97.9,-70.22,-70.62,1,stop_loss,26.20255,6.52545,2.22754,6.766,london,2020
XAUUSD,1,2020-08-03 05:00:00,2020-08-03 15:00:00,1972.79,1967.76,1961.78303,1994.80393,0.6315,-50.3,-31.76,-32.16,10,time_exit,16.96005,7.33798,0.903,5.83959,,2020
XAUUSD,-1,2020-08-04 04:00:00,2020-08-04 14:00:00,1972.76,1971.99,1980.92047,1956.43905,0.8479,7.7,6.53,6.13,10,time_exit,9.26933,5.44032,0.53411,6.78588,,2020
XAUUSD,1,2020-08-04 22:00:00,2020-08-05 01:00:00,2004.92,2024.63067,1995.06466,2024.63067,0.7027,197.1,138.51,138.11,2,take_profit,20.35785,6.57022,4.26096,5.45444,,2020
XAUUSD,1,2020-08-05 01:00:00,2020-08-05 11:00:00,2019.23,2037.64,2008.79086,2040.10828,0.6766,184.1,124.56,124.16,10,time_exit,26.35569,6.95943,5.52295,5.38235,,2020
XAUUSD,-1,2020-08-06 04:00:00,2020-08-06 09:00:00,2041.93,2053.97485,2053.97485,2017.8403,0.5967,-120.4,-71.87,-72.27,5,stop_loss,36.43391,8.0299,3.28381,6.48936,,2020
XAUUSD,1,2020-08-06 10:00:00,2020-08-06 20:00:00,2051.43,2056.65,2040.74226,2072.80549,0.6657,52.2,34.75,34.35,10,time_exit,36.09444,7.12516,4.14629,7.53464,london,2020
XAUUSD,1,2020-08-06 22:00:00,2020-08-07 09:00:00,2060.49,2057.25,2047.71368,2086.04265,0.5596,-32.4,-18.13,-18.53,10,time_exit,39.09691,8.51755,2.99846,6.67637,,2020
XAUUSD,-1,2020-08-07 13:00:00,2020-08-07 17:00:00,2058.38,2033.48264,2070.82868,2033.48264,0.5728,249.0,142.61,142.21,4,take_profit,24.99466,8.29912,1.37576,6.95755,london,2020
XAUUSD,1,2020-08-12 06:00:00,2020-08-12 10:00:00,1886.89,1937.77222,1861.44889,1937.77222,0.2859,508.8,145.47,145.07,4,take_profit,64.96557,16.96074,-5.45597,-0.74962,,2020
XAUUSD,1,2020-08-12 22:00:00,2020-08-13 09:00:00,1928.16,1933.76,1903.0767,1978.3266,0.2957,56.0,16.56,16.16,10,time_exit,30.18536,16.7222,-1.61424,-1.63723,,2020
XAUUSD,-1,2020-08-13 09:00:00,2020-08-13 17:00:00,1928.76,1949.4472,1949.4472,1887.38559,0.3594,-206.9,-74.35,-74.75,8,stop_loss,22.25724,13.79147,-1.22563,-2.28081,london,2020
XAUUSD,-1,2020-08-13 17:00:00,2020-08-13 20:00:00,1940.76,1959.07062,1959.07062,1904.13877,0.4019,-183.1,-73.59,-73.99,3,stop_loss,17.69962,12.20708,-0.12477,-2.5772,new_york,2020
XAUUSD,1,2020-08-14 10:00:00,2020-08-14 20:00:00,1942.6,1942.15,1926.87462,1974.05076,0.4633,-4.5,-2.08,-2.48,10,time_exit,11.44568,10.48359,-0.39637,-2.26562,london,2020
XAUUSD,1,2020-08-18 05:00:00,2020-08-18 15:00:00,1993.44,2013.3,1982.55352,2015.21296,0.669,198.6,132.86,132.46,10,time_exit,35.30589,7.25765,4.48993,-0.7799,,2020
XAUUSD,1,2020-08-18 21:00:00,2020-08-19 05:00:00,2005.84,1991.66027,1991.66027,2034.19945,0.523,-141.8,-74.16,-74.56,7,stop_loss,36.32459,9.45315,2.65818,0.9398,new_york,2020
XAUUSD,1,2020-08-20 07:00:00,2020-08-20 11:00:00,1949.63,1930.85216,1930.85216,1987.18568,0.3909,-187.8,-73.4,-73.8,4,stop_loss,45.53335,12.51856,-1.69371,-0.11201,london,2020
XAUUSD,1,2020-08-20 21:00:00,2020-08-21 08:00:00,1940.18,1947.46,1922.30257,1975.93486,0.4065,72.8,29.59,29.19,10,time_exit,29.30646,11.91829,-1.42369,-0.89999,new_york,2020
XAUUSD,1,2020-08-21 23:00:00,2020-08-24 10:00:00,1938.29,1944.48,1922.65741,1969.55518,0.4667,61.9,28.89,28.49,10,time_exit,24.82958,10.42173,-0.81074,-1.47316,,2020
XAUUSD,1,2020-08-24 20:00:00,2020-08-25 07:00:00,1931.48,1933.21,1918.27602,1957.88797,0.5548,17.3,9.6,9.2,10,time_exit,21.66183,8.80266,-1.22515,-1.76677,new_york,2020
XAUUSD,1,2020-08-27 17:00:00,2020-08-27 18:00:00,1941.06,1926.6477,1926.6477,1969.88461,0.5089,-144.1,-73.34,-73.74,1,stop_loss,14.32693,9.6082,0.37445,-0.90053,new_york,2020
XAUUSD,1,2020-08-28 10:00:00,2020-08-28 18:00:00,1944.96,1969.39962,1932.74019,1969.39962,0.5941,244.4,145.2,144.8,8,take_profit,13.33182,8.14654,1.16032,-1.05128,london,2020
XAUUSD,1,2020-08-28 22:00:00,2020-08-31 09:00:00,1966.95,1965.29,1953.50268,1993.84464,0.5507,-16.6,-9.14,-9.54,10,time_exit,24.54447,8.96488,2.42014,-0.07686,,2020
XAUUSD,-1,2020-08-31 22:00:00,2020-09-01 05:00:00,1971.17,1981.47259,1981.47259,1950.56482,0.7178,-103.0,-73.95,-74.35,6,stop_loss,13.35266,6.86839,1.77432,1.24046,,2020
XAUUSD,1,2020-09-02 14:00:00,2020-09-02 15:00:00,1965.33,1955.57694,1955.57694,1984.83612,0.7507,-97.5,-73.22,-73.62,1,stop_loss,38.11114,6.50204,-0.59667,1.73918,london,2020
XAUUSD,1,2020-09-04 03:00:00,2020-09-04 13:00:00,1927.94,1938.44,1916.47129,1950.87743,0.632,105.0,66.36,65.96,10,time_exit,35.56947,7.64581,-2.15463,-1.00125,,2020
XAUUSD,-1,2020-09-04 16:00:00,2020-09-04 21:00:00,1927.28,1938.46631,1938.46631,1904.90737,0.6538,-111.9,-73.14,-73.54,5,stop_loss,18.52315,7.45754,-1.85268,-1.21318,new_york,2020
XAUUSD,-1,2020-09-08 22:00:00,2020-09-09 09:00:00,1931.77,1926.99,1943.53351,1908.24298,0.6155,47.8,29.42,29.02,10,time_exit,21.22056,7.84234,0.26532,-1.55536,,2020
XAUUSD,-1,2020-09-09 23:00:00,2020-09-10 10:00:00,1948.39,1944.18,1957.97357,1929.22286,0.7585,42.1,31.93,31.53,10,time_exit,20.65863,6.38905,2.29044,-1.04383,,2020
XAUUSD,1,2020-09-10 15:00:00,2020-09-10 16:00:00,1947.4,1962.35335,1939.92332,1962.35335,0.9765,149.5,146.02,145.62,1,take_profit,20.48376,4.98445,1.5523,-0.32821,london,2020
XAUUSD,-1,2020-09-11 02:00:00,2020-09-11 12:00:00,1945.33,1946.61,1955.14606,1925.69788,0.7586,-12.8,-9.71,-10.11,10,time_exit,20.29351,6.54404,0.24045,0.21443,,2020
XAUUSD,1,2020-09-14 17:00:00,2020-09-15 04:00:00,1958.3,1961.26,1950.50064,1973.89872,0.9534,29.6,28.22,27.82,10,time_exit,14.98526,5.19957,2.45777,0.41234,new_york,2020
XAUUSD,1,2020-09-16 02:00:00,2020-09-16 12:00:00,1954.65,1964.6,1947.37906,1969.19187,1.0265,99.5,102.14,101.74,10,time_exit,18.40669,4.84729,-0.09416,1.5553,,2020
XAUUSD,-1,2020-09-18 19:00:00,2020-09-21 06:00:00,1952.79,1953.26,1960.20023,1937.96953,1.021,-4.7,-4.8,-5.2,10,time_exit,16.14728,4.94016,0.27934,0.31797,new_york,2020
XAUUSD,1,2020-09-21 08:00:00,2020-09-21 11:00:00,1953.37,1946.50004,1946.50004,1967.10991,1.1005,-68.7,-75.6,-76.0,3,stop_loss,14.4963,4.57997,0.37689,0.33867,london,2020
XAUUSD,1,2020-09-22 13:00:00,2020-09-22 23:00:00,1903.63,1900.39,1891.66264,1927.56473,0.6254,-32.4,-20.26,-20.66,10,time_exit,47.36661,7.97824,-2.83324,-1.95496,london,2020
XAUUSD,1,2020-09-24 05:00:00,2020-09-24 08:00:00,1861.97,1850.12778,1850.12778,1885.65445,0.6303,-118.4,-74.64,-75.04,3,stop_loss,42.87924,7.89482,-3.45291,-4.35766,,2020
XAUUSD,-1,2020-09-24 12:00:00,2020-09-24 18:00:00,1853.78,1865.41321,1865.41321,1830.51357,0.6351,-116.3,-73.88,-74.28,6,stop_loss,40.22286,7.75548,-3.50215,-4.91115,london,2020
XAUUSD,1,2020-09-24 21:00:00,2020-09-25 08:00:00,1872.74,1867.04,1860.8664,1896.48719,0.616,-57.0,-35.11,-35.51,10,time_exit,29.24164,7.91573,-0.34002,-4.88987,new_york,2020
XAUUSD,1,2020-09-30 01:00:00,2020-09-30 06:00:00,1898.0,1890.09202,1890.09202,1913.81596,0.9205,-79.1,-72.79,-73.19,5,stop_loss,24.88132,5.27199,3.21962,-2.58366,,2020
XAUUSD,1,2020-09-30 11:00:00,2020-09-30 18:00:00,1887.56,1902.0513,1880.31435,1902.0513,0.9945,144.9,144.12,143.72,7,take_profit,19.72667,4.83043,0.7579,-1.99005,london,2020
XAUUSD,-1,2020-10-01 13:00:00,2020-10-01 15:00:00,1897.46,1905.38319,1905.38319,1881.61363,0.9276,-79.2,-73.5,-73.9,2,stop_loss,26.98851,5.28212,1.68399,-0.8071,london,2020
XAUUSD,1,2020-10-02 22:00:00,2020-10-05 06:00:00,1903.22,1893.36387,1893.36387,1922.93226,0.7382,-98.6,-72.76,-73.16,7,stop_loss,21.94796,6.57075,0.54953,0.56517,,2020
XAUUSD,1,2020-10-06 03:00:00,2020-10-06 13:00:00,1912.83,1913.12,1906.12427,1926.24147,1.0741,2.9,3.11,2.71,10,time_exit,25.51437,4.47049,1.99001,1.32852,,2020
XAUUSD,1,2020-10-08 20:00:00,2020-10-09 04:00:00,1885.34,1900.837,1877.5915,1900.837,0.9299,155.0,144.11,143.71,7,take_profit,17.16844,5.16567,-1.20837,-0.768,new_york,2020
XAUUSD,-1,2020-10-09 09:00:00,2020-10-09 11:00:00,1908.47,1915.12349,1915.12349,1895.16303,1.1045,-66.5,-73.49,-73.89,2,stop_loss,20.92696,4.43566,2.94802,-0.16779,london,2020
XAUUSD,1,2020-10-13 03:00:00,2020-10-13 04:00:00,1925.11,1918.98846,1918.98846,1937.35307,1.1884,-61.2,-72.75,-73.15,1,stop_loss,13.36022,4.08102,1.66872,3.20871,,2020
XAUUSD,-1,2020-10-13 23:00:00,2020-10-14 10:00:00,1893.0,1895.56,1901.51047,1875.97905,0.8462,-25.6,-21.66,-22.06,10,time_exit,31.85074,5.67365,-3.29366,1.06558,,2020
XAUUSD,-1,2020-10-14 20:00:00,2020-10-15 07:00:00,1901.28,1901.21,1909.96722,1883.90556,0.8265,0.7,0.58,0.18,10,time_exit,26.73154,5.79148,-0.61614,0.07728,new_york,2020
XAUUSD,1,2020-10-16 05:00:00,2020-10-16 15:00:00,1907.81,1906.91,1900.55816,1922.31368,0.9901,-9.0,-8.91,-9.31,10,time_exit,19.15162,4.83456,1.06749,-0.17149,,2020
XAUUSD,-1,2020-10-16 16:00:00,2020-10-19 03:00:00,1906.88,1901.21,1913.87684,1892.88632,1.0248,56.7,58.11,57.71,10,time_exit,19.86033,4.66456,0.53271,0.11139,new_york,2020
XAUUSD,1,2020-10-19 05:00:00,2020-10-19 15:00:00,1901.74,1915.17896,1895.02052,1915.17896,1.0757,134.4,144.56,144.16,10,take_profit,16.1477,4.47965,-0.36444,-0.06965,,2020
XAUUSD,1,2020-10-20 23:00:00,2020-10-21 10:00:00,1909.74,1920.47,1902.22822,1924.76355,0.9815,107.3,105.31,104.91,10,time_exit,16.44345,5.00785,0.86879,0.20568,,2020
XAUUSD,-1,2020-10-22 12:00:00,2020-10-22 15:00:00,1917.01,1904.50507,1923.26247,1904.50507,1.1959,125.0,149.55,149.15,3,take_profit,19.89554,4.16831,0.33218,1.6803,london,2020
XAUUSD,1,2020-10-22 15:00:00,2020-10-22 16:00:00,1914.23,1908.30258,1908.30258,1926.08483,1.2867,-59.3,-76.27,-76.67,1,stop_loss,17.14649,3.95161,-0.38059,1.73447,london,2020
XAUUSD,1,2020-10-26 09:00:00,2020-10-26 19:00:00,1897.01,1904.14,1890.32406,1910.38188,1.1292,71.3,80.51,80.11,10,time_exit,28.9918,4.45729,-1.79387,-0.44792,london,2020
XAUUSD,-1,2020-10-26 19:00:00,2020-10-27 06:00:00,1904.44,1907.63,1911.85668,1889.60664,1.0288,-31.9,-32.82,-33.22,10,time_exit,20.75761,4.94445,0.05408,-0.47631,new_york,2020
XAUUSD,1,2020-10-28 04:00:00,2020-10-28 12:00:00,1906.71,1901.52285,1901.52285,1917.08429,1.4645,-51.9,-75.97,-76.37,8,stop_loss,13.50892,3.4581,0.41059,-0.27079,,2020
XAUUSD,1,2020-10-29 21:00:00,2020-10-30 08:00:00,1867.78,1868.93,1859.52847,1884.28306,0.9114,11.5,10.48,10.08,10,time_exit,44.96167,5.50102,-3.08873,-2.50513,new_york,2020
XAUUSD,1,2020-10-30 08:00:00,2020-10-30 15:00:00,1873.61,1888.2947,1866.26765,1888.2947,1.0256,146.8,150.61,150.21,7,take_profit,38.30902,4.8949,-1.35253,-3.20152,london,2020
XAUUSD,1,2020-10-30 16:00:00,2020-10-30 17:00:00,1887.43,1878.70031,1878.70031,1904.88939,0.8798,-87.3,-76.8,-77.2,1,stop_loss,29.26888,5.8198,1.47699,-2.65462,new_york,2020
XAUUSD,-1,2020-11-02 06:00:00,2020-11-02 11:00:00,1882.43,1890.24095,1890.24095,1866.80811,0.9734,-78.1,-76.03,-76.43,5,stop_loss,16.93972,5.2073,0.59469,-2.53844,,2020
XAUUSD,1,2020-11-02 20:00:00,2020-11-03 07:00:00,1893.62,1892.1,1886.54258,1907.77484,1.0635,-15.2,-16.17,-16.57,10,time_exit,22.31274,4.71828,2.21323,-1.85723,new_york,2020
XAUUSD,-1,2020-11-03 09:00:00,2020-11-03 11:00:00,1893.54,1899.15403,1899.15403,1882.31193,1.3378,-56.1,-75.1,-75.5,2,stop_loss,22.32172,3.74269,1.6575,-1.29668,london,2020
XAUUSD,1,2020-11-04 06:00:00,2020-11-04 16:00:00,1896.84,1902.64,1885.0877,1920.34459,0.6326,58.0,36.69,36.29,10,time_exit,30.41727,7.83486,0.13537,0.22078,,2020
XAUUSD,-1,2020-11-04 16:00:00,2020-11-05 03:00:00,1905.91,1907.37,1918.45529,1880.81943,0.5955,-14.6,-8.69,-9.09,10,time_exit,27.1858,8.36352,1.12375,0.25229,new_york,2020
XAUUSD,-1,2020-11-05 03:00:00,2020-11-05 10:00:00,1904.82,1915.52663,1915.52663,1883.40674,0.697,-107.1,-74.63,-75.03,7,stop_loss,17.12701,7.13775,0.92032,0.44248,,2020
XAUUSD,1,2020-11-06 08:00:00,2020-11-06 13:00:00,1938.96,1956.99117,1929.94441,1956.99117,0.8194,180.3,147.75,147.35,5,take_profit,41.06743,6.01039,2.73151,3.09439,london,2020
XAUUSD,-1,2020-11-09 17:00:00,2020-11-10 04:00:00,1863.28,1876.94,1881.96211,1825.91577,0.4033,-136.6,-55.09,-55.49,10,time_exit,39.70488,12.45474,-5.95506,1.76483,new_york,2020
XAUUSD,1,2020-11-10 12:00:00,2020-11-10 22:00:00,1878.75,1872.81,1865.53447,1905.18106,0.5659,-59.4,-33.61,-34.01,10,time_exit,36.41481,8.81035,-3.01981,-0.35442,london,2020
XAUUSD,1,2020-11-11 18:00:00,2020-11-12 05:00:00,1862.63,1870.53,1851.78394,1884.32211,0.6864,79.0,54.23,53.83,10,time_exit,33.92483,7.2307,-3.08277,-2.15341,new_york,2020
XAUUSD,1,2020-11-12 06:00:00,2020-11-12 16:00:00,1870.53,1879.56,1862.4929,1886.6042,0.933,90.3,84.25,83.85,10,time_exit,31.35577,5.35807,-1.45648,-3.46958,,2020
XAUUSD,1,2020-11-12 21:00:00,2020-11-13 08:00:00,1877.88,1879.23,1869.63945,1894.36111,0.9202,13.5,12.42,12.02,10,time_exit,22.84996,5.4937,0.28915,-3.15697,new_york,2020
XAUUSD,-1,2020-11-13 23:00:00,2020-11-16 03:00:00,1888.17,1894.78266,1894.78266,1874.94469,1.1485,-66.1,-75.95,-76.35,3,stop_loss,28.98177,4.40844,1.63514,-2.32354,,2020
XAUUSD,-1,2020-11-16 03:00:00,2020-11-16 04:00:00,1889.41,1895.76973,1895.76973,1876.69054,1.1822,-63.6,-75.18,-75.58,1,stop_loss,29.50673,4.23982,1.75072,-2.17108,,2020
XAUUSD,1,2020-11-18 05:00:00,2020-11-18 12:00:00,1878.48,1871.76859,1871.76859,1891.90282,1.109,-67.1,-74.43,-74.83,7,stop_loss,22.99238,4.47427,-1.65386,-0.88186,,2020
XAUUSD,-1,2020-11-18 18:00:00,2020-11-19 05:00:00,1881.77,1867.98,1889.9674,1865.3752,0.8988,137.9,123.94,123.54,10,time_exit,28.47672,5.46493,-0.14821,-1.05984,new_york,2020
XAUUSD,-1,2020-11-19 14:00:00,2020-11-20 01:00:00,1862.61,1863.09,1871.10848,1845.61304,0.8815,-4.8,-4.23,-4.63,10,time_exit,37.91007,5.66565,-2.04382,-1.87209,london,2020
XAUUSD,-1,2020-11-20 20:00:00,2020-11-23 07:00:00,1872.29,1873.73,1879.18184,1858.50632,1.0863,-14.4,-15.64,-16.04,10,time_exit,22.46182,4.59456,0.65364,-2.35493,new_york,2020
XAUUSD,1,2020-11-24 18:00:00,2020-11-25 05:00:00,1805.57,1803.83,1795.90619,1824.89762,0.7731,-17.4,-13.45,-13.85,10,time_exit,57.3349,6.44254,-5.42381,-4.09016,new_york,2020
XAUUSD,-1,2020-11-26 04:00:00,2020-11-26 09:00:00,1811.27,1818.01154,1818.01154,1797.78693,1.1061,-67.4,-74.57,-74.97,5,stop_loss,22.72316,4.49436,-1.4217,-7.40604,,2020
XAUUSD,1,2020-11-26 18:00:00,2020-11-27 07:00:00,1809.8,1803.46547,1803.46547,1822.46907,1.1654,-63.3,-73.82,-74.22,8,stop_loss,16.22915,4.22302,-1.31191,-7.22593,new_york,2020
XAUUSD,1,2020-12-01 22:00:00,2020-12-02 09:00:00,1813.6,1815.72,1805.42418,1829.95164,0.8938,21.2,18.95,18.55,10,time_exit,42.09463,5.45055,3.44503,-4.5124,,2020
XAUUSD,-1,2020-12-02 22:00:00,2020-12-03 09:00:00,1829.53,1837.89292,1837.89292,1812.80415,0.8761,-83.6,-73.27,-73.67,10,stop_loss,36.00364,5.57528,3.4716,-1.65056,,2020
XAUUSD,-1,2020-12-07 23:00:00,2020-12-08 10:00:00,1863.92,1864.99,1872.97125,1845.8175,0.8013,-10.7,-8.57,-8.97,10,time_exit,29.76743,6.03417,3.71137,1.90784,,2020
XAUUSD,-1,2020-12-09 05:00:00,2020-12-09 13:00:00,1866.22,1853.09375,1872.78313,1853.09375,1.1037,131.3,144.87,144.47,8,take_profit,25.49889,4.37542,1.63508,4.56392,,2020
XAUUSD,1,2020-12-09 15:00:00,2020-12-09 16:00:00,1856.97,1848.99279,1848.99279,1872.92441,0.9262,-79.8,-73.88,-74.28,1,stop_loss,19.44624,5.31814,-0.41408,3.40948,london,2020
XAUUSD,1,2020-12-10 14:00:00,2020-12-11 01:00:00,1835.03,1836.67,1826.36342,1852.36316,0.8439,16.4,13.84,13.44,10,time_exit,30.01227,5.77772,-2.00387,1.05938,london,2020
XAUUSD,1,2020-12-14 23:00:00,2020-12-15 10:00:00,1828.13,1844.39527,1819.99737,1844.39527,0.901,162.7,146.55,146.15,10,take_profit,21.66671,5.42176,-1.13465,-0.66803,,2020
XAUUSD,-1,2020-12-16 10:00:00,2020-12-16 11:00:00,1854.27,1860.13747,1860.13747,1842.53505,1.2737,-58.7,-74.73,-75.13,1,stop_loss,38.44281,3.91165,2.33467,1.20601,london,2020
XAUUSD,-1,2020-12-18 18:00:00,2020-12-21 03:00:00,1886.05,1893.88777,1893.88777,1870.37446,0.9439,-78.4,-73.98,-74.38,8,stop_loss,20.62931,5.22518,2.05337,3.86649,new_york,2020
XAUUSD,-1,2020-12-21 19:00:00,2020-12-22 06:00:00,1880.33,1880.67,1893.3545,1854.28099,0.5623,-3.4,-1.91,-2.31,10,time_exit,32.40984,8.683,-0.19666,2.32116,new_york,2020
XAUUSD,-1,2020-12-22 22:00:00,2020-12-23 09:00:00,1864.69,1866.49,1874.26267,1845.54466,0.7649,-18.0,-13.77,-14.17,10,time_exit,31.69188,6.38178,-1.7487,1.77264,,2020
XAUUSD,-1,2020-12-28 03:00:00,2020-12-28 04:00:00,1887.21,1894.26805,1894.26805,1873.09389,1.0353,-70.6,-73.07,-73.47,1,stop_loss,13.40303,4.70537,2.51559,1.60928,,2020
XAUUSD,1,2020-12-29 14:00:00,2020-12-30 01:00:00,1877.25,1878.75,1868.9088,1893.9324,0.8673,15.0,13.01,12.61,10,time_exit,10.86855,5.5608,-0.30349,1.30892,london,2020
XAUUSD,-1,2020-12-31 04:00:00,2020-12-31 07:00:00,1896.86,1885.44016,1902.56992,1885.44016,1.2691,114.2,144.93,144.53,3,take_profit,30.40518,3.80661,3.36073,2.27212,,2020
XAUUSD,-1,2021-01-04 05:00:00,2021-01-04 10:00:00,1921.73,1930.55712,1930.55712,1904.07577,0.8373,-88.3,-73.91,-74.31,5,stop_loss,31.15084,5.88474,4.91381,2.23104,,2021
XAUUSD,1,2021-01-05 07:00:00,2021-01-05 17:00:00,1939.68,1943.5,1931.31262,1956.41475,0.8745,38.2,33.41,33.01,10,time_exit,30.07471,5.57825,3.37328,5.14684,london,2021
XAUUSD,1,2021-01-06 17:00:00,2021-01-06 18:00:00,1932.43,1920.33902,1920.33902,1956.61195,0.6079,-120.9,-73.5,-73.9,1,stop_loss,22.48574,8.06065,-0.83452,3.9499,new_york,2021
XAUUSD,-1,2021-01-06 23:00:00,2021-01-07 10:00:00,1918.28,1917.96,1932.17256,1890.49488,0.5237,3.2,1.68,1.28,10,time_exit,31.66247,9.26171,-1.64111,2.79223,,2021
XAUUSD,-1,2021-01-08 04:00:00,2021-01-08 10:00:00,1910.87,1892.531,1920.0395,1892.531,0.7936,183.4,145.54,145.14,6,take_profit,23.33765,6.113,-1.77514,1.97353,,2021
XAUUSD,1,2021-01-08 10:00:00,2021-01-08 11:00:00,1904.86,1896.60311,1896.60311,1921.37378,0.8989,-82.6,-74.22,-74.62,1,stop_loss,25.87536,5.50459,-2.55372,1.69234,london,2021
XAUUSD,-1,2021-01-11 12:00:00,2021-01-11 22:00:00,1848.54,1845.12,1863.53676,1818.54647,0.49,34.2,16.76,16.36,10,time_exit,52.77073,9.99784,-2.7798,-2.11234,london,2021
XAUUSD,1,2021-01-12 20:00:00,2021-01-13 03:00:00,1839.54,1860.9226,1828.8487,1860.9226,0.6888,213.8,147.28,146.88,6,take_profit,26.4525,7.12753,-2.49001,-3.83511,new_york,2021
XAUUSD,-1,2021-01-13 09:00:00,2021-01-13 19:00:00,1859.35,1855.77,1868.08261,1841.88479,0.8601,35.8,30.79,30.39,10,time_exit,15.46022,5.82174,0.33389,-4.14724,london,2021
XAUUSD,1,2021-01-13 21:00:00,2021-01-13 22:00:00,1854.75,1846.35394,1846.35394,1871.54212,0.8982,-84.0,-75.41,-75.81,1,stop_loss,11.32301,5.59737,-0.39019,-3.88352,new_york,2021
XAUUSD,-1,2021-01-14 05:00:00,2021-01-14 15:00:00,1839.77,1843.82,1849.47148,1820.36704,0.7695,-40.5,-31.16,-31.56,10,time_exit,21.77096,6.46765,-2.29491,-3.39495,,2021
XAUUSD,1,2021-01-15 09:00:00,2021-01-15 15:00:00,1849.31,1841.28188,1841.28188,1865.36624,0.926,-80.3,-74.34,-74.74,6,stop_loss,17.04887,5.35208,-0.08434,-3.66483,london,2021
XAUUSD,1,2021-01-18 06:00:00,2021-01-18 16:00:00,1828.17,1833.77,1817.1399,1850.23021,0.6672,56.0,37.36,36.96,10,time_exit,38.80838,7.3534,-1.67305,-3.08274,,2021
XAUUSD,-1,2021-01-20 06:00:00,2021-01-20 09:00:00,1848.76,1854.88468,1854.88468,1836.51064,1.2076,-61.2,-73.96,-74.36,3,stop_loss,14.17627,4.08312,1.99723,-3.49255,,2021
XAUUSD,-1,2021-01-22 05:00:00,2021-01-22 13:00:00,1860.81,1847.3672,1867.5314,1847.3672,1.0893,134.4,146.43,146.03,8,take_profit,18.24854,4.48093,-0.22007,0.74734,,2021
XAUUSD,-1,2021-01-25 07:00:00,2021-01-25 12:00:00,1854.35,1861.12032,1861.12032,1840.80936,1.103,-67.7,-74.68,-75.08,5,stop_loss,25.93991,4.51355,-0.73853,-0.02974,london,2021
XAUUSD,1,2021-01-27 02:00:00,2021-01-27 03:00:00,1851.33,1845.14564,1845.14564,1863.69873,1.1954,-61.8,-73.93,-74.33,1,stop_loss,15.08171,4.12291,-0.90428,-0.44372,,2021
XAUUSD,1,2021-01-27 19:00:00,2021-01-28 03:00:00,1845.26,1836.46138,1836.46138,1862.85724,0.8318,-88.0,-73.19,-73.59,7,stop_loss,30.1434,5.86575,-0.88746,-0.80623,new_york,2021
XAUUSD,-1,2021-01-28 05:00:00,2021-01-28 15:00:00,1837.59,1845.81731,1845.81731,1821.13539,0.8806,-82.3,-72.45,-72.85,10,stop_loss,36.26976,5.48487,-1.82336,-1.16627,,2021
XAUUSD,1,2021-01-29 09:00:00,2021-01-29 14:00:00,1850.12,1866.32586,1842.01707,1866.32586,0.8851,162.1,143.44,143.04,5,take_profit,17.04778,5.40195,0.97023,-1.20351,london,2021
XAUUSD,-1,2021-01-29 15:00:00,2021-01-29 16:00:00,1865.26,1874.67248,1874.67248,1846.43504,0.7772,-94.1,-73.15,-73.55,1,stop_loss,23.6325,6.27499,2.88868,-0.71788,london,2021
XAUUSD,-1,2021-02-01 11:00:00,2021-02-01 21:00:00,1862.64,1859.49,1873.75837,1840.40326,0.6513,31.5,20.52,20.12,10,time_exit,19.93023,7.41225,1.32892,0.01983,london,2021
XAUUSD,-1,2021-02-02 11:00:00,2021-02-02 15:00:00,1849.95,1831.46524,1859.19238,1831.46524,0.7857,184.8,145.23,144.83,4,take_profit,15.82023,6.16159,-0.98763,0.34137,london,2021
XAUUSD,1,2021-02-03 10:00:00,2021-02-03 20:00:00,1837.09,1833.93,1829.74874,1851.77251,1.0089,-31.6,-31.88,-32.28,10,time_exit,19.23164,4.89417,-1.84955,-1.00123,london,2021
XAUUSD,-1,2021-02-08 12:00:00,2021-02-08 13:00:00,1813.81,1821.10472,1821.10472,1799.22057,1.0109,-72.9,-73.74,-74.14,1,stop_loss,14.73033,4.86314,0.41045,-3.97535,london,2021
XAUUSD,-1,2021-02-11 13:00:00,2021-02-11 15:00:00,1840.55,1846.94489,1846.94489,1827.76022,1.1416,-63.9,-73.0,-73.4,2,stop_loss,22.19353,4.26326,0.42473,0.81366,london,2021
XAUUSD,-1,2021-02-19 22:00:00,2021-02-22 03:00:00,1780.25,1789.5436,1789.5436,1761.66279,0.7776,-92.9,-72.27,-72.67,4,stop_loss,25.9866,6.19574,-0.06892,-3.6901,,2021
XAUUSD,-1,2021-02-23 13:00:00,2021-02-23 23:00:00,1805.81,1805.53,1813.10673,1791.21654,0.9804,2.8,2.75,2.35,10,time_exit,40.53509,4.86449,1.40489,-0.81819,london,2021
XAUUSD,-1,2021-02-25 05:00:00,2021-02-25 15:00:00,1796.47,1781.43,1805.18678,1779.03644,0.821,150.4,123.48,123.08,10,time_exit,21.54428,5.81119,-0.89353,-0.25288,,2021
XAUUSD,1,2021-02-25 20:00:00,2021-02-26 07:00:00,1773.27,1761.9904,1761.9904,1795.8292,0.6454,-112.8,-72.8,-73.2,10,stop_loss,38.74832,7.51973,-2.92464,-0.77467,new_york,2021
XAUUSD,1,2021-03-01 09:00:00,2021-03-01 13:00:00,1753.86,1743.45506,1743.45506,1774.66989,0.6926,-104.0,-72.06,-72.46,4,stop_loss,38.22894,6.93663,-1.0202,-3.73367,london,2021
XAUUSD,-1,2021-03-02 15:00:00,2021-03-03 02:00:00,1733.63,1735.1,1744.10903,1712.67194,0.6808,-14.7,-10.01,-10.41,10,time_exit,28.02258,6.98602,-0.51176,-4.98801,london,2021
XAUUSD,1,2021-03-03 02:00:00,2021-03-03 11:00:00,1736.58,1726.21568,1726.21568,1757.30863,0.6873,-103.6,-71.23,-71.63,9,stop_loss,19.87839,6.90954,0.10197,-4.69993,,2021
XAUUSD,-1,2021-03-03 14:00:00,2021-03-03 17:00:00,1724.11,1708.03898,1732.14551,1708.03898,0.8776,160.7,141.04,140.64,3,take_profit,16.06235,5.35701,-1.84709,-5.62409,london,2021
XAUUSD,1,2021-03-03 22:00:00,2021-03-04 09:00:00,1715.67,1717.91,1705.55527,1735.89947,0.7111,22.4,15.93,15.53,10,time_exit,28.16992,6.74316,-2.02779,-4.62095,,2021
XAUUSD,-1,2021-03-10 07:00:00,2021-03-10 15:00:00,1713.15,1720.05744,1720.05744,1699.33511,1.0435,-69.1,-72.08,-72.48,8,stop_loss,39.91032,4.60496,1.84614,-4.08178,london,2021
XAUUSD,1,2021-03-10 16:00:00,2021-03-11 03:00:00,1720.07,1726.12,1712.82023,1734.56955,0.9842,60.5,59.54,59.14,10,time_exit,27.3699,4.83318,2.58827,-3.1211,new_york,2021
XAUUSD,-1,2021-03-12 01:00:00,2021-03-12 10:00:00,1722.03,1706.79606,1729.64697,1706.79606,0.9445,152.3,143.88,143.48,9,take_profit,25.1627,5.07798,0.13431,-0.4062,,2021
XAUUSD,1,2021-03-15 23:00:00,2021-03-16 10:00:00,1730.99,1730.19,1723.67689,1745.61622,1.0034,-8.0,-8.03,-8.43,10,time_exit,25.05883,4.87541,1.45943,0.12146,,2021
XAUUSD,1,2021-03-16 13:00:00,2021-03-16 23:00:00,1731.2,1731.57,1725.35172,1742.89657,1.2533,3.7,4.64,4.24,10,time_exit,24.11353,3.89886,1.02874,0.73422,london,2021
XAUUSD,1,2021-03-18 18:00:00,2021-03-19 05:00:00,1728.47,1730.97,1718.88191,1747.64617,0.7649,25.0,19.12,18.72,10,time_exit,32.98103,6.39206,-1.22427,1.09163,new_york,2021
XAUUSD,1,2021-03-19 08:00:00,2021-03-19 18:00:00,1734.14,1740.06,1726.69252,1749.03497,0.9873,59.2,58.45,58.05,10,time_exit,22.99983,4.96499,-0.17805,1.05272,london,2021
XAUUSD,-1,2021-03-19 19:00:00,2021-03-22 06:00:00,1740.06,1740.68,1748.35111,1723.47778,0.8938,-6.2,-5.54,-5.94,10,time_exit,17.72494,5.52741,0.67716,1.0118,new_york,2021
XAUUSD,1,2021-03-22 09:00:00,2021-03-22 10:00:00,1737.04,1729.99762,1729.99762,1751.12477,1.0514,-70.4,-74.04,-74.44,1,stop_loss,13.40283,4.69492,-0.19732,1.28173,london,2021
XAUUSD,-1,2021-03-22 17:00:00,2021-03-22 20:00:00,1733.23,1740.51244,1740.51244,1718.66513,1.0066,-72.8,-73.3,-73.7,3,stop_loss,15.75528,4.85496,-0.63931,0.91277,new_york,2021
XAUUSD,-1,2021-03-23 18:00:00,2021-03-24 05:00:00,1730.01,1732.12,1736.50137,1717.02726,1.1179,-21.1,-23.59,-23.99,10,time_exit,13.14776,4.32758,-1.5925,0.87428,new_york,2021
XAUUSD,1,2021-03-25 14:00:00,2021-03-25 15:00:00,1731.47,1727.01223,1727.01223,1740.38555,1.6225,-44.6,-72.33,-72.73,1,stop_loss,14.28999,2.97185,-0.6388,0.21968,london,2021
XAUUSD,1,2021-03-25 15:00:00,2021-03-25 16:00:00,1728.43,1737.94086,1723.67457,1737.94086,1.5056,95.1,143.2,142.8,1,take_profit,14.43071,3.17029,-1.49664,0.15829,london,2021
XAUUSD,1,2021-03-25 17:00:00,2021-03-25 18:00:00,1738.89,1732.41858,1732.41858,1751.83284,1.1284,-64.7,-73.02,-73.42,1,stop_loss,16.46705,4.31428,1.30923,0.13271,new_york,2021
XAUUSD,1,2021-03-26 11:00:00,2021-03-26 14:00:00,1727.42,1721.73325,1721.73325,1738.79351,1.2712,-56.9,-72.29,-72.69,3,stop_loss,9.26371,3.79117,-0.83681,-0.36017,london,2021
XAUUSD,1,2021-03-26 14:00:00,2021-03-29 01:00:00,1725.74,1731.15,1719.75934,1737.70132,1.1966,54.1,64.74,64.34,10,time_exit,9.30143,3.98711,-1.14645,-0.39021,london,2021
XAUUSD,-1,2021-03-29 07:00:00,2021-03-29 16:00:00,1729.4,1719.32782,1734.43609,1719.32782,1.4338,100.7,144.41,144.01,9,take_profit,12.29389,3.35739,-0.34187,-0.34072,london,2021
XAUUSD,1,2021-03-30 13:00:00,2021-03-30 14:00:00,1696.25,1689.6855,1689.6855,1709.37899,1.1219,-65.6,-73.65,-74.05,1,stop_loss,43.59899,4.37633,-4.7347,-2.28444,london,2021
XAUUSD,1,2021-03-31 11:00:00,2021-03-31 16:00:00,1684.22,1697.60663,1677.52668,1697.60663,1.0893,133.9,145.82,145.42,5,take_profit,58.04184,4.46221,-3.12882,-4.63963,london,2021
XAUUSD,1,2021-04-01 02:00:00,2021-04-01 12:00:00,1707.91,1714.8,1700.74447,1722.24106,1.0378,68.9,71.5,71.1,10,time_exit,40.44106,4.77702,1.78067,-3.55761,,2021
XAUUSD,1,2021-04-01 16:00:00,2021-04-05 03:00:00,1718.84,1727.89,1712.24173,1732.03654,1.1378,90.5,102.97,102.57,10,time_exit,37.39808,4.39885,2.99419,-2.35788,new_york,2021
XAUUSD,-1,2021-04-05 08:00:00,2021-04-05 15:00:00,1724.51,1729.68656,1729.68656,1714.15687,1.4701,-51.8,-76.1,-76.5,7,stop_loss,35.72524,3.45104,2.65646,-0.65007,london,2021
XAUUSD,-1,2021-04-05 15:00:00,2021-04-05 18:00:00,1724.99,1730.0195,1730.0195,1714.931,1.4978,-50.3,-75.33,-75.73,3,stop_loss,24.42225,3.353,2.1515,-0.10954,london,2021
XAUUSD,-1,2021-04-06 13:00:00,2021-04-06 15:00:00,1732.07,1737.90511,1737.90511,1720.39978,1.2781,-58.4,-74.58,-74.98,2,stop_loss,19.73886,3.89007,1.76312,1.22764,london,2021
XAUUSD,-1,2021-04-06 21:00:00,2021-04-07 08:00:00,1743.8,1737.77,1749.85868,1731.68263,1.2185,60.3,73.48,73.08,10,time_exit,26.78088,4.03912,3.5625,1.84423,new_york,2021
XAUUSD,-1,2021-04-07 10:00:00,2021-04-07 15:00:00,1741.3,1731.32198,1746.28901,1731.32198,1.4944,99.8,149.11,148.71,5,take_profit,19.94049,3.32601,2.32126,2.86221,london,2021
XAUUSD,-1,2021-04-08 07:00:00,2021-04-08 08:00:00,1738.66,1743.57412,1743.57412,1728.83176,1.5475,-49.1,-76.05,-76.45,1,stop_loss,21.77027,3.27608,0.77557,2.89287,london,2021
XAUUSD,1,2021-04-08 12:00:00,2021-04-08 16:00:00,1743.26,1753.80363,1737.98818,1753.80363,1.428,105.4,150.56,150.16,4,take_profit,20.37709,3.51454,1.67742,2.82691,london,2021
XAUUSD,-1,2021-04-09 15:00:00,2021-04-09 16:00:00,1744.79,1734.98415,1749.69292,1734.98415,1.566,98.1,153.56,153.16,1,take_profit,28.53651,3.26862,-0.42268,4.05449,london,2021
XAUUSD,1,2021-04-09 16:00:00,2021-04-12 03:00:00,1738.31,1741.74,1732.75228,1749.42543,1.4091,34.3,48.33,47.93,10,time_exit,29.21197,3.70514,-2.06712,3.47825,new_york,2021
XAUUSD,-1,2021-04-12 10:00:00,2021-04-12 17:00:00,1740.91,1730.99356,1745.86822,1730.99356,1.5891,99.2,157.58,157.18,7,take_profit,34.35714,3.30548,-0.82571,2.81872,london,2021
XAUUSD,1,2021-04-12 23:00:00,2021-04-13 08:00:00,1732.52,1726.69005,1726.69005,1744.17991,1.3785,-58.3,-80.37,-80.77,8,stop_loss,31.4698,3.88664,-2.01112,1.49699,,2021
XAUUSD,1,2021-04-13 09:00:00,2021-04-13 15:00:00,1727.7,1738.93501,1722.08249,1738.93501,1.4162,112.4,159.11,158.71,6,take_profit,32.51434,3.745,-2.69315,0.92118,london,2021
XAUUSD,1,2021-04-15 17:00:00,2021-04-15 18:00:00,1754.59,1766.77155,1748.49922,1766.77155,1.3322,121.8,162.28,161.88,1,take_profit,24.17402,4.06052,3.18698,1.10093,new_york,2021
XAUUSD,1,2021-04-19 20:00:00,2021-04-20 07:00:00,1771.5,1772.36,1763.76052,1786.97895,1.0694,8.6,9.2,8.8,10,time_exit,28.74522,5.15965,0.03982,3.83066,new_york,2021
XAUUSD,-1,2021-04-20 15:00:00,2021-04-20 19:00:00,1773.28,1780.35673,1780.35673,1759.12655,1.1708,-70.8,-82.85,-83.25,4,stop_loss,21.89088,4.71782,0.45832,3.48382,london,2021
XAUUSD,-1,2021-04-21 16:00:00,2021-04-21 17:00:00,1786.42,1792.82212,1792.82212,1773.61577,1.2811,-64.0,-82.02,-82.42,1,stop_loss,19.57023,4.26808,2.25376,3.92457,new_york,2021
XAUUSD,1,2021-04-23 05:00:00,2021-04-23 08:00:00,1788.67,1782.72914,1782.72914,1800.55173,1.3667,-59.4,-81.19,-81.59,3,stop_loss,27.50812,3.96058,0.97354,4.13919,,2021
XAUUSD,1,2021-04-23 08:00:00,2021-04-23 16:00:00,1784.88,1795.67825,1779.48088,1795.67825,1.4887,108.0,160.75,160.35,8,take_profit,22.97079,3.59942,-0.03916,4.44572,london,2021
XAUUSD,1,2021-04-26 09:00:00,2021-04-26 15:00:00,1779.94,1774.64056,1774.64056,1790.53888,1.547,-53.0,-81.98,-82.38,6,stop_loss,18.62751,3.53296,-0.61753,2.99641,london,2021
XAUUSD,1,2021-04-27 05:00:00,2021-04-27 15:00:00,1775.14,1783.05,1769.58505,1786.2499,1.461,79.1,115.57,115.17,10,time_exit,18.46797,3.7033,-1.44274,2.06953,,2021
XAUUSD,1,2021-04-27 21:00:00,2021-04-28 03:00:00,1777.21,1771.4797,1771.4797,1788.6706,1.4364,-57.3,-82.31,-82.71,5,stop_loss,14.40634,3.8202,-0.84082,1.6949,new_york,2021
XAUUSD,1,2021-04-29 17:00:00,2021-04-29 21:00:00,1757.75,1773.77385,1749.73808,1773.77385,1.017,160.2,162.96,162.56,4,take_profit,22.78675,5.34128,-3.71952,0.51244,new_york,2021
XAUUSD,1,2021-05-03 09:00:00,2021-05-03 15:00:00,1774.26,1784.34049,1769.21975,1784.34049,1.6489,100.8,166.22,165.82,6,take_profit,16.56045,3.36016,0.72168,-0.40436,london,2021
XAUUSD,1,2021-05-04 08:00:00,2021-05-04 12:00:00,1788.74,1784.13368,1784.13368,1797.95265,1.8402,-46.1,-84.77,-85.17,4,stop_loss,39.75672,3.07088,2.29356,1.82,london,2021
XAUUSD,-1,2021-05-04 14:00:00,2021-05-04 15:00:00,1783.73,1788.65072,1788.65072,1773.88855,1.7053,-49.2,-83.91,-84.31,1,stop_loss,27.40172,3.28048,0.37567,1.78071,london,2021
XAUUSD,-1,2021-05-05 12:00:00,2021-05-05 15:00:00,1775.17,1780.81762,1780.81762,1763.87476,1.4709,-56.5,-83.07,-83.47,3,stop_loss,15.86973,3.76508,-1.56682,0.98052,london,2021
XAUUSD,-1,2021-05-06 07:00:00,2021-05-06 09:00:00,1789.76,1795.04777,1795.04777,1779.18446,1.5552,-52.9,-82.24,-82.64,2,stop_loss,9.67061,3.52518,1.95165,1.24575,london,2021
XAUUSD,1,2021-05-06 12:00:00,2021-05-06 14:00:00,1795.19,1789.76012,1789.76012,1806.04976,1.4993,-54.3,-81.41,-81.81,2,stop_loss,12.247,3.61992,2.92485,1.50277,london,2021
XAUUSD,1,2021-05-06 21:00:00,2021-05-07 08:00:00,1814.85,1818.1,1807.64277,1829.26445,1.1182,32.5,36.34,35.94,10,time_exit,26.13669,4.80482,4.94128,2.01481,new_york,2021
XAUUSD,-1,2021-05-07 15:00:00,2021-05-07 16:00:00,1820.11,1825.22639,1825.22639,1809.87722,1.5822,-51.2,-80.95,-81.35,1,stop_loss,47.41676,3.41093,4.62598,5.05981,london,2021
XAUUSD,-1,2021-05-07 22:00:00,2021-05-10 09:00:00,1830.87,1835.39,1839.61046,1813.38909,0.9169,-45.2,-41.44,-41.84,10,time_exit,58.53983,5.82697,3.31621,3.65522,,2021
XAUUSD,-1,2021-05-10 15:00:00,2021-05-11 02:00:00,1841.15,1836.19,1847.70643,1828.03715,1.2159,49.6,60.31,59.91,10,time_exit,63.83734,4.37095,4.19625,5.93729,london,2021
XAUUSD,-1,2021-05-11 09:00:00,2021-05-11 16:00:00,1836.95,1825.37488,1842.73756,1825.37488,1.3878,115.8,160.64,160.24,7,take_profit,46.99458,3.85837,1.84109,6.90797,london,2021
XAUUSD,1,2021-05-12 08:00:00,2021-05-12 15:00:00,1830.05,1824.08701,1824.08701,1841.97599,1.3738,-59.6,-81.92,-82.32,7,stop_loss,29.86994,3.97533,-0.46768,5.71034,london,2021
XAUUSD,1,2021-05-12 18:00:00,2021-05-12 23:00:00,1827.15,1818.27193,1818.27193,1844.90613,0.9135,-88.8,-81.1,-81.5,5,stop_loss,25.45144,5.91871,-0.87833,3.53273,new_york,2021
XAUUSD,1,2021-05-17 09:00:00,2021-05-17 14:00:00,1852.49,1846.48672,1846.48672,1864.49655,1.3373,-60.0,-80.28,-80.68,5,stop_loss,52.65725,4.00218,4.14929,3.91318,london,2021
XAUUSD,-1,2021-05-18 20:00:00,2021-05-19 07:00:00,1867.39,1867.98,1873.6592,1854.8516,1.2677,-5.9,-7.48,-7.88,10,time_exit,43.53778,4.17947,2.23014,6.01451,new_york,2021
XAUUSD,1,2021-05-19 14:00:00,2021-05-19 15:00:00,1857.54,1870.81134,1850.90433,1870.81134,1.1965,132.7,158.79,158.39,1,take_profit,27.11255,4.42378,-1.12662,5.46916,london,2021
XAUUSD,-1,2021-05-19 15:00:00,2021-05-19 16:00:00,1855.84,1862.66491,1862.66491,1842.19018,1.1866,-68.2,-80.98,-81.38,1,stop_loss,28.11302,4.54994,-1.41352,5.22154,london,2021
XAUUSD,1,2021-05-19 22:00:00,2021-05-20 09:00:00,1863.18,1871.05,1851.70744,1886.12511,0.6988,78.7,55.0,54.6,10,time_exit,27.26285,7.64837,-0.42051,3.28047,,2021
XAUUSD,-1,2021-05-20 21:00:00,2021-05-21 08:00:00,1876.73,1875.89,1885.4341,1859.32181,0.9273,8.4,7.79,7.39,10,time_exit,13.9257,5.80273,1.03643,3.9803,new_york,2021
XAUUSD,-1,2021-05-25 05:00:00,2021-05-25 06:00:00,1873.46,1879.06319,1879.06319,1862.25362,1.4418,-56.0,-80.79,-81.19,1,stop_loss,15.32558,3.73546,-1.52307,4.9189,,2021
XAUUSD,-1,2021-05-26 08:00:00,2021-05-26 15:00:00,1906.52,1912.00052,1912.00052,1895.55896,1.4593,-54.8,-79.98,-80.38,7,stop_loss,32.42446,3.65368,4.87941,5.69553,london,2021
XAUUSD,-1,2021-06-02 05:00:00,2021-06-02 15:00:00,1898.26,1904.01411,1904.01411,1886.75178,1.3759,-57.5,-79.17,-79.57,10,stop_loss,24.4413,3.83607,-1.29097,3.37055,,2021
XAUUSD,1,2021-06-03 04:00:00,2021-06-03 07:00:00,1908.35,1903.82047,1903.82047,1917.40905,1.7303,-45.3,-78.37,-78.77,3,stop_loss,25.8703,3.01968,1.60738,3.54076,,2021
XAUUSD,-1,2021-06-04 01:00:00,2021-06-04 04:00:00,1871.47,1858.22178,1878.09411,1858.22178,1.1713,132.5,155.18,154.78,3,take_profit,45.23551,4.41607,-5.02173,0.24556,,2021
XAUUSD,1,2021-06-07 23:00:00,2021-06-08 09:00:00,1899.83,1894.79117,1894.79117,1909.90767,1.5705,-50.4,-79.13,-79.53,9,stop_loss,24.50225,3.35922,3.49372,-0.26807,,2021
XAUUSD,1,2021-06-09 17:00:00,2021-06-09 22:00:00,1894.55,1888.7937,1888.7937,1906.06261,1.361,-57.6,-78.34,-78.74,5,stop_loss,14.11467,3.83754,0.59753,0.43534,new_york,2021
XAUUSD,1,2021-06-14 11:00:00,2021-06-14 15:00:00,1858.47,1851.91628,1851.91628,1871.57743,1.1833,-65.5,-77.55,-77.95,4,stop_loss,58.52568,4.36914,-5.21902,-1.48624,london,2021
XAUUSD,-1,2021-06-14 18:00:00,2021-06-15 05:00:00,1866.31,1862.18,1875.19109,1848.54783,0.8645,41.3,35.7,35.3,10,time_exit,57.92778,5.92072,-1.58767,-1.71628,new_york,2021
XAUUSD,1,2021-06-15 10:00:00,2021-06-15 17:00:00,1866.81,1860.74467,1860.74467,1878.94066,1.2716,-60.7,-77.13,-77.53,7,stop_loss,31.47937,4.04355,-0.98557,-2.9891,london,2021
XAUUSD,-1,2021-06-16 15:00:00,2021-06-16 17:00:00,1854.97,1860.11856,1860.11856,1844.67288,1.483,-51.5,-76.35,-76.75,2,stop_loss,26.6314,3.43237,-2.28775,-4.16676,london,2021
XAUUSD,-1,2021-06-18 06:00:00,2021-06-18 12:00:00,1784.51,1794.81634,1794.81634,1763.89731,0.7334,-103.1,-75.59,-75.99,6,stop_loss,60.89548,6.8709,-4.08341,-6.17637,,2021
XAUUSD,1,2021-06-18 19:00:00,2021-06-18 22:00:00,1774.18,1763.65919,1763.65919,1795.22162,0.7112,-105.2,-74.82,-75.22,3,stop_loss,39.12106,7.01387,-3.8448,-6.45304,new_york,2021
XAUUSD,1,2021-06-21 07:00:00,2021-06-21 17:00:00,1774.5,1782.58,1765.82209,1791.85581,0.8536,80.8,68.97,68.57,10,time_exit,37.95651,5.78527,-2.73526,-8.33628,london,2021
XAUUSD,1,2021-06-21 20:00:00,2021-06-22 07:00:00,1783.17,1788.03,1774.73145,1800.0471,0.8859,48.6,43.05,42.65,10,time_exit,20.05888,5.6257,-0.53463,-8.0399,new_york,2021
XAUUSD,-1,2021-06-22 22:00:00,2021-06-23 09:00:00,1780.2,1782.68,1787.94731,1764.70537,0.9705,-24.8,-24.07,-24.47,10,time_exit,12.98588,5.16488,-0.54004,-7.24323,,2021
XAUUSD,-1,2021-06-24 02:00:00,2021-06-24 12:00:00,1779.63,1781.56,1786.37983,1766.13033,1.1102,-19.3,-21.43,-21.83,10,time_exit,14.09911,4.49989,-0.60604,-6.49608,,2021
XAUUSD,1,2021-06-24 14:00:00,2021-06-24 17:00:00,1782.19,1776.27848,1776.27848,1794.01305,1.264,-59.1,-74.72,-75.12,3,stop_loss,18.62569,3.94102,0.37076,-6.86328,london,2021
XAUUSD,-1,2021-06-25 16:00:00,2021-06-28 03:00:00,1785.41,1780.62,1790.78712,1774.65577,1.3756,47.9,65.89,65.49,10,time_exit,18.33232,3.58474,1.46457,-5.95861,new_york,2021
XAUUSD,1,2021-07-01 09:00:00,2021-07-01 18:00:00,1776.89,1770.94254,1770.94254,1788.78492,1.2547,-59.5,-74.62,-75.02,9,stop_loss,28.81807,3.96497,2.147,-3.82176,london,2021
XAUUSD,1,2021-07-01 22:00:00,2021-07-02 09:00:00,1774.71,1775.85,1767.85509,1788.41983,1.0777,11.4,12.29,11.89,10,time_exit,21.75967,4.56994,0.80455,-2.48308,,2021
XAUUSD,-1,2021-07-02 10:00:00,2021-07-02 11:00:00,1775.85,1780.61424,1780.61424,1766.32152,1.5531,-47.6,-73.99,-74.39,1,stop_loss,20.24714,3.17616,0.78401,-2.71209,london,2021
XAUUSD,1,2021-07-05 03:00:00,2021-07-05 13:00:00,1786.23,1793.08,1779.41862,1799.85275,1.0754,68.5,73.66,73.26,10,time_exit,17.5264,4.54092,1.57187,-0.74193,,2021
XAUUSD,-1,2021-07-06 01:00:00,2021-07-06 05:00:00,1791.54,1796.58885,1796.58885,1781.44229,1.4653,-50.5,-73.98,-74.38,4,stop_loss,20.3713,3.3659,2.12528,0.28531,,2021
XAUUSD,1,2021-07-09 08:00:00,2021-07-09 18:00:00,1801.28,1807.92,1794.48689,1814.86621,1.0781,66.4,71.59,71.19,10,time_exit,13.35731,4.52874,-0.28895,1.92809,london,2021
XAUUSD,-1,2021-07-09 20:00:00,2021-07-12 07:00:00,1810.39,1803.04,1817.16804,1796.83393,1.091,73.5,80.19,79.79,10,time_exit,11.678,4.51869,1.5825,1.82062,new_york,2021
XAUUSD,-1,2021-07-15 05:00:00,2021-07-15 10:00:00,1827.6,1833.34698,1833.34698,1816.10604,1.3007,-57.5,-74.75,-75.15,5,stop_loss,35.06059,3.83132,3.10774,3.01473,,2021
XAUUSD,-1,2021-07-15 17:00:00,2021-07-16 02:00:00,1825.29,1831.30212,1831.30212,1813.26576,1.2308,-60.1,-74.0,-74.4,8,stop_loss,29.31712,4.00808,1.27654,3.34345,new_york,2021
XAUUSD,-1,2021-07-16 08:00:00,2021-07-16 14:00:00,1826.48,1817.03903,1831.20049,1817.03903,1.5518,94.4,146.51,146.11,6,take_profit,18.7172,3.14699,0.96024,4.40576,london,2021
XAUUSD,1,2021-07-22 06:00:00,2021-07-22 11:00:00,1798.85,1793.74854,1793.74854,1809.05292,1.4646,-51.0,-74.72,-75.12,5,stop_loss,25.11099,3.40097,-2.47442,-0.70164,,2021
XAUUSD,-1,2021-07-22 19:00:00,2021-07-23 06:00:00,1807.19,1803.13,1813.83338,1793.90324,1.1133,40.6,45.2,44.8,10,time_exit,25.13157,4.42892,0.64878,-0.93543,new_york,2021
XAUUSD,1,2021-07-26 06:00:00,2021-07-26 16:00:00,1804.96,1802.44,1799.00482,1816.87036,1.2495,-25.2,-31.49,-31.89,10,time_exit,13.63953,3.97012,0.40415,-0.9331,,2021
XAUUSD,-1,2021-07-27 12:00:00,2021-07-27 15:00:00,1796.23,1801.50442,1801.50442,1785.68115,1.4047,-52.7,-74.09,-74.49,3,stop_loss,29.29544,3.51628,-1.37207,-1.26918,london,2021
XAUUSD,1,2021-07-29 23:00:00,2021-07-30 10:00:00,1828.7,1829.31,1823.41093,1839.27813,1.3868,6.1,8.46,8.06,10,time_exit,41.11181,3.52604,4.18157,1.79194,,2021
XAUUSD,1,2021-08-02 04:00:00,2021-08-02 05:00:00,1816.57,1811.43267,1811.43267,1826.84466,1.4293,-51.4,-73.43,-73.83,1,stop_loss,39.56368,3.42489,-0.76188,2.28504,,2021
XAUUSD,1,2021-08-02 15:00:00,2021-08-03 02:00:00,1811.42,1812.51,1806.1159,1822.02821,1.3704,10.9,14.94,14.54,10,time_exit,40.77402,3.53607,-1.27028,1.33698,london,2021
XAUUSD,1,2021-08-03 05:00:00,2021-08-03 15:00:00,1812.38,1807.32554,1807.32554,1822.48892,1.441,-50.5,-72.83,-73.23,10,stop_loss,21.70358,3.36964,-0.72448,1.00665,,2021
XAUUSD,1,2021-08-03 17:00:00,2021-08-03 18:00:00,1813.74,1808.81547,1808.81547,1823.58906,1.4641,-49.2,-72.1,-72.5,1,stop_loss,18.48344,3.28302,0.09848,0.61719,new_york,2021
XAUUSD,-1,2021-08-03 22:00:00,2021-08-04 06:00:00,1809.99,1814.54559,1814.54559,1800.87882,1.5668,-45.6,-71.38,-71.78,7,stop_loss,14.73991,3.03706,-0.93989,0.49912,,2021
XAUUSD,-1,2021-08-04 17:00:00,2021-08-04 18:00:00,1827.48,1817.20217,1832.61892,1817.20217,1.375,102.8,141.32,140.92,1,take_profit,26.44065,3.42594,4.31677,0.66276,new_york,2021
XAUUSD,1,2021-08-05 16:00:00,2021-08-05 17:00:00,1809.25,1804.27388,1804.27388,1819.20225,1.4483,-49.8,-72.07,-72.47,1,stop_loss,12.76416,3.31742,-0.97193,0.20939,new_york,2021
XAUUSD,-1,2021-08-06 05:00:00,2021-08-06 15:00:00,1800.93,1791.78239,1805.50381,1791.78239,1.5598,91.5,142.68,142.28,10,take_profit,20.87621,3.0492,-2.68656,-0.57444,,2021
XAUUSD,1,2021-08-09 13:00:00,2021-08-09 18:00:00,1743.79,1729.02932,1729.02932,1773.31136,0.493,-147.6,-72.77,-73.17,5,stop_loss,56.62451,9.84045,-2.87165,-2.641,london,2021
XAUUSD,1,2021-08-09 23:00:00,2021-08-10 10:00:00,1728.79,1735.88,1716.86057,1752.64886,0.6038,70.9,42.81,42.41,10,time_exit,50.3448,7.95295,-3.80757,-4.12276,,2021
XAUUSD,1,2021-08-10 21:00:00,2021-08-11 08:00:00,1731.11,1734.29,1722.84652,1747.63696,0.8769,31.8,27.89,27.49,10,time_exit,34.33209,5.50899,-2.21735,-6.74301,new_york,2021
XAUUSD,1,2021-08-11 17:00:00,2021-08-11 20:00:00,1739.92,1753.98004,1732.88998,1753.98004,1.0346,140.6,145.47,145.07,3,take_profit,22.22967,4.68668,0.3798,-7.25643,new_york,2021
XAUUSD,1,2021-08-12 21:00:00,2021-08-13 08:00:00,1751.59,1755.92,1745.33439,1764.10122,1.1859,43.3,51.35,50.95,10,time_exit,28.43934,4.17041,1.13383,-4.90211,new_york,2021
XAUUSD,-1,2021-08-13 09:00:00,2021-08-13 10:00:00,1755.92,1760.32571,1760.32571,1747.10857,1.6954,-44.1,-74.69,-75.09,1,stop_loss,21.28446,2.93714,2.19609,-5.60575,london,2021
XAUUSD,1,2021-08-16 01:00:00,2021-08-16 08:00:00,1779.9,1774.80642,1774.80642,1790.08717,1.4517,-50.9,-73.94,-74.34,7,stop_loss,47.86804,3.39572,6.18849,-2.31659,,2021
XAUUSD,1,2021-08-19 10:00:00,2021-08-19 20:00:00,1782.16,1780.82,1776.34189,1793.79622,1.2581,-13.4,-16.86,-17.26,10,time_exit,20.19448,3.87874,-0.46058,1.91341,london,2021
XAUUSD,1,2021-08-19 22:00:00,2021-08-20 09:00:00,1780.08,1787.52,1773.44442,1793.35117,1.1005,74.4,81.88,81.48,10,time_exit,15.81362,4.42372,-0.87729,1.49612,,2021
XAUUSD,1,2021-08-23 10:00:00,2021-08-23 15:00:00,1785.93,1795.73695,1781.02653,1795.73695,1.5059,98.1,147.68,147.28,5,take_profit,15.35725,3.26898,0.67595,1.41722,london,2021
XAUUSD,-1,2021-08-24 09:00:00,2021-08-24 15:00:00,1803.38,1807.84797,1807.84797,1794.44407,1.6857,-44.7,-75.32,-75.72,6,stop_loss,23.5265,2.97864,3.24068,3.56175,london,2021
XAUUSD,-1,2021-08-25 18:00:00,2021-08-25 19:00:00,1784.43,1791.12257,1791.12257,1771.04486,1.114,-66.9,-74.56,-74.96,1,stop_loss,32.46069,4.46171,-2.69982,1.99593,new_york,2021
XAUUSD,-1,2021-08-25 22:00:00,2021-08-26 09:00:00,1792.26,1784.59,1798.55022,1779.67955,1.1734,76.7,90.0,89.6,10,time_exit,32.31593,4.19348,-0.77925,1.87802,,2021
XAUUSD,1,2021-08-26 19:00:00,2021-08-27 06:00:00,1793.15,1798.08,1786.43822,1806.57357,1.113,49.3,54.87,54.47,10,time_exit,28.65646,4.47452,0.36588,0.83505,new_york,2021
XAUUSD,1,2021-09-01 01:00:00,2021-09-01 11:00:00,1814.36,1810.82,1808.5588,1825.96239,1.2971,-35.4,-45.92,-46.32,10,time_exit,17.42186,3.86746,0.70558,3.00782,,2021
XAUUSD,-1,2021-09-01 15:00:00,2021-09-01 16:00:00,1813.01,1817.81978,1817.81978,1803.39045,1.5549,-48.1,-74.79,-75.19,1,stop_loss,15.09575,3.20652,0.259,3.39024,london,2021
XAUUSD,1,2021-09-02 11:00:00,2021-09-02 15:00:00,1814.76,1810.55308,1810.55308,1823.17384,1.7598,-42.1,-74.03,-74.43,4,stop_loss,8.43889,2.80461,0.64892,3.40291,london,2021
XAUUSD,-1,2021-09-06 08:00:00,2021-09-06 18:00:00,1826.46,1822.01,1830.93891,1817.50218,1.6363,44.5,72.82,72.42,10,time_exit,40.79578,2.98594,2.26902,3.65182,london,2021
XAUUSD,1,2021-09-06 19:00:00,2021-09-07 08:00:00,1822.01,1818.29309,1818.29309,1829.44383,1.9913,-37.2,-74.01,-74.41,8,stop_loss,26.0004,2.47794,0.30415,4.38389,new_york,2021
XAUUSD,1,2021-09-07 15:00:00,2021-09-07 17:00:00,1810.84,1806.46554,1806.46554,1819.58891,1.6749,-43.7,-73.27,-73.67,2,stop_loss,28.88253,2.9163,-3.13788,2.90593,london,2021
XAUUSD,1,2021-09-08 13:00:00,2021-09-08 16:00:00,1797.03,1792.20645,1792.20645,1806.6771,1.5037,-48.2,-72.53,-72.93,3,stop_loss,31.15663,3.2157,-3.24573,-0.49771,london,2021
XAUUSD,-1,2021-09-08 19:00:00,2021-09-09 06:00:00,1791.94,1788.3,1798.73952,1778.34096,1.056,36.4,38.44,38.04,10,time_exit,27.84982,4.53301,-2.75931,-0.81878,new_york,2021
XAUUSD,-1,2021-09-09 11:00:00,2021-09-09 14:00:00,1792.31,1797.14662,1797.14662,1782.63676,1.4924,-48.4,-72.18,-72.58,3,stop_loss,27.16944,3.22441,-1.67355,-2.42643,london,2021
XAUUSD,-1,2021-09-09 18:00:00,2021-09-09 20:00:00,1789.11,1795.63424,1795.63424,1776.06153,1.0953,-65.2,-71.46,-71.86,2,stop_loss,20.7884,4.34949,-1.75972,-1.8608,new_york,2021
XAUUSD,1,2021-09-10 23:00:00,2021-09-13 10:00:00,1787.89,1789.97,1781.50877,1800.65246,1.1086,20.8,23.06,22.66,10,time_exit,14.54278,4.25415,-1.83284,-1.60603,,2021
XAUUSD,-1,2021-09-13 15:00:00,2021-09-13 17:00:00,1789.87,1794.90016,1794.90016,1779.80968,1.4108,-50.3,-70.97,-71.37,2,stop_loss,14.67815,3.35344,-0.9188,-2.31444,london,2021
XAUUSD,-1,2021-09-13 17:00:00,2021-09-14 04:00:00,1793.92,1790.86,1799.83866,1782.08269,1.187,30.6,36.32,35.92,10,time_exit,15.07756,3.94577,0.2862,-1.97111,new_york,2021
XAUUSD,-1,2021-09-14 15:00:00,2021-09-14 16:00:00,1784.38,1788.69593,1788.69593,1775.74814,1.6361,-43.2,-70.61,-71.01,1,stop_loss,12.23062,2.87729,-2.55051,-2.45113,london,2021
XAUUSD,-1,2021-09-16 06:00:00,2021-09-16 09:00:00,1794.17,1784.95552,1798.77724,1784.95552,1.5172,92.1,139.8,139.4,3,take_profit,29.32973,3.07149,-0.79862,-0.73907,,2021
XAUUSD,1,2021-09-16 19:00:00,2021-09-17 06:00:00,1754.85,1758.01,1746.29058,1771.96885,0.8329,31.6,26.32,25.92,10,time_exit,58.92545,5.70628,-5.66459,-1.54074,new_york,2021
XAUUSD,-1,2021-09-20 14:00:00,2021-09-20 17:00:00,1756.99,1763.16375,1763.16375,1744.6425,1.159,-61.7,-71.55,-71.95,3,stop_loss,32.21529,4.11583,-0.91988,-5.1834,london,2021
XAUUSD,-1,2021-09-21 15:00:00,2021-09-21 16:00:00,1767.89,1773.10496,1773.10496,1757.46008,1.3583,-52.1,-70.83,-71.23,1,stop_loss,16.80374,3.47664,1.59627,-4.53362,london,2021
XAUUSD,1,2021-09-21 21:00:00,2021-09-22 08:00:00,1776.48,1777.8,1770.54079,1788.35842,1.1807,13.2,15.59,15.19,10,time_exit,26.8896,3.95947,2.85733,-3.22692,new_york,2021
XAUUSD,1,2021-09-22 13:00:00,2021-09-22 15:00:00,1776.4,1771.75215,1771.75215,1785.6957,1.512,-46.5,-70.28,-70.68,2,stop_loss,27.88596,3.09857,2.00697,-2.42518,london,2021
XAUUSD,1,2021-09-22 18:00:00,2021-09-22 21:00:00,1774.64,1769.4913,1769.4913,1784.9374,1.3512,-51.5,-69.57,-69.97,3,stop_loss_ambiguous,21.76318,3.43247,1.10675,-1.94183,new_york,2021
XAUUSD,-1,2021-09-23 11:00:00,2021-09-23 12:00:00,1766.85,1773.00304,1773.00304,1754.54392,1.1193,-61.5,-68.87,-69.27,1,stop_loss,34.04735,4.10203,-0.56688,-1.67781,london,2021
XAUUSD,-1,2021-09-24 07:00:00,2021-09-24 17:00:00,1752.25,1749.04,1758.98081,1738.78837,1.0129,32.1,32.51,32.11,10,time_exit,41.04227,4.48721,-1.91364,-2.56819,london,2021
XAUUSD,1,2021-09-27 11:00:00,2021-09-27 12:00:00,1753.88,1748.10408,1748.10408,1765.43184,1.1859,-57.8,-68.5,-68.9,1,stop_loss,19.93116,3.85061,-0.51612,-3.07687,london,2021
XAUUSD,1,2021-09-29 13:00:00,2021-09-29 16:00:00,1742.78,1736.88945,1736.88945,1754.5611,1.1511,-58.9,-67.81,-68.21,3,stop_loss,31.29808,3.92703,-0.048,-3.86755,london,2021
XAUUSD,1,2021-09-30 07:00:00,2021-09-30 10:00:00,1732.92,1727.45022,1727.45022,1743.85957,1.2272,-54.7,-67.13,-67.53,3,stop_loss,34.07408,3.64652,-1.10348,-4.65645,london,2021
XAUUSD,-1,2021-10-01 01:00:00,2021-10-01 11:00:00,1756.36,1752.88,1763.80275,1741.4745,0.8928,34.8,31.07,30.67,10,time_exit,33.75607,4.96183,3.31037,-2.33686,,2021
XAUUSD,1,2021-10-01 18:00:00,2021-10-04 05:00:00,1758.77,1759.0,1751.30246,1773.70507,0.894,2.3,2.06,1.66,10,time_exit,33.01522,4.97836,2.24417,-0.99753,new_york,2021
XAUUSD,-1,2021-10-04 18:00:00,2021-10-05 05:00:00,1766.45,1762.03,1774.71292,1749.92416,0.8081,44.2,35.72,35.32,10,time_exit,25.21239,5.50861,2.31169,-0.00057,new_york,2021
XAUUSD,1,2021-10-06 18:00:00,2021-10-07 05:00:00,1759.97,1758.86,1753.41424,1773.08152,1.0239,-11.1,-11.37,-11.77,10,time_exit,21.45898,4.37051,0.81955,0.22752,new_york,2021
XAUUSD,-1,2021-10-11 18:00:00,2021-10-12 05:00:00,1757.47,1758.62,1764.14088,1744.12824,1.0045,-11.5,-11.55,-11.95,10,time_exit,9.46712,4.44725,-0.00502,0.11932,new_york,2021
XAUUSD,1,2021-10-12 13:00:00,2021-10-12 15:00:00,1760.09,1755.07851,1755.07851,1770.11297,1.3347,-50.1,-66.89,-67.29,2,stop_loss,12.08921,3.34099,0.86725,0.09085,london,2021
XAUUSD,1,2021-10-13 03:00:00,2021-10-13 13:00:00,1760.41,1770.88485,1755.17257,1770.88485,1.2643,104.7,132.43,132.03,10,take_profit,9.27191,3.49162,0.46386,0.38717,,2021
XAUUSD,1,2021-10-14 21:00:00,2021-10-15 08:00:00,1797.21,1792.58,1791.40659,1808.81683,1.1637,-46.3,-53.88,-54.28,10,time_exit,23.10852,3.86894,3.51217,4.29506,new_york,2021
XAUUSD,1,2021-10-15 16:00:00,2021-10-18 03:00:00,1767.56,1771.37,1761.09667,1780.48666,1.0365,38.1,39.49,39.09,10,time_exit,33.81632,4.30889,-4.37732,3.59403,new_york,2021
XAUUSD,1,2021-10-18 12:00:00,2021-10-18 22:00:00,1762.77,1764.22,1756.99582,1774.31835,1.167,14.5,16.92,16.52,10,time_exit,53.30163,3.84945,-3.6036,1.62905,london,2021
XAUUSD,-1,2021-10-18 22:00:00,2021-10-19 04:00:00,1765.76,1771.58847,1771.58847,1754.10306,1.159,-58.3,-67.55,-67.95,5,stop_loss,39.97038,3.88565,-1.89157,0.82983,,2021
XAUUSD,-1,2021-10-20 14:00:00,2021-10-20 15:00:00,1780.16,1784.81714,1784.81714,1770.84573,1.4359,-46.6,-66.87,-67.27,1,stop_loss,20.35142,3.10476,1.9821,0.93862,london,2021
XAUUSD,-1,2021-10-21 12:00:00,2021-10-21 22:00:00,1786.03,1783.97,1791.58106,1774.92787,1.1925,20.6,24.57,24.17,10,time_exit,20.8611,3.70071,1.63595,1.70171,london,2021
XAUUSD,1,2021-10-22 20:00:00,2021-10-25 07:00:00,1797.39,1800.55,1787.05921,1818.05159,0.6431,31.6,20.32,19.92,10,time_exit,34.74904,6.8872,1.44056,1.41314,new_york,2021
XAUUSD,-1,2021-10-25 07:00:00,2021-10-25 16:00:00,1798.46,1806.27915,1806.27915,1782.82171,0.8523,-78.2,-66.64,-67.04,9,stop_loss,19.84938,5.21276,1.64827,2.02463,london,2021
XAUUSD,-1,2021-10-27 04:00:00,2021-10-27 14:00:00,1791.96,1791.22,1797.22209,1781.43582,1.2537,7.4,9.28,8.88,10,time_exit,27.39428,3.50806,-1.44001,2.96168,,2021
XAUUSD,-1,2021-10-28 15:00:00,2021-10-28 16:00:00,1801.96,1807.49877,1807.49877,1790.88246,1.1926,-55.4,-66.06,-66.46,1,stop_loss,15.74592,3.69251,1.41298,2.0644,london,2021
XAUUSD,1,2021-10-29 08:00:00,2021-10-29 15:00:00,1794.37,1788.76755,1788.76755,1805.57491,1.1672,-56.0,-65.39,-65.79,7,stop_loss,11.95897,3.73497,-0.87922,1.89732,london,2021
XAUUSD,-1,2021-11-02 10:00:00,2021-11-02 20:00:00,1793.76,1787.46,1798.21913,1784.84175,1.4517,63.0,91.46,91.06,10,time_exit,17.87785,2.97275,1.10789,0.28148,london,2021
XAUUSD,-1,2021-11-03 03:00:00,2021-11-03 09:00:00,1787.22,1778.6492,1791.5054,1778.6492,1.5318,85.7,131.29,130.89,6,take_profit,14.45039,2.85693,-1.00451,0.13688,,2021
XAUUSD,1,2021-11-04 06:00:00,2021-11-04 15:00:00,1776.28,1789.88764,1769.47618,1789.88764,0.9841,136.1,133.91,133.51,9,take_profit,29.55936,4.53588,-0.91395,-1.35189,,2021
XAUUSD,-1,2021-11-05 03:00:00,2021-11-05 08:00:00,1791.37,1796.83394,1796.83394,1780.44212,1.2498,-54.6,-68.29,-68.69,5,stop_loss,27.6363,3.64263,1.99515,-0.64145,,2021
XAUUSD,-1,2021-11-05 17:00:00,2021-11-05 18:00:00,1799.31,1806.29063,1806.29063,1785.34874,0.9684,-69.8,-67.6,-68.0,1,stop_loss,33.11796,4.65375,2.26477,0.26263,new_york,2021
XAUUSD,1,2021-11-08 16:00:00,2021-11-09 03:00:00,1821.81,1824.85,1815.40297,1834.62406,1.0445,30.4,31.75,31.35,10,time_exit,30.80187,4.27135,3.9118,2.77072,new_york,2021
XAUUSD,1,2021-11-10 01:00:00,2021-11-10 05:00:00,1831.78,1826.18348,1826.18348,1842.97304,1.2014,-56.0,-67.24,-67.64,4,stop_loss,24.35824,3.73101,3.1167,4.91736,,2021
XAUUSD,1,2021-11-11 01:00:00,2021-11-11 11:00:00,1849.3,1862.02,1839.57057,1868.75885,0.6841,127.2,87.02,86.62,10,time_exit,34.52146,6.48628,2.7486,3.44568,,2021
XAUUSD,1,2021-11-11 23:00:00,2021-11-12 04:00:00,1862.6,1855.70065,1855.70065,1876.39869,0.9773,-69.0,-67.43,-67.83,4,stop_loss,37.69627,4.59956,3.35239,6.21535,,2021
XAUUSD,1,2021-11-12 08:00:00,2021-11-12 10:00:00,1859.89,1854.20434,1854.20434,1871.26131,1.174,-56.9,-66.75,-67.15,2,stop_loss,25.68587,3.79044,2.50833,7.57159,london,2021
XAUUSD,-1,2021-11-12 10:00:00,2021-11-12 17:00:00,1856.46,1862.09307,1862.09307,1845.19387,1.173,-56.3,-66.08,-66.48,7,stop_loss,23.15223,3.75538,1.4631,7.59236,london,2021
XAUUSD,1,2021-11-15 15:00:00,2021-11-16 02:00:00,1863.94,1864.25,1858.00695,1875.80611,1.1025,3.1,3.42,3.02,10,time_exit,15.46823,3.95537,1.63059,6.52498,london,2021
XAUUSD,1,2021-11-16 22:00:00,2021-11-17 09:00:00,1851.61,1856.25,1844.16111,1866.50778,0.8785,46.4,40.76,40.36,10,time_exit,23.35663,4.96593,-2.00905,4.34517,,2021
XAUUSD,-1,2021-11-18 20:00:00,2021-11-19 07:00:00,1860.78,1861.0,1867.32252,1847.69496,1.0064,-2.2,-2.21,-2.61,10,time_exit,18.92611,4.36168,-0.42629,3.41398,new_york,2021
XAUUSD,1,2021-11-19 09:00:00,2021-11-19 10:00:00,1858.95,1854.0408,1854.0408,1868.7684,1.3407,-49.1,-65.82,-66.22,1,stop_loss,27.51739,3.2728,-0.87054,3.86548,london,2021
XAUUSD,1,2021-11-22 14:00:00,2021-11-22 15:00:00,1842.59,1835.41619,1835.41619,1856.93762,0.9083,-71.7,-65.16,-65.56,1,stop_loss,51.82802,4.78254,-2.16036,0.739,london,2021
XAUUSD,-1,2021-11-23 02:00:00,2021-11-23 12:00:00,1809.0,1796.78,1817.75369,1791.49262,0.7368,122.2,90.04,89.64,10,time_exit,65.01898,5.83579,-5.15501,-1.16065,,2021
XAUUSD,-1,2021-11-24 14:00:00,2021-11-25 01:00:00,1787.27,1789.64,1793.57787,1774.65426,1.0368,-23.7,-24.57,-24.97,10,time_exit,40.19617,4.20525,-4.15679,-6.19617,london,2021
XAUUSD,1,2021-11-25 04:00:00,2021-11-25 14:00:00,1791.92,1790.76,1785.6478,1804.46439,1.0387,-11.6,-12.05,-12.45,10,time_exit,30.56549,4.18146,-1.39163,-6.64505,,2021
XAUUSD,1,2021-11-26 14:00:00,2021-11-26 15:00:00,1811.77,1805.25437,1805.25437,1824.80126,0.998,-65.2,-65.03,-65.43,1,stop_loss,31.447,4.34375,3.43173,-4.61659,london,2021
XAUUSD,1,2021-11-29 17:00:00,2021-11-30 04:00:00,1788.12,1788.66,1780.12738,1804.10524,0.8054,5.4,4.35,3.95,10,time_exit,25.14107,5.32841,-1.35604,-3.19523,new_york,2021
XAUUSD,-1,2021-11-30 19:00:00,2021-12-01 06:00:00,1774.28,1779.48,1784.77662,1753.28676,0.6136,-52.0,-31.91,-32.31,10,time_exit,21.01109,6.99775,-2.4942,-2.21312,new_york,2021
XAUUSD,-1,2021-12-01 22:00:00,2021-12-02 09:00:00,1782.2,1775.22,1790.67497,1765.25006,0.7562,69.8,52.78,52.38,10,time_exit,11.60909,5.64998,-0.62804,-2.76692,,2021
XAUUSD,-1,2021-12-06 23:00:00,2021-12-07 10:00:00,1779.19,1781.74,1785.1776,1767.21481,1.0791,-25.5,-27.52,-27.92,10,time_exit,10.99175,3.99173,-0.04171,-2.63341,,2021
XAUUSD,1,2021-12-08 02:00:00,2021-12-08 12:00:00,1784.73,1792.01,1779.43222,1795.32556,1.2143,72.8,88.4,88.0,10,time_exit,10.52523,3.53185,1.03829,-1.96704,,2021
XAUUSD,-1,2021-12-09 05:00:00,2021-12-09 15:00:00,1783.33,1774.15845,1787.91577,1774.15845,1.422,91.7,130.42,130.02,10,take_profit,10.68361,3.05718,-0.19424,-1.16584,,2021
XAUUSD,-1,2021-12-10 08:00:00,2021-12-10 15:00:00,1777.04,1781.54707,1781.54707,1768.02587,1.4757,-45.1,-66.51,-66.91,7,stop_loss,14.02704,3.00471,-1.18503,-1.68022,london,2021
XAUUSD,1,2021-12-13 04:00:00,2021-12-13 14:00:00,1786.76,1789.96,1781.93205,1796.4159,1.3638,32.0,43.64,43.24,10,time_exit,34.35561,3.21863,1.98304,-1.30709,,2021
XAUUSD,1,2021-12-16 10:00:00,2021-12-16 17:00:00,1784.84,1796.75658,1778.88171,1796.75658,1.1123,119.2,132.55,132.15,7,take_profit,23.82613,3.97219,1.93855,-1.11353,london,2021
XAUUSD,-1,2021-12-16 22:00:00,2021-12-17 04:00:00,1796.98,1802.76193,1802.76193,1785.41614,1.1691,-57.8,-67.6,-68.0,5,stop_loss,24.34616,3.85462,3.70008,0.06891,,2021
XAUUSD,1,2021-12-21 05:00:00,2021-12-21 15:00:00,1791.2,1798.05,1786.43019,1800.73962,1.4029,68.5,96.1,95.7,10,time_exit,27.34789,3.17987,-1.33259,1.9333,,2021
XAUUSD,-1,2021-12-22 05:00:00,2021-12-22 14:00:00,1788.94,1793.18066,1793.18066,1780.45868,1.6005,-42.4,-67.87,-68.27,9,stop_loss,19.56936,2.82711,-1.40904,1.11063,,2021
XAUUSD,1,2021-12-23 05:00:00,2021-12-23 15:00:00,1806.74,1807.31,1802.51898,1815.18204,1.5918,5.7,9.07,8.67,10,time_exit,35.90646,2.81401,3.90781,1.64204,,2021
XAUUSD,-1,2021-12-27 21:00:00,2021-12-27 22:00:00,1807.73,1811.92729,1811.92729,1799.33542,1.6029,-42.0,-67.28,-67.68,1,stop_loss,14.6339,2.79819,0.78529,3.21908,new_york,2021
XAUUSD,1,2021-12-28 22:00:00,2021-12-29 09:00:00,1807.01,1804.38,1802.30036,1816.42928,1.4141,-26.3,-37.19,-37.59,10,time_exit,18.23357,3.13976,-0.87543,3.13789,,2021
XAUUSD,1,2021-12-29 14:00:00,2021-12-29 15:00:00,1797.03,1792.77944,1792.77944,1805.53111,1.558,-42.5,-66.22,-66.62,1,stop_loss,29.48328,2.8337,-3.57423,2.342,london,2021
XAUUSD,1,2021-12-29 18:00:00,2021-12-30 05:00:00,1799.93,1801.54,1794.42589,1810.93822,1.1911,16.1,19.18,18.78,10,time_exit,35.10472,3.66941,-1.49456,1.38141,new_york,2021
XAUUSD,-1,2021-12-30 11:00:00,2021-12-30 16:00:00,1801.71,1805.89452,1805.89452,1793.34096,1.5712,-41.8,-65.75,-66.15,5,stop_loss,24.98807,2.78968,-0.74544,1.14205,london,2021
XAUUSD,1,2021-12-30 17:00:00,2021-12-30 22:00:00,1805.88,1815.74407,1800.94797,1815.74407,1.3196,98.6,130.17,129.77,5,take_profit,19.70928,3.28802,0.72219,0.87786,new_york,2021
XAUUSD,-1,2022-01-04 03:00:00,2022-01-04 13:00:00,1804.34,1804.06,1809.7984,1793.4232,1.2161,2.8,3.41,3.01,10,time_exit,38.26107,3.63893,-2.39003,1.64614,,2022
XAUUSD,-1,2022-01-05 09:00:00,2022-01-05 10:00:00,1813.11,1817.53627,1817.53627,1804.25747,1.5004,-44.3,-66.41,-66.81,1,stop_loss,20.27564,2.95084,0.40689,1.34293,london,2022
XAUUSD,1,2022-01-07 02:00:00,2022-01-07 12:00:00,1791.41,1791.32,1784.79441,1804.64117,0.9938,-0.9,-0.89,-1.29,10,time_exit,27.38905,4.41039,-2.59254,-0.87932,,2022
XAUUSD,1,2022-01-10 19:00:00,2022-01-11 04:00:00,1793.97,1806.24259,1787.83371,1806.24259,1.0712,122.7,131.46,131.06,8,take_profit,17.2149,4.09086,-0.44845,-1.6136,new_york,2022
XAUUSD,1,2022-01-12 03:00:00,2022-01-12 09:00:00,1820.82,1815.91043,1815.91043,1830.63915,1.3655,-49.1,-67.04,-67.44,6,stop_loss,35.87054,3.27305,4.31185,0.7477,,2022
XAUUSD,1,2022-01-12 19:00:00,2022-01-13 06:00:00,1824.83,1826.04,1819.50651,1835.47697,1.2467,12.1,15.09,14.69,10,time_exit,28.20642,3.54899,3.36133,1.78561,new_york,2022
XAUUSD,-1,2022-01-13 17:00:00,2022-01-14 03:00:00,1818.66,1823.66571,1823.66571,1808.64857,1.3288,-50.1,-66.52,-66.92,9,stop_loss,22.7866,3.33714,-0.214,2.80714,new_york,2022
XAUUSD,1,2022-01-14 15:00:00,2022-01-14 19:00:00,1820.95,1816.36198,1816.36198,1830.12604,1.4351,-45.9,-65.84,-66.24,4,stop_loss,18.15541,3.05868,-0.17865,2.9759,london,2022
XAUUSD,-1,2022-01-18 03:00:00,2022-01-18 09:00:00,1820.21,1813.98562,1823.32219,1813.98562,2.0944,62.2,130.36,129.96,6,take_profit,15.5378,2.07479,0.07026,2.75774,,2022
XAUUSD,-1,2022-01-18 17:00:00,2022-01-19 04:00:00,1818.26,1811.78,1824.42872,1805.92255,1.0777,64.8,69.83,69.43,10,time_exit,27.11685,4.11248,-0.00211,0.90941,new_york,2022
XAUUSD,1,2022-01-20 06:00:00,2022-01-20 16:00:00,1839.66,1846.23,1834.3613,1850.25741,1.2678,65.7,83.29,82.89,10,time_exit,43.85957,3.53247,3.88837,2.33657,,2022
XAUUSD,-1,2022-01-20 20:00:00,2022-01-21 07:00:00,1842.46,1841.37,1848.37032,1830.63935,1.1506,10.9,12.54,12.14,10,time_exit,42.18826,3.94022,2.47192,3.01374,new_york,2022
XAUUSD,1,2022-01-21 13:00:00,2022-01-21 22:00:00,1834.02,1828.71462,1828.71462,1844.63077,1.2841,-53.1,-68.13,-68.53,9,stop_loss,24.25787,3.53692,-0.36956,3.37091,london,2022
XAUUSD,-1,2022-01-26 22:00:00,2022-01-27 09:00:00,1819.56,1810.99,1826.99763,1804.68474,0.9068,85.7,77.71,77.31,10,time_exit,28.55314,4.95842,-4.27435,1.6126,,2022
XAUUSD,-1,2022-01-27 14:00:00,2022-01-27 15:00:00,1811.45,1798.17187,1818.08906,1798.17187,1.0275,132.8,136.43,136.03,1,take_profit,49.03286,4.42604,-4.0078,-0.27162,london,2022
XAUUSD,-1,2022-01-27 17:00:00,2022-01-28 04:00:00,1805.62,1798.69,1814.13554,1788.58892,0.817,69.3,56.62,56.22,10,time_exit,49.84893,5.67703,-3.64456,-0.5723,new_york,2022
XAUUSD,-1,2022-01-28 06:00:00,2022-01-28 12:00:00,1799.14,1786.5011,1805.45945,1786.5011,1.1099,126.4,140.28,139.88,6,take_profit,48.69927,4.21297,-3.73354,-2.58902,,2022
XAUUSD,-1,2022-01-31 07:00:00,2022-01-31 13:00:00,1787.27,1793.15448,1793.15448,1775.50105,1.2157,-58.8,-71.54,-71.94,6,stop_loss,28.1626,3.92298,-2.91896,-4.90436,london,2022
XAUUSD,1,2022-01-31 19:00:00,2022-02-01 06:00:00,1797.22,1799.45,1791.27385,1809.1123,1.191,22.3,26.56,26.16,10,time_exit,20.17061,3.9641,0.17294,-4.68907,new_york,2022
XAUUSD,-1,2022-02-02 10:00:00,2022-02-02 11:00:00,1796.82,1801.01743,1801.01743,1788.42515,1.6934,-42.0,-71.08,-71.48,1,stop_loss,27.535,2.79828,-1.01571,-3.93526,london,2022
XAUUSD,1,2022-02-02 11:00:00,2022-02-02 15:00:00,1798.8,1807.39879,1794.5006,1807.39879,1.6366,86.0,140.73,140.33,4,take_profit,28.12697,2.86626,-0.26556,-3.81179,london,2022
XAUUSD,-1,2022-02-04 10:00:00,2022-02-04 11:00:00,1807.36,1811.51027,1811.51027,1799.05946,1.7292,-41.5,-71.77,-72.17,1,stop_loss,21.59261,2.76685,1.06498,-1.51367,london,2022
XAUUSD,-1,2022-02-04 19:00:00,2022-02-07 03:00:00,1806.91,1814.49966,1814.49966,1791.73069,0.9361,-75.9,-71.05,-71.45,7,stop_loss,25.71721,5.05977,0.33278,-0.65067,new_york,2022
XAUUSD,-1,2022-02-07 03:00:00,2022-02-07 13:00:00,1813.26,1813.64,1819.39545,1800.98911,1.1463,-3.8,-4.36,-4.76,10,time_exit,22.8597,4.0903,1.72013,-0.59511,,2022
XAUUSD,1,2022-02-08 12:00:00,2022-02-08 17:00:00,1819.86,1828.04722,1815.76639,1828.04722,1.7169,81.9,140.57,140.17,5,take_profit,28.63731,2.72907,1.93087,1.39047,london,2022
XAUUSD,-1,2022-02-10 01:00:00,2022-02-10 11:00:00,1833.08,1832.55,1837.02506,1825.18987,1.8171,5.3,9.63,9.23,10,time_exit,35.74202,2.63004,2.99077,3.53349,,2022
XAUUSD,-1,2022-02-11 04:00:00,2022-02-11 14:00:00,1825.7,1830.46,1831.63242,1813.83517,1.2099,-47.6,-57.59,-57.99,10,time_exit,27.53547,3.95494,-0.91105,2.48566,,2022
XAUUSD,-1,2022-02-14 01:00:00,2022-02-14 11:00:00,1860.13,1857.37,1868.97762,1842.43475,0.8047,27.6,22.21,21.81,10,time_exit,38.66702,5.89842,4.28591,1.92541,,2022
XAUUSD,-1,2022-02-14 23:00:00,2022-02-15 10:00:00,1871.86,1861.58,1880.48089,1854.61822,0.8284,102.8,85.16,84.76,10,time_exit,41.82946,5.74726,3.88109,3.45804,,2022
XAUUSD,1,2022-02-16 05:00:00,2022-02-16 15:00:00,1852.36,1858.7,1845.63235,1865.81529,1.0741,63.4,68.1,67.7,10,time_exit,31.60699,4.4851,-0.68512,4.06292,,2022
XAUUSD,1,2022-02-18 20:00:00,2022-02-21 06:00:00,1896.9,1889.68414,1889.68414,1911.33172,1.0108,-72.2,-72.94,-73.34,9,stop_loss,28.13109,4.81057,2.35079,5.74257,new_york,2022
XAUUSD,1,2022-02-22 14:00:00,2022-02-23 01:00:00,1893.86,1898.27,1885.45321,1910.67358,0.8589,44.1,37.88,37.48,10,time_exit,20.96262,5.60453,-0.65348,4.69601,london,2022
XAUUSD,1,2022-02-24 12:00:00,2022-02-24 16:00:00,1953.45,1942.91089,1942.91089,1974.52823,0.6887,-105.4,-72.58,-72.98,4,stop_loss,41.28219,7.02608,5.8447,3.88786,london,2022
XAUUSD,1,2022-02-28 02:00:00,2022-02-28 09:00:00,1910.06,1894.3757,1894.3757,1941.4286,0.4581,-156.8,-71.85,-72.25,7,stop_loss,29.87719,10.4562,0.30654,1.36277,,2022
XAUUSD,1,2022-03-01 02:00:00,2022-03-01 12:00:00,1906.29,1925.2,1894.18129,1930.50743,0.5874,189.1,111.08,110.68,10,time_exit,15.18338,8.07248,-0.0292,1.3707,,2022
XAUUSD,1,2022-03-02 22:00:00,2022-03-03 09:00:00,1927.93,1932.17,1914.82945,1954.1311,0.5514,42.4,23.38,22.98,10,time_exit,20.72685,8.7337,0.38084,2.0654,,2022
XAUUSD,-1,2022-03-03 09:00:00,2022-03-03 13:00:00,1927.65,1937.06206,1937.06206,1908.82587,0.7699,-94.1,-72.46,-72.86,4,stop_loss,12.98796,6.27471,0.34534,2.71601,london,2022
XAUUSD,1,2022-03-03 19:00:00,2022-03-04 06:00:00,1930.38,1939.06,1920.07423,1950.99154,0.6961,86.8,60.42,60.02,10,time_exit,10.43116,6.87051,0.51784,2.38946,new_york,2022
XAUUSD,1,2022-03-08 21:00:00,2022-03-09 08:00:00,2044.41,2049.18,2018.59838,2096.03324,0.2802,47.7,13.37,12.97,10,time_exit,24.77151,17.20775,2.79836,2.78753,new_york,2022
XAUUSD,1,2022-03-10 14:00:00,2022-03-10 17:00:00,2005.3,1988.90272,1988.90272,2038.09456,0.4419,-164.0,-72.46,-72.86,3,stop_loss,26.93543,10.93152,0.5836,2.90023,london,2022
XAUUSD,-1,2022-03-15 05:00:00,2022-03-15 15:00:00,1941.19,1919.40696,1952.08152,1919.40696,0.6587,217.8,143.48,143.08,10,take_profit,56.11848,7.26101,-4.04891,-0.03202,,2022
XAUUSD,-1,2022-03-16 03:00:00,2022-03-16 13:00:00,1917.63,1921.17,1929.03484,1894.82032,0.6416,-35.4,-22.71,-23.11,10,time_exit,59.93704,7.60323,-3.48384,-2.3442,,2022
XAUUSD,-1,2022-03-16 16:00:00,2022-03-16 21:00:00,1920.01,1899.90387,1930.06306,1899.90387,0.7255,201.1,145.87,145.47,5,take_profit,40.99331,6.70204,-2.14263,-3.38546,new_york,2022
XAUUSD,1,2022-03-17 17:00:00,2022-03-18 04:00:00,1945.02,1936.78,1934.5974,1965.86519,0.7138,-82.4,-58.82,-59.22,10,time_exit,21.16494,6.9484,1.74292,-2.64117,new_york,2022
XAUUSD,-1,2022-03-18 10:00:00,2022-03-18 20:00:00,1932.97,1929.48,1941.44542,1916.01915,0.8707,34.9,30.39,29.99,10,time_exit,20.13206,5.65028,-0.47746,-2.43473,london,2022
XAUUSD,1,2022-03-18 20:00:00,2022-03-18 22:00:00,1928.39,1918.74073,1918.74073,1947.68855,0.7679,-96.5,-74.1,-74.5,2,stop_loss,27.44969,6.43285,-1.05484,-2.00066,new_york,2022
XAUUSD,-1,2022-03-21 06:00:00,2022-03-21 16:00:00,1926.26,1929.72,1935.11336,1908.55329,0.8286,-34.6,-28.67,-29.07,10,time_exit,30.98759,5.90224,-0.88394,-2.42857,,2022
XAUUSD,-1,2022-03-22 16:00:00,2022-03-22 17:00:00,1927.98,1912.7654,1935.5873,1912.7654,0.9604,152.1,146.12,145.72,1,take_profit,14.3301,5.07153,-0.61642,-2.07944,new_york,2022
XAUUSD,-1,2022-03-24 14:00:00,2022-03-24 15:00:00,1943.9,1950.75542,1950.75542,1930.18916,1.087,-68.6,-74.52,-74.92,1,stop_loss,25.80984,4.57028,2.00801,-0.79519,london,2022
XAUUSD,-1,2022-03-28 16:00:00,2022-03-28 22:00:00,1938.42,1918.46902,1948.39549,1918.46902,0.7395,199.5,147.54,147.14,6,take_profit,31.53424,6.65033,-1.06643,0.36173,new_york,2022
XAUUSD,1,2022-03-29 04:00:00,2022-03-29 11:00:00,1922.5,1913.41387,1913.41387,1940.67226,0.8281,-90.9,-75.24,-75.64,7,stop_loss,28.02678,6.05742,-2.79218,-0.37159,,2022
XAUUSD,1,2022-03-29 17:00:00,2022-03-30 04:00:00,1907.39,1922.9,1895.7007,1930.7686,0.6372,155.1,98.83,98.43,10,time_exit,38.48974,7.79287,-2.86498,-1.12852,new_york,2022
XAUUSD,1,2022-03-31 10:00:00,2022-03-31 16:00:00,1926.42,1940.89212,1919.18394,1940.89212,1.043,144.7,150.94,150.54,6,take_profit,19.36751,4.82404,-0.1201,-1.48671,london,2022
XAUUSD,-1,2022-03-31 16:00:00,2022-03-31 17:00:00,1934.12,1942.13517,1942.13517,1918.08966,0.9604,-80.2,-76.98,-77.38,1,stop_loss,17.32789,5.34345,1.20473,-1.18502,new_york,2022
XAUUSD,-1,2022-03-31 22:00:00,2022-04-01 09:00:00,1941.63,1932.39,1949.90651,1925.07698,0.9207,92.4,85.07,84.67,10,time_exit,26.61063,5.51767,1.95243,-0.66684,,2022
XAUUSD,1,2022-04-04 07:00:00,2022-04-04 15:00:00,1918.93,1933.13901,1911.82549,1933.13901,1.0845,142.1,154.1,153.7,8,take_profit,23.70963,4.73634,-1.99111,-0.95695,london,2022
XAUUSD,1,2022-04-04 18:00:00,2022-04-05 05:00:00,1934.78,1928.34,1925.93195,1952.4761,0.8882,-64.4,-57.2,-57.6,10,time_exit,16.57543,5.8987,1.10256,-0.70516,new_york,2022
XAUUSD,-1,2022-04-05 20:00:00,2022-04-06 07:00:00,1923.47,1921.67,1933.45774,1903.49451,0.7811,18.0,14.06,13.66,10,time_exit,13.57308,6.6585,-0.91275,-0.3671,new_york,2022
XAUUSD,-1,2022-04-11 13:00:00,2022-04-11 15:00:00,1958.11,1965.36057,1965.36057,1943.60886,1.0778,-72.5,-78.15,-78.55,2,stop_loss,29.92133,4.83371,4.06231,1.19303,london,2022
XAUUSD,-1,2022-04-11 18:00:00,2022-04-12 05:00:00,1951.57,1956.73,1960.88699,1932.93602,0.8303,-51.6,-42.84,-43.24,10,time_exit,29.8471,6.21133,1.56597,1.26578,new_york,2022
XAUUSD,-1,2022-04-13 05:00:00,2022-04-13 12:00:00,1969.28,1977.86578,1977.86578,1952.10843,0.896,-85.9,-76.93,-77.33,7,stop_loss,20.85567,5.72386,2.24458,2.65638,,2022
XAUUSD,-1,2022-04-13 23:00:00,2022-04-14 10:00:00,1978.23,1975.51,1986.14995,1962.39011,0.9616,27.2,26.16,25.76,10,time_exit,19.08405,5.27996,2.22038,3.70039,,2022
XAUUSD,1,2022-04-14 12:00:00,2022-04-14 16:00:00,1971.33,1964.59833,1964.59833,1984.79333,1.1351,-67.3,-76.41,-76.81,4,stop_loss,14.412,4.48778,0.35858,4.39629,london,2022
XAUUSD,-1,2022-04-18 06:00:00,2022-04-18 10:00:00,1982.78,1991.54056,1991.54056,1965.25888,0.8635,-87.6,-75.65,-76.05,4,stop_loss,20.1067,5.84037,1.69565,3.22161,,2022
XAUUSD,-1,2022-04-18 15:00:00,2022-04-18 21:00:00,1992.09,1977.28773,1999.49113,1977.28773,1.0118,148.0,149.77,149.37,6,take_profit,26.74688,4.93409,2.85896,4.21139,london,2022
XAUUSD,-1,2022-04-25 05:00:00,2022-04-25 13:00:00,1925.45,1908.22227,1934.06387,1908.22227,0.8867,172.3,152.76,152.36,8,take_profit,29.50268,5.74258,-3.0939,-1.6775,,2022
XAUUSD,1,2022-04-26 01:00:00,2022-04-26 11:00:00,1898.36,1902.46,1889.0315,1917.01701,0.8351,41.0,34.24,33.84,10,time_exit,53.98988,6.219,-4.02856,-3.52564,,2022
XAUUSD,-1,2022-04-26 18:00:00,2022-04-27 05:00:00,1904.77,1898.86,1913.93919,1886.43163,0.8533,59.1,50.43,50.03,10,time_exit,28.00385,6.11279,-1.35243,-4.12385,new_york,2022
XAUUSD,1,2022-04-27 05:00:00,2022-04-27 11:00:00,1902.14,1894.54666,1894.54666,1917.32668,1.037,-75.9,-78.74,-79.14,6,stop_loss,18.20592,5.06223,-1.48546,-4.98149,,2022
XAUUSD,-1,2022-04-28 03:00:00,2022-04-28 13:00:00,1885.53,1888.74,1893.15305,1870.2839,1.0225,-32.1,-32.82,-33.22,10,time_exit,21.91828,5.08203,-2.67193,-5.43105,,2022
XAUUSD,1,2022-04-29 04:00:00,2022-04-29 09:00:00,1897.28,1912.23432,1889.80284,1912.23432,1.0381,149.5,155.24,154.84,5,take_profit,20.36926,4.98477,0.94284,-5.16968,,2022
XAUUSD,-1,2022-04-29 18:00:00,2022-05-02 03:00:00,1911.34,1893.36053,1920.32974,1893.36053,0.8806,179.8,158.33,157.93,8,take_profit,40.06784,5.99316,1.79822,-2.82013,new_york,2022
XAUUSD,1,2022-05-03 17:00:00,2022-05-04 04:00:00,1871.04,1862.74,1861.88755,1889.3449,0.8822,-83.0,-73.22,-73.62,10,time_exit,39.30913,6.10163,-0.45341,-4.51597,new_york,2022
XAUUSD,-1,2022-05-04 05:00:00,2022-05-04 10:00:00,1862.75,1870.23579,1870.23579,1847.77841,1.0688,-74.9,-80.01,-80.41,5,stop_loss,23.13315,4.99053,-1.85769,-5.22862,,2022
XAUUSD,-1,2022-05-10 13:00:00,2022-05-10 18:00:00,1857.68,1842.52107,1865.25946,1842.52107,1.045,151.6,158.41,158.01,5,take_profit,17.73175,5.05298,-1.76196,-3.08598,london,2022
XAUUSD,-1,2022-05-10 22:00:00,2022-05-11 09:00:00,1841.78,1844.22,1851.27769,1822.78462,0.8506,-24.4,-20.75,-21.15,10,time_exit,20.80106,6.33179,-3.1827,-2.78775,,2022
XAUUSD,-1,2022-05-11 13:00:00,2022-05-11 15:00:00,1852.9,1836.9418,1860.8791,1836.9418,1.0098,159.6,161.15,160.75,2,take_profit,26.04999,5.3194,-0.11316,-4.02663,london,2022
XAUUSD,1,2022-05-12 20:00:00,2022-05-13 01:00:00,1825.54,1814.97964,1814.97964,1846.66073,0.7782,-105.6,-82.18,-82.58,4,stop_loss,24.48766,7.04024,-3.339,-2.65738,new_york,2022
XAUUSD,1,2022-05-13 14:00:00,2022-05-13 15:00:00,1819.8,1811.71759,1811.71759,1835.96482,1.0066,-80.8,-81.36,-81.76,1,stop_loss,47.16218,5.38827,-3.03697,-4.55111,london,2022
XAUUSD,-1,2022-05-17 23:00:00,2022-05-18 10:00:00,1816.01,1815.54,1824.37068,1799.28864,0.9633,4.7,4.53,4.13,10,time_exit,19.76263,5.57379,-1.02618,-3.71518,,2022
XAUUSD,1,2022-05-18 14:00:00,2022-05-18 15:00:00,1817.34,1810.22668,1810.22668,1831.56664,1.1328,-71.1,-80.58,-80.98,1,stop_loss,19.18819,4.74221,-0.19949,-4.28503,london,2022
XAUUSD,1,2022-05-19 09:00:00,2022-05-19 12:00:00,1813.8,1825.77374,1807.81313,1825.77374,1.3324,119.7,159.54,159.14,3,take_profit,11.10249,3.99125,-0.79431,-4.46728,london,2022
XAUUSD,-1,2022-05-20 07:00:00,2022-05-20 09:00:00,1841.63,1848.02817,1848.02817,1828.83366,1.2716,-64.0,-81.36,-81.76,2,stop_loss,41.53518,4.26545,3.02644,-1.51456,london,2022
XAUUSD,1,2022-05-23 06:00:00,2022-05-23 16:00:00,1852.47,1854.54,1845.34427,1866.72146,1.1303,20.7,23.4,23.0,10,time_exit,31.05627,4.75049,2.9362,0.28941,,2022
XAUUSD,-1,2022-05-23 20:00:00,2022-05-23 21:00:00,1850.06,1857.21801,1857.21801,1835.74399,1.1284,-71.6,-80.77,-81.17,1,stop_loss,32.15262,4.772,0.83243,1.35209,new_york,2022
XAUUSD,1,2022-05-24 04:00:00,2022-05-24 14:00:00,1851.92,1858.15,1845.7718,1864.2164,1.3006,62.3,81.03,80.63,10,time_exit,24.12523,4.0988,0.97444,1.78972,,2022
XAUUSD,-1,2022-05-24 19:00:00,2022-05-25 06:00:00,1869.27,1862.61,1876.47114,1854.86771,1.1216,66.6,74.7,74.3,10,time_exit,19.00375,4.80076,3.42208,2.04466,new_york,2022
XAUUSD,-1,2022-05-26 13:00:00,2022-05-26 17:00:00,1845.84,1851.87818,1851.87818,1833.76365,1.3499,-60.4,-81.51,-81.91,4,stop_loss,30.20326,4.02545,-1.68904,1.4351,london,2022
XAUUSD,1,2022-05-26 19:00:00,2022-05-27 06:00:00,1846.58,1854.54,1839.5228,1860.6944,1.1434,79.6,91.01,90.61,10,time_exit,25.92799,4.7048,-1.01307,0.94623,new_york,2022
XAUUSD,-1,2022-05-27 08:00:00,2022-05-27 11:00:00,1853.24,1858.94053,1858.94053,1841.83894,1.4314,-57.0,-81.6,-82.0,3,stop_loss,17.46571,3.80035,0.42994,1.10318,london,2022
XAUUSD,1,2022-05-27 22:00:00,2022-05-30 09:00:00,1853.08,1861.27,1847.05399,1865.13202,1.3405,81.9,109.79,109.39,10,time_exit,20.11191,4.01734,-0.07282,1.1898,,2022
XAUUSD,1,2022-05-30 20:00:00,2022-05-31 03:00:00,1856.42,1850.97248,1850.97248,1867.31504,1.5029,-54.5,-81.87,-82.27,4,stop_loss,14.50902,3.63168,0.29757,1.45599,new_york,2022
XAUUSD,-1,2022-05-31 06:00:00,2022-05-31 11:00:00,1851.32,1856.68623,1856.68623,1840.58754,1.5103,-53.7,-81.05,-81.45,5,stop_loss,15.64088,3.57749,-0.87469,1.19985,,2022
XAUUSD,-1,2022-05-31 22:00:00,2022-06-01 09:00:00,1840.69,1833.67,1847.56172,1826.94657,1.1676,70.2,81.97,81.57,10,time_exit,21.29298,4.58114,-2.35065,0.35252,,2022
XAUUSD,-1,2022-06-01 20:00:00,2022-06-02 07:00:00,1847.62,1844.99,1855.37269,1832.11462,1.0454,26.3,27.49,27.09,10,time_exit,31.17633,5.16846,0.77918,-0.76019,new_york,2022
XAUUSD,-1,2022-06-02 14:00:00,2022-06-02 16:00:00,1855.18,1860.55767,1860.55767,1844.42466,1.5122,-53.8,-81.32,-81.72,2,stop_loss,25.33932,3.58511,2.50897,-0.41623,london,2022
XAUUSD,1,2022-06-03 01:00:00,2022-06-03 11:00:00,1869.42,1864.88,1863.81712,1880.62576,1.4368,-45.4,-65.23,-65.63,10,time_exit,34.50938,3.73525,4.25294,0.87941,,2022
XAUUSD,-1,2022-06-03 21:00:00,2022-06-06 06:00:00,1849.04,1855.39397,1855.39397,1836.33206,1.2566,-63.5,-79.84,-80.24,8,stop_loss,27.66268,4.23598,-2.16466,1.45457,new_york,2022
XAUUSD,1,2022-06-07 21:00:00,2022-06-08 08:00:00,1850.28,1849.57,1843.94456,1862.95088,1.2477,-7.1,-8.86,-9.26,10,time_exit,22.65078,4.22363,0.32882,-0.36934,new_york,2022
XAUUSD,1,2022-06-08 18:00:00,2022-06-08 23:00:00,1856.17,1850.14251,1850.14251,1868.22498,1.3099,-60.3,-78.95,-79.35,5,stop_loss,12.93268,4.01833,1.56267,-0.13823,new_york,2022
XAUUSD,-1,2022-06-10 05:00:00,2022-06-10 14:00:00,1845.28,1835.53,1850.155,1835.53,1.6032,97.5,156.31,155.91,9,take_profit,22.5391,3.25,-1.25248,-0.28109,,2022
XAUUSD,1,2022-06-10 19:00:00,2022-06-13 06:00:00,1867.43,1863.47,1856.07527,1890.13947,0.7021,-39.6,-27.8,-28.2,10,time_exit,29.94984,7.56982,2.6001,-0.26213,new_york,2022
XAUUSD,1,2022-06-14 02:00:00,2022-06-14 12:00:00,1821.1,1824.04,1810.85062,1841.59875,0.775,29.4,22.79,22.39,10,time_exit,35.83478,6.83292,-3.73497,-0.47582,,2022
XAUUSD,1,2022-06-14 21:00:00,2022-06-15 08:00:00,1811.5,1817.96,1803.28146,1827.93709,0.9693,64.6,62.62,62.22,10,time_exit,42.2561,5.47903,-3.89738,-2.23514,new_york,2022
XAUUSD,-1,2022-06-16 17:00:00,2022-06-16 18:00:00,1827.95,1837.79655,1837.79655,1808.2569,0.8153,-98.5,-80.28,-80.68,1,stop_loss,20.64796,6.56437,0.07816,-1.59376,new_york,2022
XAUUSD,1,2022-06-21 06:00:00,2022-06-21 08:00:00,1840.08,1835.06144,1835.06144,1850.11712,1.5836,-50.2,-79.47,-79.87,2,stop_loss,11.04801,3.34571,0.20657,-0.09959,,2022
XAUUSD,1,2022-06-21 21:00:00,2022-06-22 03:00:00,1833.54,1826.96483,1826.96483,1846.69034,1.1966,-65.8,-78.68,-79.08,5,stop_loss,9.60846,4.38345,-1.02609,-0.29194,new_york,2022
XAUUSD,1,2022-06-22 12:00:00,2022-06-22 14:00:00,1824.01,1835.65323,1818.18838,1835.65323,1.3379,116.4,155.77,155.37,2,take_profit,15.16858,3.88108,-2.49071,-1.0634,london,2022
XAUUSD,-1,2022-06-22 15:00:00,2022-06-22 16:00:00,1836.55,1843.40708,1843.40708,1822.83585,1.1585,-68.6,-79.44,-79.84,1,stop_loss,16.15153,4.57138,0.61977,-0.89824,london,2022
XAUUSD,1,2022-06-27 05:00:00,2022-06-27 15:00:00,1834.71,1831.85,1827.20654,1849.71691,1.0481,-28.6,-29.98,-30.38,10,time_exit,16.07963,5.0023,1.07523,-1.01934,,2022
XAUUSD,1,2022-06-28 02:00:00,2022-06-28 12:00:00,1822.25,1824.71,1816.49914,1833.75171,1.3622,24.6,33.51,33.11,10,time_exit,25.42851,3.8339,-1.85783,-1.12466,,2022
XAUUSD,1,2022-06-28 17:00:00,2022-06-29 04:00:00,1821.01,1822.21,1815.35351,1832.32298,1.3908,12.0,16.69,16.29,10,time_exit,17.96847,3.77099,-1.66954,-1.37522,new_york,2022
XAUUSD,1,2022-06-29 10:00:00,2022-06-29 12:00:00,1817.62,1813.06825,1813.06825,1826.7235,1.7319,-45.5,-78.83,-79.23,2,stop_loss,15.7325,3.0345,-2.06746,-2.19946,london,2022
XAUUSD,-1,2022-07-01 07:00:00,2022-07-01 14:00:00,1801.45,1787.68699,1808.3315,1787.68699,1.134,137.6,156.07,155.67,7,take_profit,26.75435,4.58767,-2.74417,-2.33307,london,2022
XAUUSD,1,2022-07-01 17:00:00,2022-07-04 01:00:00,1794.56,1810.35362,1786.66319,1810.35362,1.0079,157.9,159.18,158.78,7,take_profit,43.40066,5.26454,-2.53231,-2.71975,new_york,2022
XAUUSD,1,2022-07-04 02:00:00,2022-07-04 12:00:00,1809.94,1805.81,1801.64991,1826.52017,0.9793,-41.3,-40.45,-40.85,10,time_exit,26.79038,5.52672,0.52087,-2.45272,,2022
XAUUSD,1,2022-07-05 10:00:00,2022-07-05 11:00:00,1809.14,1804.54515,1804.54515,1818.32969,1.7579,-45.9,-80.77,-81.17,1,stop_loss,11.95529,3.06323,0.24565,-3.0323,london,2022
XAUUSD,1,2022-07-05 23:00:00,2022-07-06 10:00:00,1767.02,1767.84,1759.16224,1782.73551,1.0176,8.2,8.34,7.94,10,time_exit,38.07489,5.2385,-5.87268,-3.01554,,2022
XAUUSD,1,2022-07-06 15:00:00,2022-07-06 16:00:00,1763.22,1756.45724,1756.45724,1776.74552,1.1836,-67.6,-80.04,-80.44,1,stop_loss,45.24384,4.50851,-4.51423,-5.18059,london,2022
XAUUSD,1,2022-07-06 17:00:00,2022-07-06 18:00:00,1760.33,1752.3165,1752.3165,1776.357,0.9888,-80.1,-79.24,-79.64,1,stop_loss,43.81005,5.34233,-4.06978,-4.50937,new_york,2022
XAUUSD,1,2022-07-07 16:00:00,2022-07-08 03:00:00,1739.7,1744.64,1732.50715,1754.08571,1.0905,49.4,53.87,53.47,10,time_exit,35.61954,4.79524,-3.92955,-7.29181,new_york,2022
XAUUSD,-1,2022-07-08 20:00:00,2022-07-11 07:00:00,1742.35,1742.38,1751.07515,1724.8997,0.9052,-0.3,-0.27,-0.67,10,time_exit,19.28268,5.81677,-0.83304,-5.83657,new_york,2022
XAUUSD,-1,2022-07-14 04:00:00,2022-07-14 14:00:00,1728.28,1710.85038,1736.99481,1710.85038,0.9062,174.3,157.95,157.55,10,take_profit,18.58432,5.80987,-0.67393,-3.99662,,2022
XAUUSD,-1,2022-07-15 05:00:00,2022-07-15 15:00:00,1714.0,1707.46,1721.55771,1698.88458,1.0657,65.4,69.7,69.3,10,time_exit,35.66462,5.03847,-1.33014,-5.15715,,2022
XAUUSD,-1,2022-07-18 06:00:00,2022-07-18 10:00:00,1713.79,1720.28469,1720.28469,1700.80062,1.2508,-64.9,-81.24,-81.64,4,stop_loss,25.4876,4.32979,0.30608,-5.95698,,2022
XAUUSD,-1,2022-07-18 19:00:00,2022-07-19 06:00:00,1710.5,1709.49,1718.1899,1695.1202,1.0458,10.1,10.56,10.16,10,time_exit,21.07762,5.1266,-0.68303,-4.20652,new_york,2022
XAUUSD,1,2022-07-20 18:00:00,2022-07-20 19:00:00,1709.74,1704.07038,1704.07038,1721.07924,1.4203,-56.7,-80.53,-80.93,1,stop_loss,12.57595,3.77975,-0.29621,-4.1158,new_york,2022
XAUUSD,-1,2022-07-21 02:00:00,2022-07-21 12:00:00,1696.03,1684.27535,1701.90732,1684.27535,1.3563,117.5,159.43,159.03,10,take_profit,17.8952,3.91822,-3.09587,-4.20401,,2022
XAUUSD,-1,2022-07-22 04:00:00,2022-07-22 12:00:00,1717.1,1724.48316,1724.48316,1702.33368,1.1012,-73.8,-81.3,-81.7,8,stop_loss,43.31686,4.92211,2.28424,-2.80568,,2022
XAUUSD,1,2022-07-25 11:00:00,2022-07-25 16:00:00,1725.67,1719.3536,1719.3536,1738.30281,1.2743,-63.2,-80.49,-80.89,5,stop_loss,30.50378,4.21094,1.57018,-0.42098,london,2022
XAUUSD,1,2022-07-26 12:00:00,2022-07-26 13:00:00,1722.76,1717.10242,1717.10242,1734.07516,1.4083,-56.6,-79.68,-80.08,1,stop_loss,16.75801,3.77172,0.42538,-0.00626,london,2022
XAUUSD,-1,2022-07-28 19:00:00,2022-07-29 06:00:00,1752.95,1761.60283,1761.60283,1735.64434,0.9116,-86.5,-78.88,-79.28,10,stop_loss,44.04458,5.76855,3.57869,1.38048,new_york,2022
XAUUSD,-1,2022-08-01 18:00:00,2022-08-02 03:00:00,1768.42,1776.00179,1776.00179,1753.25642,1.0299,-75.8,-78.08,-78.48,8,stop_loss,18.75852,5.05453,1.83603,4.09065,new_york,2022
XAUUSD,-1,2022-08-02 18:00:00,2022-08-03 01:00:00,1776.85,1760.43304,1785.05848,1760.43304,0.9417,164.2,154.6,154.2,6,take_profit,19.19633,5.47232,1.49224,4.18513,new_york,2022
XAUUSD,1,2022-08-05 02:00:00,2022-08-05 12:00:00,1791.12,1786.6,1784.82132,1803.71736,1.2517,-45.2,-56.58,-56.98,10,time_exit,34.40817,4.19912,3.64239,4.50888,,2022
XAUUSD,-1,2022-08-08 09:00:00,2022-08-08 14:00:00,1775.12,1780.90456,1780.90456,1763.55087,1.3531,-57.8,-78.27,-78.67,5,stop_loss,33.91613,3.85638,-0.69953,3.85607,london,2022
XAUUSD,-1,2022-08-08 23:00:00,2022-08-09 10:00:00,1788.54,1787.13,1794.10822,1777.40357,1.3916,14.1,19.62,19.22,10,time_exit,27.35175,3.71214,2.22254,3.96506,,2022
XAUUSD,1,2022-08-09 17:00:00,2022-08-09 18:00:00,1797.65,1791.48481,1791.48481,1809.98038,1.2599,-61.7,-77.68,-78.08,1,stop_loss,29.19549,4.11013,3.14701,3.77754,new_york,2022
XAUUSD,1,2022-08-16 23:00:00,2022-08-17 10:00:00,1775.86,1773.57,1770.636,1786.30801,1.472,-22.9,-33.71,-34.11,10,time_exit,29.33232,3.48267,-1.61831,0.04257,,2022
XAUUSD,1,2022-08-19 03:00:00,2022-08-19 06:00:00,1758.43,1753.54664,1753.54664,1768.19673,1.5677,-48.8,-76.56,-76.96,3,stop_loss,21.97308,3.25558,-2.58784,-2.68087,,2022
XAUUSD,-1,2022-08-22 07:00:00,2022-08-22 10:00:00,1746.57,1737.33024,1751.18988,1737.33024,1.6404,92.4,151.57,151.17,3,take_profit,32.48098,3.07992,-2.96377,-4.54799,london,2022
XAUUSD,-1,2022-08-22 21:00:00,2022-08-23 08:00:00,1736.06,1737.16,1742.35058,1723.47884,1.2288,-11.0,-13.52,-13.92,10,time_exit,40.12335,4.19372,-2.7261,-4.26964,new_york,2022
XAUUSD,-1,2022-08-23 11:00:00,2022-08-23 16:00:00,1738.35,1743.17465,1743.17465,1728.7007,1.5993,-48.2,-77.16,-77.56,5,stop_loss,28.07331,3.21643,-1.54761,-5.79145,london,2022
XAUUSD,-1,2022-08-25 10:00:00,2022-08-25 20:00:00,1760.52,1758.76,1765.5464,1750.46721,1.5196,17.6,26.74,26.34,10,time_exit,29.91229,3.35093,3.34036,-2.35851,london,2022
XAUUSD,1,2022-08-26 01:00:00,2022-08-26 04:00:00,1758.87,1753.63769,1753.63769,1769.33462,1.4649,-52.3,-76.65,-77.05,3,stop_loss,23.09494,3.48821,1.49505,-1.16951,,2022
XAUUSD,1,2022-09-05 13:00:00,2022-09-06 02:00:00,1714.22,1713.9,1708.74308,1725.17384,1.3854,-3.2,-4.43,-4.83,10,time_exit,27.70661,3.65128,1.27028,-4.34348,london,2022
XAUUSD,1,2022-09-06 21:00:00,2022-09-07 03:00:00,1701.03,1694.57927,1694.57927,1713.93146,1.1755,-64.5,-75.83,-76.23,5,stop_loss,26.92816,4.30049,-2.29282,-2.60165,new_york,2022
XAUUSD,-1,2022-09-07 16:00:00,2022-09-07 17:00:00,1700.3,1706.70586,1706.70586,1687.48828,1.1718,-64.1,-75.06,-75.46,1,stop_loss,22.09462,4.27057,-1.15312,-3.07314,new_york,2022
XAUUSD,1,2022-09-08 09:00:00,2022-09-08 14:00:00,1716.15,1727.05365,1710.69818,1727.05365,1.363,109.0,148.62,148.22,5,take_profit,26.67223,3.63455,1.73954,-2.20586,london,2022
XAUUSD,-1,2022-09-08 20:00:00,2022-09-09 03:00:00,1706.19,1713.30696,1713.30696,1691.95609,1.065,-71.2,-75.8,-76.2,6,stop_loss,26.88715,4.74464,-1.16701,-1.25128,new_york,2022
XAUUSD,1,2022-09-12 08:00:00,2022-09-12 10:00:00,1712.92,1723.31503,1707.72249,1723.31503,1.4436,104.0,150.06,149.66,2,take_profit,14.70826,3.46501,-0.81915,-0.49244,london,2022
XAUUSD,-1,2022-09-13 14:00:00,2022-09-13 15:00:00,1728.22,1717.43831,1733.61085,1717.43831,1.4196,107.8,153.06,152.66,1,take_profit,14.64848,3.5939,1.64123,0.79341,london,2022
XAUUSD,-1,2022-09-15 07:00:00,2022-09-15 15:00:00,1692.85,1682.88013,1697.83493,1682.88013,1.5658,99.7,156.11,155.71,8,take_profit,39.41748,3.32329,-3.64816,-2.61797,london,2022
XAUUSD,-1,2022-09-16 12:00:00,2022-09-16 13:00:00,1659.15,1666.19246,1666.19246,1645.06508,1.1304,-70.4,-79.61,-80.01,1,stop_loss,44.75024,4.69497,-4.57489,-4.83278,london,2022
XAUUSD,-1,2022-09-21 18:00:00,2022-09-21 21:00:00,1668.14,1673.99154,1673.99154,1656.43693,1.3468,-58.5,-78.81,-79.21,3,stop_loss_ambiguous,26.16661,3.90102,-0.41466,-4.00981,new_york,2022
XAUUSD,-1,2022-09-22 19:00:00,2022-09-23 06:00:00,1671.55,1669.2,1682.22762,1650.19477,0.7307,23.5,17.17,16.77,10,time_exit,27.12918,7.11841,0.37964,-1.80843,new_york,2022
XAUUSD,1,2022-09-26 01:00:00,2022-09-26 03:00:00,1643.52,1634.75403,1634.75403,1661.05194,0.8919,-87.7,-78.18,-78.58,2,stop_loss,24.20175,5.84398,-2.64697,-2.7096,,2022
XAUUSD,1,2022-09-27 11:00:00,2022-09-27 19:00:00,1637.33,1629.74517,1629.74517,1652.49966,1.0205,-75.8,-77.4,-77.8,8,stop_loss,22.66582,5.05655,-0.78323,-4.61855,london,2022
XAUUSD,-1,2022-09-28 14:00:00,2022-09-28 15:00:00,1628.84,1636.70244,1636.70244,1613.11512,0.9745,-78.6,-76.62,-77.02,1,stop_loss,25.62478,5.24163,-0.66237,-4.59764,london,2022
XAUUSD,-1,2022-09-28 15:00:00,2022-09-28 16:00:00,1624.44,1632.58084,1632.58084,1608.15833,0.9318,-81.4,-75.86,-76.26,1,stop_loss,24.10105,5.42722,-1.39357,-4.43868,london,2022
XAUUSD,1,2022-09-28 21:00:00,2022-09-29 08:00:00,1660.66,1650.3555,1650.3555,1681.269,0.7287,-103.0,-75.09,-75.49,10,stop_loss,31.03518,6.86967,3.52487,-2.82884,new_york,2022
XAUUSD,1,2022-09-29 09:00:00,2022-09-29 18:00:00,1644.06,1659.95527,1636.11236,1659.95527,0.9353,159.0,148.67,148.27,9,take_profit,31.69349,5.29842,0.19821,-2.41454,london,2022
XAUUSD,-1,2022-10-04 04:00:00,2022-10-04 10:00:00,1698.84,1707.03353,1707.03353,1682.45293,0.9253,-81.9,-75.81,-76.21,6,stop_loss,48.32692,5.46236,4.66639,2.005,,2022
XAUUSD,1,2022-10-04 15:00:00,2022-10-04 17:00:00,1705.88,1721.54651,1698.04674,1721.54651,0.9582,156.7,150.12,149.72,2,take_profit,54.66307,5.22217,4.16199,3.3673,london,2022
XAUUSD,1,2022-10-05 02:00:00,2022-10-05 10:00:00,1725.2,1717.3086,1717.3086,1740.98281,0.9701,-78.9,-76.55,-76.95,8,stop_loss,57.46586,5.26094,5.41609,4.72954,,2022
XAUUSD,-1,2022-10-06 03:00:00,2022-10-06 13:00:00,1718.46,1713.14,1726.34589,1702.68822,0.961,53.2,51.13,50.73,10,time_exit,21.45156,5.25726,2.00887,5.09386,,2022
XAUUSD,1,2022-10-11 11:00:00,2022-10-11 18:00:00,1664.64,1677.81337,1658.05332,1677.81337,1.1583,131.7,152.59,152.19,7,take_profit,49.24011,4.39112,-4.00334,-1.07343,london,2022
XAUUSD,-1,2022-10-12 04:00:00,2022-10-12 09:00:00,1664.98,1672.34822,1672.34822,1650.24357,1.0561,-73.7,-77.82,-78.22,5,stop_loss,28.68681,4.91214,-2.23742,-1.6916,,2022
XAUUSD,-1,2022-10-12 21:00:00,2022-10-13 08:00:00,1670.96,1669.03,1677.84968,1657.18065,1.1181,19.3,21.58,21.18,10,time_exit,13.37642,4.59312,-0.39986,-2.01072,new_york,2022
XAUUSD,1,2022-10-13 14:00:00,2022-10-13 15:00:00,1674.08,1668.74798,1668.74798,1684.74404,1.4486,-53.3,-77.24,-77.64,1,stop_loss,16.84978,3.55468,0.41988,-2.25379,london,2022
XAUUSD,-1,2022-10-14 04:00:00,2022-10-14 08:00:00,1661.75,1670.61755,1670.61755,1644.01489,0.8623,-88.7,-76.46,-76.86,4,stop_loss,13.14726,5.9117,-1.19619,-1.62441,,2022
XAUUSD,-1,2022-10-18 03:00:00,2022-10-18 07:00:00,1650.73,1657.46459,1657.46459,1637.26083,1.124,-67.3,-75.7,-76.1,4,stop_loss,18.33559,4.48972,-1.3213,-2.9471,,2022
XAUUSD,-1,2022-10-18 16:00:00,2022-10-19 03:00:00,1656.44,1653.1,1663.23709,1642.84582,1.1025,33.4,36.82,36.42,10,time_exit,11.78154,4.53139,0.23057,-2.75695,new_york,2022
XAUUSD,-1,2022-10-20 08:00:00,2022-10-20 13:00:00,1632.86,1638.80137,1638.80137,1620.97725,1.2674,-59.4,-75.3,-75.7,5,stop_loss,46.46427,3.96092,-1.85331,-4.67013,london,2022
XAUUSD,-1,2022-10-25 03:00:00,2022-10-25 13:00:00,1651.82,1638.44221,1658.50889,1638.44221,1.1144,133.8,149.08,148.68,10,take_profit,30.58577,4.45926,1.24909,-1.09198,,2022
XAUUSD,1,2022-10-27 07:00:00,2022-10-27 15:00:00,1664.68,1658.71347,1658.71347,1676.61306,1.2743,-59.7,-76.03,-76.43,8,stop_loss,26.57255,3.97769,1.29142,1.35408,london,2022
XAUUSD,-1,2022-10-28 06:00:00,2022-10-28 10:00:00,1665.3,1652.74967,1671.57516,1652.74967,1.1994,125.5,150.53,150.13,4,take_profit,14.91388,4.18344,1.01208,1.28591,,2022
XAUUSD,-1,2022-10-28 12:00:00,2022-10-28 22:00:00,1650.88,1645.12,1657.5049,1637.6302,1.1588,57.6,66.75,66.35,10,time_exit,18.73936,4.4166,-2.21273,1.031,london,2022
XAUUSD,-1,2022-10-31 05:00:00,2022-10-31 15:00:00,1641.52,1637.11,1647.69444,1629.17111,1.254,44.1,55.3,54.9,10,time_exit,34.37793,4.1163,-2.70802,-0.35885,,2022
XAUUSD,1,2022-11-03 02:00:00,2022-11-03 11:00:00,1634.08,1625.5462,1625.5462,1651.1476,0.9138,-85.3,-77.98,-78.38,9,stop_loss,23.77061,5.6892,-2.29669,-0.47358,,2022
XAUUSD,-1,2022-11-03 15:00:00,2022-11-03 17:00:00,1619.5,1626.80656,1626.80656,1604.88689,1.0565,-73.1,-77.19,-77.59,2,stop_loss,21.34535,4.87104,-4.27109,-1.43381,london,2022
XAUUSD,-1,2022-11-07 08:00:00,2022-11-07 11:00:00,1672.3,1679.70635,1679.70635,1657.4873,1.0318,-74.1,-76.42,-76.82,3,stop_loss,28.3562,4.93757,3.41878,1.20038,london,2022
XAUUSD,-1,2022-11-08 18:00:00,2022-11-09 05:00:00,1713.14,1709.33,1722.38757,1694.64485,0.8181,38.1,31.17,30.77,10,time_exit,21.04979,6.16505,6.94178,2.19232,new_york,2022
XAUUSD,1,2022-11-09 12:00:00,2022-11-09 17:00:00,1708.03,1721.21784,1701.43608,1721.21784,1.152,131.9,151.92,151.52,5,take_profit,39.46551,4.39595,4.03268,5.68643,london,2022
XAUUSD,-1,2022-11-10 03:00:00,2022-11-10 13:00:00,1706.57,1707.44,1713.40986,1692.89028,1.1327,-8.7,-9.85,-10.25,10,time_exit,22.94573,4.55991,1.89244,5.93305,,2022
XAUUSD,-1,2022-11-11 02:00:00,2022-11-11 07:00:00,1752.22,1760.48311,1760.48311,1735.69378,0.9364,-82.6,-77.38,-77.78,5,stop_loss,43.7506,5.50874,6.25027,6.46264,,2022
XAUUSD,-1,2022-11-15 17:00:00,2022-11-15 20:00:00,1772.13,1780.68078,1780.68078,1755.02844,0.8958,-85.5,-76.6,-77.0,3,stop_loss,34.19765,5.70052,1.24147,7.75862,new_york,2022
XAUUSD,-1,2022-11-22 02:00:00,2022-11-22 03:00:00,1738.54,1744.22115,1744.22115,1727.1777,1.3347,-56.8,-75.83,-76.23,1,stop_loss,35.44657,3.78743,-2.6638,1.22434,,2022
XAUUSD,1,2022-11-22 11:00:00,2022-11-22 19:00:00,1744.57,1739.15788,1739.15788,1755.39425,1.3869,-54.1,-75.06,-75.46,8,stop_loss,21.87725,3.60808,-0.6556,0.84124,london,2022
XAUUSD,-1,2022-11-22 22:00:00,2022-11-23 09:00:00,1738.22,1743.33276,1743.33276,1727.99448,1.4534,-51.1,-74.31,-74.71,10,stop_loss,18.18667,3.40851,-2.12843,0.48116,,2022
XAUUSD,-1,2022-11-24 02:00:00,2022-11-24 12:00:00,1752.35,1756.23,1759.21574,1738.61852,1.0714,-38.8,-41.57,-41.97,10,time_exit,14.51982,4.57716,1.87928,0.06958,,2022
XAUUSD,-1,2022-11-24 13:00:00,2022-11-25 02:00:00,1756.3,1753.64,1761.8996,1745.10081,1.3062,26.6,34.74,34.34,10,time_exit,20.00178,3.73306,2.25081,0.85236,london,2022
XAUUSD,-1,2022-11-28 21:00:00,2022-11-29 04:00:00,1740.5,1747.31096,1747.31096,1726.87809,1.0789,-68.1,-73.48,-73.88,6,stop_loss,24.94201,4.54064,-2.38996,0.77227,new_york,2022
XAUUSD,-1,2022-11-30 08:00:00,2022-11-30 10:00:00,1753.9,1758.79978,1758.79978,1744.10044,1.4847,-49.0,-72.75,-73.15,2,stop_loss,18.22733,3.26652,0.76653,0.84983,london,2022
XAUUSD,-1,2022-12-02 03:00:00,2022-12-02 13:00:00,1799.86,1798.56,1806.85954,1785.86091,1.0288,13.0,13.37,12.97,10,time_exit,52.32906,4.66636,4.71112,4.09705,,2022
XAUUSD,-1,2022-12-02 20:00:00,2022-12-05 03:00:00,1795.31,1803.45539,1803.45539,1779.01921,0.8857,-81.5,-72.14,-72.54,6,stop_loss,36.96159,5.43026,1.55888,4.07645,new_york,2022
XAUUSD,1,2022-12-05 16:00:00,2022-12-05 17:00:00,1792.62,1785.92352,1785.92352,1806.01295,1.0665,-67.0,-71.42,-71.82,1,stop_loss,20.86798,4.46432,-0.26053,5.14792,new_york,2022
XAUUSD,1,2022-12-05 18:00:00,2022-12-05 19:00:00,1777.93,1770.02554,1770.02554,1793.73892,0.8944,-79.0,-70.7,-71.1,1,stop_loss,24.41427,5.26964,-2.82003,4.13482,new_york,2022
XAUUSD,1,2022-12-06 05:00:00,2022-12-06 15:00:00,1771.86,1778.3,1765.01274,1785.55453,1.0221,64.4,65.82,65.42,10,time_exit,36.95211,4.56484,-2.9546,3.15437,,2022
XAUUSD,-1,2022-12-06 20:00:00,2022-12-07 07:00:00,1771.51,1773.1,1777.7421,1759.0458,1.1335,-15.9,-18.02,-18.42,10,time_exit,23.39328,4.15473,-2.04218,2.11109,new_york,2022
XAUUSD,1,2022-12-07 08:00:00,2022-12-07 16:00:00,1773.14,1783.70062,1767.85969,1783.70062,1.3344,105.6,140.92,140.52,8,take_profit,20.00374,3.52021,-1.13369,1.64145,london,2022
XAUUSD,-1,2022-12-08 16:00:00,2022-12-09 03:00:00,1789.52,1795.16958,1795.16958,1778.22084,1.272,-56.5,-71.86,-72.26,10,stop_loss,26.2022,3.76639,2.1394,1.91306,new_york,2022
XAUUSD,1,2022-12-12 07:00:00,2022-12-12 17:00:00,1787.42,1784.91,1781.44412,1799.37176,1.1905,-25.1,-29.88,-30.28,10,time_exit,19.34965,3.98392,-0.95132,2.73412,london,2022
XAUUSD,1,2022-12-13 02:00:00,2022-12-13 12:00:00,1782.04,1787.27,1776.52743,1793.06514,1.285,52.3,67.21,66.81,10,time_exit,27.03611,3.67505,-1.75432,1.94694,,2022
XAUUSD,1,2022-12-14 03:00:00,2022-12-14 13:00:00,1811.24,1806.72,1803.2956,1827.1288,0.9001,-45.2,-40.68,-41.08,10,time_exit,39.52179,5.29627,2.91058,2.05938,,2022
XAUUSD,-1,2022-12-15 01:00:00,2022-12-15 05:00:00,1807.08,1792.82234,1814.20883,1792.82234,0.9973,142.6,142.19,141.79,4,take_profit,30.69372,4.75255,0.85253,2.88485,,2022
XAUUSD,-1,2022-12-15 06:00:00,2022-12-15 10:00:00,1793.11,1779.15919,1800.0854,1779.15919,1.0396,139.5,145.03,144.63,4,take_profit,29.62847,4.65027,-2.01605,2.70082,,2022
XAUUSD,1,2022-12-16 02:00:00,2022-12-16 12:00:00,1776.46,1780.97,1769.38519,1790.60961,1.0454,45.1,47.15,46.75,10,time_exit,40.81957,4.71654,-2.96105,0.46974,,2022
XAUUSD,-1,2022-12-16 14:00:00,2022-12-16 16:00:00,1782.52,1789.29309,1789.29309,1768.97383,1.0989,-67.7,-74.43,-74.83,2,stop_loss,23.01069,4.51539,-0.86698,-0.20986,london,2022
XAUUSD,1,2022-12-16 21:00:00,2022-12-19 08:00:00,1791.7,1792.78,1784.46386,1806.17228,1.0182,10.8,11.0,10.6,10,time_exit,28.17823,4.82409,0.98525,-0.10665,new_york,2022
XAUUSD,-1,2022-12-19 22:00:00,2022-12-20 05:00:00,1786.76,1792.38388,1792.38388,1775.51223,1.312,-56.2,-73.79,-74.19,6,stop_loss,23.2115,3.74926,-0.86271,0.41304,,2022
XAUUSD,1,2022-12-21 21:00:00,2022-12-22 08:00:00,1817.01,1814.76,1811.55303,1827.92395,1.3385,-22.5,-30.12,-30.52,10,time_exit,34.58621,3.63798,2.30026,3.47006,new_york,2022
XAUUSD,1,2022-12-27 07:00:00,2022-12-27 17:00:00,1805.04,1815.05437,1800.03282,1815.05437,1.4527,100.1,145.48,145.08,10,take_profit,19.01275,3.33812,1.03963,0.85458,london,2022
XAUUSD,-1,2022-12-28 08:00:00,2022-12-28 18:00:00,1810.52,1798.2432,1816.6584,1798.2432,1.2086,122.8,148.38,147.98,10,take_profit,23.55252,4.09227,0.6642,1.56108,london,2022
XAUUSD,1,2022-12-29 06:00:00,2022-12-29 16:00:00,1807.66,1814.04,1802.21314,1818.55372,1.3892,63.8,88.63,88.23,10,time_exit,14.95154,3.63124,0.37653,1.14533,,2022
XAUUSD,-1,2022-12-30 04:00:00,2022-12-30 14:00:00,1817.56,1819.54,1822.64666,1807.38667,1.5049,-19.8,-29.8,-30.2,10,time_exit,25.03003,3.39111,2.20543,1.78097,,2022
XAUUSD,-1,2023-01-03 07:00:00,2023-01-03 09:00:00,1840.45,1847.38732,1847.38732,1826.57536,1.0991,-69.4,-76.25,-76.65,2,stop_loss,33.75174,4.62488,4.53173,2.39423,london,2023
XAUUSD,1,2023-01-05 05:00:00,2023-01-05 09:00:00,1856.89,1849.28445,1849.28445,1872.10109,0.9925,-76.1,-75.49,-75.89,4,stop_loss,23.15218,5.07036,2.26268,4.50315,,2023
XAUUSD,1,2023-01-05 14:00:00,2023-01-05 15:00:00,1846.29,1838.83994,1838.83994,1861.19013,1.003,-74.5,-74.72,-75.12,1,stop_loss,16.83445,4.96671,-0.07474,4.38209,london,2023
XAUUSD,-1,2023-01-09 02:00:00,2023-01-09 04:00:00,1869.7,1877.82995,1877.82995,1853.4401,0.9099,-81.3,-73.97,-74.37,2,stop_loss,34.89521,5.41997,4.06166,3.15032,,2023
XAUUSD,1,2023-01-10 06:00:00,2023-01-10 16:00:00,1871.92,1878.27,1865.23228,1885.29545,1.095,63.5,69.53,69.13,10,time_exit,26.11846,4.45848,1.55583,5.38909,,2023
XAUUSD,1,2023-01-11 06:00:00,2023-01-11 16:00:00,1877.79,1872.01277,1872.01277,1889.34447,1.2795,-57.8,-73.92,-74.32,10,stop_loss,16.05953,3.85149,1.70494,6.03961,,2023
XAUUSD,-1,2023-01-11 19:00:00,2023-01-12 03:00:00,1873.11,1880.00048,1880.00048,1859.32903,1.062,-68.9,-73.18,-73.58,7,stop_loss,22.5551,4.59366,-0.26331,4.9085,new_york,2023
XAUUSD,1,2023-01-13 15:00:00,2023-01-13 17:00:00,1896.6,1912.79097,1888.50451,1912.79097,0.8948,161.9,144.88,144.48,2,take_profit,39.19025,5.39699,1.17063,4.63992,london,2023
XAUUSD,1,2023-01-13 19:00:00,2023-01-16 06:00:00,1912.26,1922.35,1902.95166,1930.87668,0.7938,100.9,80.09,79.69,10,time_exit,37.50108,6.20556,3.0736,4.21604,new_york,2023
XAUUSD,1,2023-01-16 11:00:00,2023-01-16 21:00:00,1911.76,1915.46,1903.73545,1927.8091,0.9307,37.0,34.44,34.04,10,time_exit,35.35072,5.3497,1.23032,5.76092,london,2023
XAUUSD,-1,2023-01-17 10:00:00,2023-01-17 16:00:00,1910.04,1915.89074,1915.89074,1898.33853,1.2823,-58.5,-75.02,-75.42,6,stop_loss,16.93039,3.90049,0.09066,7.22718,london,2023
XAUUSD,-1,2023-01-19 07:00:00,2023-01-19 16:00:00,1909.84,1916.83441,1916.83441,1895.85118,1.0618,-69.9,-74.27,-74.67,9,stop_loss,13.81438,4.66294,0.25655,3.78718,london,2023
XAUUSD,-1,2023-01-19 16:00:00,2023-01-19 17:00:00,1913.22,1920.06425,1920.06425,1899.53149,1.0742,-68.4,-73.52,-73.92,1,stop_loss,12.63439,4.56284,0.8943,3.61497,new_york,2023
XAUUSD,1,2023-01-20 08:00:00,2023-01-20 16:00:00,1927.96,1921.36543,1921.36543,1941.14915,1.1037,-65.9,-72.78,-73.18,8,stop_loss,37.03861,4.39638,2.43587,4.519,london,2023
XAUUSD,1,2023-01-23 10:00:00,2023-01-23 16:00:00,1920.31,1914.26905,1914.26905,1932.39191,1.1927,-60.4,-72.05,-72.45,6,stop_loss,23.20919,4.0273,-0.86124,4.89681,london,2023
XAUUSD,-1,2023-01-24 18:00:00,2023-01-25 05:00:00,1935.06,1931.85,1943.88727,1917.40546,0.808,32.1,25.94,25.54,10,time_exit,18.02384,5.88485,0.94262,3.1048,new_york,2023
XAUUSD,1,2023-01-26 06:00:00,2023-01-26 09:00:00,1947.69,1940.73682,1940.73682,1961.59637,1.0295,-69.5,-71.58,-71.98,3,stop_loss,23.23562,4.63546,2.67106,3.65252,,2023
XAUUSD,1,2023-01-27 09:00:00,2023-01-27 19:00:00,1923.2,1928.58,1916.00676,1937.58647,0.9851,53.8,53.0,52.6,10,time_exit,25.67788,4.79549,-1.94055,2.28432,london,2023
XAUUSD,1,2023-01-30 21:00:00,2023-01-31 08:00:00,1922.83,1915.88657,1915.88657,1936.71686,1.0281,-69.4,-71.39,-71.79,10,stop_loss,12.21221,4.62895,-1.17916,1.08856,new_york,2023
XAUUSD,-1,2023-01-31 22:00:00,2023-02-01 09:00:00,1928.86,1925.0,1936.57818,1913.42365,0.9156,38.6,35.34,34.94,10,time_exit,24.02617,5.14545,1.12728,0.12268,,2023
XAUUSD,1,2023-02-02 22:00:00,2023-02-03 09:00:00,1913.21,1913.66,1902.22234,1935.18533,0.6464,4.5,2.91,2.51,10,time_exit,41.33978,7.32511,-2.93374,0.98645,,2023
XAUUSD,-1,2023-02-03 12:00:00,2023-02-03 15:00:00,1913.34,1898.11523,1920.95238,1898.11523,0.9333,152.2,142.09,141.69,3,take_profit,41.20824,5.07492,-2.65121,0.13356,london,2023
XAUUSD,-1,2023-02-03 17:00:00,2023-02-06 04:00:00,1878.86,1873.53,1889.72034,1857.13933,0.6672,53.3,35.56,35.16,10,time_exit,43.60427,7.24022,-5.43868,-0.37458,new_york,2023
XAUUSD,-1,2023-02-06 23:00:00,2023-02-07 08:00:00,1868.84,1876.88702,1876.88702,1852.74597,0.9049,-80.5,-72.82,-73.22,8,stop_loss,39.7233,5.36468,-3.42569,-4.56245,,2023
XAUUSD,1,2023-02-13 21:00:00,2023-02-14 08:00:00,1855.24,1862.2,1848.13621,1869.44758,1.0147,69.6,70.62,70.22,10,time_exit,18.6324,4.73586,-1.58141,-4.05237,new_york,2023
XAUUSD,-1,2023-02-15 02:00:00,2023-02-15 09:00:00,1854.94,1836.38631,1864.21684,1836.38631,0.7846,185.5,145.57,145.17,7,take_profit,14.34043,6.18456,-0.56941,-2.81295,,2023
XAUUSD,-1,2023-02-16 23:00:00,2023-02-17 10:00:00,1836.44,1819.35926,1844.98037,1819.35926,0.8692,170.8,148.47,148.07,10,take_profit,13.92412,5.69358,-0.93013,-3.66204,,2023
XAUUSD,1,2023-02-17 15:00:00,2023-02-17 19:00:00,1826.76,1841.07964,1819.60018,1841.07964,1.0575,143.2,151.43,151.03,4,take_profit,29.75169,4.77321,-1.76692,-4.72913,london,2023
XAUUSD,-1,2023-02-17 20:00:00,2023-02-20 07:00:00,1840.84,1844.45,1849.01125,1824.4975,0.9451,-36.1,-34.12,-34.52,10,time_exit,25.95921,5.4475,1.06312,-3.96709,new_york,2023
XAUUSD,-1,2023-02-20 08:00:00,2023-02-20 18:00:00,1844.46,1842.74,1850.38678,1832.60643,1.2972,17.2,22.31,21.91,10,time_exit,19.32418,3.95119,1.77399,-4.46825,london,2023
XAUUSD,-1,2023-02-20 20:00:00,2023-02-21 09:00:00,1840.79,1834.78,1845.82078,1830.72843,1.5326,60.1,92.11,91.71,10,time_exit,14.94527,3.35386,0.28311,-4.1488,new_york,2023
XAUUSD,-1,2023-02-22 03:00:00,2023-02-22 13:00:00,1836.88,1838.9,1842.38217,1825.87567,1.4179,-20.2,-28.64,-29.04,10,time_exit,15.36323,3.66811,-0.20472,-3.32796,,2023
XAUUSD,1,2023-02-24 03:00:00,2023-02-24 10:00:00,1826.47,1820.78988,1820.78988,1837.83024,1.3684,-56.8,-77.73,-78.13,7,stop_loss,17.27982,3.78675,-0.69312,-3.47365,,2023
XAUUSD,-1,2023-02-27 12:00:00,2023-02-27 15:00:00,1808.45,1813.69025,1813.69025,1797.9695,1.4684,-52.4,-76.95,-77.35,3,stop_loss,36.99036,3.4935,-2.68203,-4.84215,london,2023
XAUUSD,1,2023-02-27 20:00:00,2023-02-28 07:00:00,1818.69,1813.02957,1813.02957,1830.01086,1.3457,-56.6,-76.17,-76.57,10,stop_loss,29.0824,3.77362,0.43671,-4.28445,new_york,2023
XAUUSD,-1,2023-02-28 21:00:00,2023-03-01 08:00:00,1828.11,1834.24432,1834.24432,1815.84135,1.2293,-61.3,-75.41,-75.81,10,stop_loss,26.66692,4.08955,2.70042,-3.07439,new_york,2023
XAUUSD,-1,2023-03-01 09:00:00,2023-03-01 14:00:00,1834.8,1840.15223,1840.15223,1824.09555,1.3947,-53.5,-74.65,-75.05,5,stop_loss,31.09079,3.56815,3.76578,-2.31848,london,2023
XAUUSD,-1,2023-03-01 22:00:00,2023-03-02 09:00:00,1838.38,1831.59,1845.35682,1824.42636,1.0592,67.9,71.92,71.52,10,time_exit,44.12865,4.65121,2.20114,-0.53759,,2023
XAUUSD,-1,2023-03-03 08:00:00,2023-03-03 09:00:00,1838.99,1843.69157,1843.69157,1829.58687,1.587,-47.0,-74.61,-75.01,1,stop_loss,25.36781,3.13438,1.64677,0.59137,london,2023
XAUUSD,-1,2023-03-07 03:00:00,2023-03-07 04:00:00,1845.94,1850.43733,1850.43733,1836.94535,1.6424,-45.0,-73.86,-74.26,1,stop_loss,20.90702,2.99822,-0.26769,2.92497,,2023
XAUUSD,-1,2023-03-14 16:00:00,2023-03-15 03:00:00,1910.03,1901.72,1919.72773,1890.63455,0.754,83.1,62.66,62.26,10,time_exit,41.96026,6.46515,3.46294,5.22574,new_york,2023
XAUUSD,1,2023-03-15 23:00:00,2023-03-16 10:00:00,1916.6,1916.72,1903.29835,1943.2033,0.5544,1.2,0.67,0.27,10,time_exit,24.02289,8.86777,1.41765,4.04861,,2023
XAUUSD,1,2023-03-17 03:00:00,2023-03-17 13:00:00,1921.39,1930.66,1912.63915,1938.8917,0.8427,92.7,78.12,77.72,10,time_exit,11.73357,5.8339,1.26093,5.8453,,2023
XAUUSD,-1,2023-03-17 18:00:00,2023-03-17 20:00:00,1962.38,1972.15923,1972.15923,1942.82155,0.7621,-97.8,-74.53,-74.93,2,stop_loss,32.47691,6.51948,5.9304,5.54608,new_york,2023
XAUUSD,1,2023-03-17 21:00:00,2023-03-20 08:00:00,1972.89,1988.07,1962.0697,1994.5306,0.6818,151.8,103.5,103.1,10,time_exit,41.27305,7.21353,6.19104,5.34247,new_york,2023
XAUUSD,1,2023-03-21 07:00:00,2023-03-21 09:00:00,1983.87,1973.36801,1973.36801,2004.87398,0.7123,-105.0,-74.81,-75.21,2,stop_loss,30.60453,7.00133,2.59274,7.31398,london,2023
XAUUSD,1,2023-03-21 18:00:00,2023-03-21 19:00:00,1952.85,1942.09862,1942.09862,1974.35277,0.6888,-107.5,-74.06,-74.46,1,stop_loss,28.87716,7.16759,-1.81073,6.43102,new_york,2023
XAUUSD,-1,2023-03-23 06:00:00,2023-03-23 16:00:00,1975.3,1984.04,1986.73161,1952.43679,0.6413,-87.4,-56.05,-56.45,10,time_exit,36.47558,7.62107,2.45823,3.6531,,2023
XAUUSD,-1,2023-03-24 02:00:00,2023-03-24 12:00:00,1991.96,1994.43,2003.58246,1968.71508,0.6259,-24.7,-15.46,-15.86,10,time_exit,35.84591,7.74831,2.61171,4.32017,,2023
XAUUSD,-1,2023-03-24 22:00:00,2023-03-27 09:00:00,1978.24,1969.68,1989.69094,1955.33812,0.6339,85.6,54.26,53.86,10,time_exit,19.39126,7.63396,-0.4273,4.44837,,2023
XAUUSD,1,2023-03-28 03:00:00,2023-03-28 11:00:00,1958.11,1949.97579,1949.97579,1974.37843,0.899,-81.3,-73.13,-73.53,8,stop_loss,39.76141,5.42281,-1.83974,3.09794,,2023
XAUUSD,1,2023-03-28 14:00:00,2023-03-28 20:00:00,1956.75,1971.25181,1949.4991,1971.25181,0.9983,145.0,144.77,144.37,6,take_profit,29.00843,4.83394,-1.51811,2.5229,london,2023
XAUUSD,-1,2023-03-31 07:00:00,2023-03-31 15:00:00,1981.16,1986.69698,1986.69698,1970.08605,1.3334,-55.4,-73.83,-74.23,8,stop_loss,32.41621,3.69132,2.63179,3.0571,london,2023
XAUUSD,1,2023-03-31 21:00:00,2023-04-03 02:00:00,1967.52,1959.35618,1959.35618,1983.84765,0.8953,-81.6,-73.09,-73.49,4,stop_loss,27.30218,5.44255,-1.24544,2.15042,new_york,2023
XAUUSD,1,2023-04-06 12:00:00,2023-04-06 16:00:00,2017.36,2010.60273,2010.60273,2030.87453,1.0708,-67.6,-72.36,-72.76,4,stop_loss,25.55545,4.50484,1.37787,5.83736,london,2023
XAUUSD,1,2023-04-06 19:00:00,2023-04-10 01:00:00,2011.19,2002.86792,2002.86792,2027.83415,0.8607,-83.2,-71.63,-72.03,5,stop_loss,25.32738,5.54805,-0.10453,4.49812,new_york,2023
XAUUSD,1,2023-04-10 04:00:00,2023-04-10 05:00:00,1998.32,1990.43996,1990.43996,2014.08009,0.8998,-78.8,-70.9,-71.3,1,stop_loss,35.28353,5.25336,-2.28291,4.18222,,2023
XAUUSD,-1,2023-04-11 09:00:00,2023-04-11 11:00:00,1999.04,2004.96531,2004.96531,1987.18937,1.1846,-59.3,-70.19,-70.59,2,stop_loss,34.21344,3.95021,-0.06234,2.43215,london,2023
XAUUSD,1,2023-04-12 08:00:00,2023-04-12 09:00:00,2020.36,2014.19125,2014.19125,2032.69751,1.1264,-61.7,-69.48,-69.88,1,stop_loss,21.36978,4.1125,4.0322,2.63691,london,2023
XAUUSD,1,2023-04-13 02:00:00,2023-04-13 12:00:00,2015.16,2026.6,2006.76664,2031.94673,0.8196,114.4,93.76,93.36,10,time_exit,29.05983,5.59558,1.30961,2.13532,,2023
XAUUSD,1,2023-04-14 02:00:00,2023-04-14 11:00:00,2040.15,2032.16324,2032.16324,2056.12352,0.873,-79.9,-69.72,-70.12,9,stop_loss,46.3525,5.32451,3.31469,3.6613,,2023
XAUUSD,1,2023-04-17 17:00:00,2023-04-17 18:00:00,1995.98,1987.11969,1987.11969,2013.70063,0.779,-88.6,-69.02,-69.42,1,stop_loss,38.29145,5.90688,-3.15412,1.25484,new_york,2023
XAUUSD,1,2023-04-18 10:00:00,2023-04-18 16:00:00,1999.8,1993.16757,1993.16757,2013.06487,1.0302,-66.3,-68.33,-68.73,6,stop_loss,35.47538,4.42162,-1.39747,0.09009,london,2023
XAUUSD,1,2023-04-19 01:00:00,2023-04-19 09:00:00,2005.16,1998.49514,1998.49514,2018.48973,1.0149,-66.6,-67.64,-68.04,8,stop_loss,22.50398,4.44324,-0.01492,-0.02475,,2023
XAUUSD,-1,2023-04-19 18:00:00,2023-04-20 05:00:00,1992.88,1991.84,2002.31187,1974.01626,0.7099,10.4,7.38,6.98,10,time_exit,33.32014,6.28791,-0.85716,-0.81301,new_york,2023
XAUUSD,1,2023-04-20 10:00:00,2023-04-20 20:00:00,1999.17,2006.65,1992.14329,2013.22342,0.9539,74.8,71.35,70.95,10,time_exit,15.71236,4.68447,0.56295,-1.18531,london,2023
XAUUSD,1,2023-04-20 20:00:00,2023-04-21 07:00:00,2005.84,2000.6,1997.32047,2022.87906,0.7951,-52.4,-41.66,-42.06,10,time_exit,24.84573,5.67969,1.29036,-0.64207,new_york,2023
XAUUSD,1,2023-04-24 19:00:00,2023-04-25 03:00:00,1984.8,2000.2221,1977.08895,2000.2221,0.873,154.2,134.63,134.23,7,take_profit,21.47201,5.1407,-0.43157,-1.87408,new_york,2023
XAUUSD,-1,2023-04-25 07:00:00,2023-04-25 14:00:00,1992.87,1979.26377,1999.67312,1979.26377,1.0092,136.1,137.31,136.91,7,take_profit,20.38309,4.53541,0.86654,-1.59576,london,2023
XAUUSD,1,2023-04-25 15:00:00,2023-04-25 16:00:00,1977.62,1992.41003,1970.22498,1992.41003,0.947,147.9,140.06,139.66,1,take_profit,17.92323,4.93001,-2.24224,-1.39787,london,2023
XAUUSD,1,2023-04-28 22:00:00,2023-05-01 04:00:00,1989.04,1981.39559,1981.39559,2004.32881,0.9344,-76.4,-71.43,-71.83,5,stop_loss,20.07022,5.09627,-0.09774,-0.76822,,2023
XAUUSD,-1,2023-05-01 08:00:00,2023-05-01 15:00:00,1984.16,1990.29189,1990.29189,1971.89622,1.1531,-61.3,-70.71,-71.11,7,stop_loss,20.47695,4.08793,-0.97929,-1.08999,london,2023
XAUUSD,1,2023-05-01 18:00:00,2023-05-02 05:00:00,1984.27,1982.84,1975.33653,2002.13695,0.7835,-14.3,-11.2,-11.6,10,time_exit,21.69139,5.95565,-0.6161,-0.70151,new_york,2023
XAUUSD,1,2023-05-02 09:00:00,2023-05-02 17:00:00,1982.76,1994.06787,1977.10607,1994.06787,1.236,113.1,139.77,139.37,8,take_profit,9.89349,3.76929,-0.7141,-1.42124,london,2023
XAUUSD,1,2023-05-03 22:00:00,2023-05-03 23:00:00,2022.91,2040.26843,2014.23079,2040.26843,0.8212,173.6,142.55,142.15,1,take_profit,35.57466,5.78614,2.73589,1.76591,,2023
XAUUSD,1,2023-05-03 23:00:00,2023-05-04 01:00:00,2035.14,2054.83926,2025.29037,2054.83926,0.7381,197.0,145.4,145.0,1,take_profit,36.65962,6.56642,4.09254,1.66524,,2023
XAUUSD,1,2023-05-04 03:00:00,2023-05-04 05:00:00,2051.94,2039.03657,2039.03657,2077.74686,0.5746,-129.0,-74.14,-74.54,2,stop_loss,43.62539,8.60229,4.547,1.63235,,2023
XAUUSD,-1,2023-05-04 06:00:00,2023-05-04 16:00:00,2043.64,2044.33,2056.43824,2018.04353,0.5735,-6.9,-3.96,-4.36,10,time_exit,46.22032,8.53216,3.14641,1.93517,,2023
XAUUSD,-1,2023-05-05 15:00:00,2023-05-05 16:00:00,2035.48,2020.19901,2043.12049,2020.19901,0.9601,152.8,146.71,146.31,1,take_profit,23.81607,5.09366,-0.25733,4.79895,london,2023
XAUUSD,1,2023-05-08 08:00:00,2023-05-08 18:00:00,2023.71,2027.13,2015.97479,2039.18041,0.9673,34.2,33.08,32.68,10,time_exit,32.49708,5.1568,-0.70476,2.79159,london,2023
XAUUSD,1,2023-05-08 19:00:00,2023-05-09 03:00:00,2027.15,2020.06984,2020.06984,2041.31032,1.0614,-70.8,-75.15,-75.55,7,stop_loss,24.37421,4.72011,0.22624,2.54812,new_york,2023
XAUUSD,1,2023-05-09 03:00:00,2023-05-09 13:00:00,2021.26,2030.86,2015.49245,2032.7951,1.2898,96.0,123.82,123.42,10,time_exit,24.47557,3.84503,-1.00948,2.74752,,2023
XAUUSD,1,2023-05-09 13:00:00,2023-05-09 23:00:00,2028.32,2034.42,2022.84364,2039.27273,1.3809,61.0,84.23,83.83,10,time_exit,16.01394,3.65091,0.90856,2.59681,london,2023
XAUUSD,1,2023-05-10 18:00:00,2023-05-11 05:00:00,2029.09,2032.23,2020.25191,2046.76618,0.8652,31.4,27.17,26.77,10,time_exit,16.66097,5.89206,-0.16374,1.76924,new_york,2023
XAUUSD,-1,2023-05-11 17:00:00,2023-05-12 04:00:00,2012.69,2012.02,2023.12744,1991.81513,0.7352,6.7,4.93,4.53,10,time_exit,16.28344,6.95829,-2.42259,1.16396,new_york,2023
XAUUSD,1,2023-05-12 12:00:00,2023-05-12 16:00:00,2006.57,2020.44062,1999.63469,2020.44062,1.107,138.7,153.55,153.15,4,take_profit,19.9054,4.62354,-3.0968,0.15658,london,2023
XAUUSD,-1,2023-05-12 17:00:00,2023-05-15 04:00:00,2019.88,2017.58,2028.18636,2003.26728,0.9428,23.0,21.68,21.28,10,time_exit,22.82442,5.53757,0.19288,-0.1369,new_york,2023
XAUUSD,-1,2023-05-17 19:00:00,2023-05-18 06:00:00,1980.39,1982.3,1987.24455,1966.68089,1.1455,-19.1,-21.88,-22.28,10,time_exit,44.04752,4.5697,-3.73457,-2.98594,new_york,2023
XAUUSD,-1,2023-05-18 19:00:00,2023-05-19 05:00:00,1956.04,1963.05759,1963.05759,1942.00482,1.1157,-70.2,-78.3,-78.7,9,stop_loss,50.46023,4.67839,-5.93991,-4.30536,new_york,2023
XAUUSD,-1,2023-05-22 10:00:00,2023-05-22 20:00:00,1976.2,1974.95,1982.99657,1962.60685,1.1404,12.5,14.26,13.86,10,time_exit,30.56833,4.53105,0.50018,-4.21088,london,2023
XAUUSD,1,2023-05-23 23:00:00,2023-05-24 10:00:00,1974.81,1974.02,1967.3114,1989.80721,1.0355,-7.9,-8.18,-8.58,10,time_exit,25.15055,4.99907,1.06817,-3.25484,,2023
XAUUSD,1,2023-05-24 17:00:00,2023-05-24 18:00:00,1972.55,1965.34093,1965.34093,1986.96814,1.0759,-72.1,-77.56,-77.96,1,stop_loss,22.37461,4.80605,-0.0282,-2.38295,new_york,2023
XAUUSD,1,2023-05-25 01:00:00,2023-05-25 11:00:00,1958.34,1962.03,1950.67171,1973.67659,1.0013,36.9,36.95,36.55,10,time_exit,23.16993,5.1122,-2.48394,-2.48978,,2023
XAUUSD,1,2023-05-26 11:00:00,2023-05-26 15:00:00,1956.15,1949.2823,1949.2823,1969.8854,1.1234,-68.7,-77.15,-77.55,4,stop_loss,32.21656,4.57847,0.26077,-4.07452,london,2023
XAUUSD,-1,2023-05-30 06:00:00,2023-05-30 08:00:00,1945.4,1937.64878,1949.27561,1937.64878,1.9706,77.5,152.75,152.35,2,take_profit,15.38506,2.58374,-0.75091,-6.70626,,2023
XAUUSD,-1,2023-06-01 03:00:00,2023-06-01 13:00:00,1966.37,1966.57,1973.01869,1953.07262,1.1716,-2.0,-2.34,-2.74,10,time_exit,20.11357,4.43246,1.84937,-0.97562,,2023
XAUUSD,1,2023-06-02 02:00:00,2023-06-02 12:00:00,1977.38,1980.58,1971.21939,1989.70121,1.264,32.0,40.45,40.05,10,time_exit,16.14482,4.10707,2.89871,0.39413,,2023
XAUUSD,1,2023-06-06 07:00:00,2023-06-06 17:00:00,1959.51,1960.05,1953.9158,1970.6984,1.3991,5.4,7.56,7.16,10,time_exit,35.60892,3.72947,0.36403,-1.03712,london,2023
XAUUSD,-1,2023-06-06 21:00:00,2023-06-07 08:00:00,1964.5,1963.18,1971.13996,1951.22009,1.1799,13.2,15.57,15.17,10,time_exit,25.4638,4.42664,1.15498,-0.52494,new_york,2023
XAUUSD,1,2023-06-08 02:00:00,2023-06-08 12:00:00,1942.28,1946.45,1935.09254,1956.65491,1.0921,41.7,45.54,45.14,10,time_exit,20.13088,4.79164,-2.97345,-0.8391,,2023
XAUUSD,1,2023-06-08 12:00:00,2023-06-08 15:00:00,1948.32,1959.40126,1942.77937,1959.40126,1.4249,110.8,157.9,157.5,3,take_profit,15.54004,3.69375,-1.30844,-1.63343,london,2023
XAUUSD,1,2023-06-08 19:00:00,2023-06-09 06:00:00,1966.83,1963.83,1959.86501,1980.75997,1.1561,-30.0,-34.68,-35.08,10,time_exit,22.63648,4.64332,2.70261,-1.02673,new_york,2023
XAUUSD,-1,2023-06-09 07:00:00,2023-06-09 15:00:00,1963.82,1968.56942,1968.56942,1954.32115,1.688,-47.5,-80.17,-80.57,8,stop_loss,26.90931,3.16628,1.83161,-0.51487,london,2023
XAUUSD,-1,2023-06-09 18:00:00,2023-06-12 05:00:00,1963.42,1956.04,1969.71121,1950.83758,1.2615,73.8,93.1,92.7,10,time_exit,21.68243,4.19414,0.81985,-0.01997,new_york,2023
XAUUSD,-1,2023-06-12 08:00:00,2023-06-12 09:00:00,1957.0,1961.69637,1961.69637,1947.60726,1.7096,-47.0,-80.29,-80.69,1,stop_loss,14.51214,3.13091,-0.8437,-0.10949,london,2023
XAUUSD,1,2023-06-12 21:00:00,2023-06-13 08:00:00,1955.87,1958.42,1949.56874,1968.47252,1.2614,25.5,32.17,31.77,10,time_exit,17.48261,4.20084,-0.8313,-0.12066,new_york,2023
XAUUSD,-1,2023-06-14 01:00:00,2023-06-14 10:00:00,1943.22,1950.73525,1950.73525,1928.18949,1.0619,-75.2,-79.8,-80.2,9,stop_loss,30.62369,5.01017,-2.53173,-0.55488,,2023
XAUUSD,-1,2023-06-14 12:00:00,2023-06-14 15:00:00,1949.88,1955.62324,1955.62324,1938.39353,1.3755,-57.4,-79.0,-79.4,3,stop_loss,28.18741,3.82882,-0.80453,-1.23081,london,2023
XAUUSD,-1,2023-06-14 16:00:00,2023-06-14 21:00:00,1957.02,1943.89057,1963.58471,1943.89057,1.1913,131.3,156.41,156.01,5,take_profit,24.45628,4.37648,1.02816,-1.08439,new_york,2023
XAUUSD,1,2023-06-16 22:00:00,2023-06-19 09:00:00,1958.68,1954.28,1951.85334,1972.33333,1.1684,-44.0,-51.41,-51.81,10,time_exit,21.88956,4.55111,0.88025,-0.12517,,2023
XAUUSD,-1,2023-06-19 13:00:00,2023-06-20 02:00:00,1950.44,1952.52,1955.81832,1939.68336,1.4735,-20.8,-30.65,-31.05,10,time_exit,15.4313,3.58555,-1.28306,-0.07221,london,2023
XAUUSD,1,2023-06-20 11:00:00,2023-06-20 15:00:00,1954.84,1949.81368,1949.81368,1964.89264,1.5705,-50.3,-78.94,-79.34,4,stop_loss,14.67177,3.35088,0.6459,-0.51875,london,2023
XAUUSD,-1,2023-06-22 17:00:00,2023-06-23 04:00:00,1922.23,1912.22,1928.50023,1909.68954,1.2463,100.1,124.75,124.35,10,time_exit,41.31794,4.18015,-2.9708,-2.76739,new_york,2023
XAUUSD,1,2023-06-23 04:00:00,2023-06-23 14:00:00,1915.52,1919.22,1910.16038,1926.23924,1.4812,37.0,54.8,54.4,10,time_exit,56.90552,3.57308,-3.49486,-4.23612,,2023
XAUUSD,1,2023-06-26 03:00:00,2023-06-26 13:00:00,1925.32,1931.97,1919.38727,1937.18546,1.3473,66.5,89.6,89.2,10,time_exit,28.04696,3.95515,0.43351,-3.79067,,2023
XAUUSD,-1,2023-06-26 21:00:00,2023-06-27 08:00:00,1924.65,1925.04,1930.48991,1912.97017,1.384,-3.9,-5.4,-5.8,10,time_exit,23.05729,3.89328,-0.1891,-2.92066,new_york,2023
XAUUSD,-1,2023-06-27 23:00:00,2023-06-28 10:00:00,1913.82,1910.96,1920.17211,1901.11578,1.2715,28.6,36.36,35.96,10,time_exit,19.71367,4.23474,-2.16976,-2.48974,,2023
XAUUSD,1,2023-06-28 10:00:00,2023-06-28 14:00:00,1910.94,1905.90522,1905.90522,1921.00956,1.6113,-50.3,-81.13,-81.53,4,stop_loss,20.21892,3.35652,-2.7939,-3.42217,london,2023
XAUUSD,-1,2023-06-28 21:00:00,2023-06-29 08:00:00,1911.82,1904.49,1917.57476,1900.31047,1.3955,73.3,102.29,101.89,10,time_exit,21.95524,3.83651,-1.20098,-3.39717,new_york,2023
XAUUSD,-1,2023-06-29 09:00:00,2023-06-29 13:00:00,1904.48,1909.3007,1909.3007,1894.83861,1.6871,-48.2,-81.33,-81.73,4,stop_loss,24.91104,3.2138,-2.74337,-4.31304,london,2023
XAUUSD,-1,2023-06-29 13:00:00,2023-06-29 14:00:00,1905.17,1910.05463,1910.05463,1895.40075,1.6483,-48.8,-80.51,-80.91,1,stop_loss,25.5616,3.25642,-2.1543,-4.35167,london,2023
XAUUSD,-1,2023-06-30 03:00:00,2023-06-30 13:00:00,1908.78,1906.31,1914.4871,1897.36579,1.3965,24.7,34.49,34.09,10,time_exit,13.73776,3.80474,-0.38557,-3.62138,,2023
XAUUSD,1,2023-06-30 14:00:00,2023-06-30 17:00:00,1906.32,1916.28974,1901.33513,1916.28974,1.6057,99.7,160.08,159.68,3,take_profit,13.7768,3.32325,-0.78056,-3.99775,london,2023
XAUUSD,1,2023-06-30 20:00:00,2023-07-03 07:00:00,1920.07,1920.11,1914.0752,1932.0596,1.3619,0.4,0.54,0.14,10,time_exit,17.71986,3.99653,2.51587,-2.923,new_york,2023
XAUUSD,-1,2023-07-03 08:00:00,2023-07-03 11:00:00,1920.11,1910.38389,1924.97306,1910.38389,1.6788,97.3,163.28,162.88,3,take_profit,22.34121,3.24204,2.1991,-2.58446,london,2023
XAUUSD,-1,2023-07-03 12:00:00,2023-07-03 15:00:00,1912.11,1917.21273,1917.21273,1901.90454,1.6319,-51.0,-83.27,-83.67,3,stop_loss,19.97717,3.40182,-0.3018,-2.3335,london,2023
XAUUSD,1,2023-07-03 18:00:00,2023-07-03 19:00:00,1930.25,1923.93795,1923.93795,1942.87411,1.306,-63.1,-82.44,-82.84,1,stop_loss,22.35323,4.20804,3.702,-1.51537,new_york,2023
XAUUSD,1,2023-07-03 23:00:00,2023-07-04 10:00:00,1921.38,1928.06,1915.91812,1932.30375,1.4941,66.8,99.81,99.41,10,time_exit,23.19757,3.64125,1.47409,-1.38755,,2023
XAUUSD,1,2023-07-07 15:00:00,2023-07-07 16:00:00,1917.63,1926.8563,1913.01685,1926.8563,1.7905,92.3,165.2,164.8,1,take_profit,18.21821,3.07543,0.46058,-1.24258,london,2023
XAUUSD,1,2023-07-10 05:00:00,2023-07-10 15:00:00,1924.97,1919.20917,1919.20917,1936.49166,1.4624,-57.6,-84.25,-84.65,10,stop_loss,37.74306,3.84055,1.29538,-0.16757,,2023
XAUUSD,-1,2023-07-11 06:00:00,2023-07-11 09:00:00,1927.75,1932.42383,1932.42383,1918.40235,1.7844,-46.7,-83.4,-83.8,3,stop_loss,16.16761,3.11588,1.64775,0.42023,,2023
XAUUSD,-1,2023-07-11 13:00:00,2023-07-11 23:00:00,1938.16,1932.09,1943.85164,1926.77671,1.4506,60.7,88.05,87.65,10,time_exit,26.64462,3.79443,3.43094,0.80332,london,2023
XAUUSD,1,2023-07-12 10:00:00,2023-07-12 15:00:00,1934.81,1944.13742,1930.14629,1944.13742,1.7891,93.3,166.88,166.48,5,take_profit,30.29177,3.10914,1.36826,1.98905,london,2023
XAUUSD,1,2023-07-14 09:00:00,2023-07-14 17:00:00,1958.89,1954.17361,1954.17361,1968.32278,1.8044,-47.2,-85.1,-85.5,8,stop_loss,19.44561,3.14426,1.60852,5.60971,london,2023
XAUUSD,1,2023-07-17 05:00:00,2023-07-17 15:00:00,1952.44,1948.62,1947.40009,1962.51982,1.6716,-38.2,-63.86,-64.26,10,time_exit,18.93159,3.35994,-0.78228,4.62524,,2023
XAUUSD,-1,2023-07-19 19:00:00,2023-07-20 04:00:00,1973.93,1980.05102,1980.05102,1961.68797,1.3659,-61.2,-83.61,-84.01,8,stop_loss,25.60259,4.08068,0.99539,4.35271,new_york,2023
XAUUSD,1,2023-07-20 05:00:00,2023-07-20 09:00:00,1985.02,1979.86853,1979.86853,1995.32294,1.6067,-51.5,-82.77,-83.17,4,stop_loss,17.35618,3.43431,3.60198,5.29032,,2023
XAUUSD,1,2023-07-21 15:00:00,2023-07-21 16:00:00,1965.74,1960.62862,1960.62862,1975.96275,1.603,-51.1,-81.94,-82.34,1,stop_loss,27.28662,3.40758,-1.67565,3.50807,london,2023
XAUUSD,-1,2023-07-21 18:00:00,2023-07-24 05:00:00,1959.76,1960.76,1965.7265,1947.827,1.3594,-10.0,-13.59,-13.99,10,time_exit,27.07486,3.97767,-2.65656,2.70581,new_york,2023
XAUUSD,-1,2023-07-26 23:00:00,2023-07-27 05:00:00,1974.7,1981.18669,1981.18669,1961.72663,1.2483,-64.9,-80.97,-81.37,5,stop_loss,17.25752,4.32446,1.89239,1.08296,,2023
XAUUSD,1,2023-07-28 10:00:00,2023-07-28 20:00:00,1951.34,1959.7,1944.5544,1964.9112,1.1813,83.6,98.76,98.36,10,time_exit,24.67254,4.52373,-1.82014,-0.36634,london,2023
XAUUSD,-1,2023-08-01 02:00:00,2023-08-01 10:00:00,1965.77,1954.82792,1971.24104,1954.82792,1.4831,109.4,162.28,161.88,8,take_profit,22.36254,3.64736,1.26689,0.01218,,2023
XAUUSD,-1,2023-08-01 14:00:00,2023-08-01 15:00:00,1956.24,1947.04132,1960.83934,1947.04132,1.7994,92.0,165.52,165.12,1,take_profit,20.16572,3.06623,-1.30859,-0.17759,london,2023
XAUUSD,1,2023-08-02 03:00:00,2023-08-02 07:00:00,1952.17,1946.65048,1946.65048,1963.20903,1.5293,-55.2,-84.41,-84.81,4,stop_loss,24.8271,3.67968,-0.80037,-1.11109,,2023
XAUUSD,-1,2023-08-04 19:00:00,2023-08-07 06:00:00,1942.74,1939.34,1949.39203,1929.43594,1.2562,34.0,42.71,42.31,10,time_exit,21.74178,4.43469,1.02593,-2.51493,new_york,2023
XAUUSD,-1,2023-08-07 13:00:00,2023-08-07 16:00:00,1934.32,1939.07055,1939.07055,1924.8189,1.7679,-47.5,-83.98,-84.38,3,stop_loss,21.05779,3.16703,-1.45765,-2.82401,london,2023
XAUUSD,-1,2023-08-08 02:00:00,2023-08-08 12:00:00,1936.12,1934.96,1940.62535,1927.10931,1.8454,11.6,21.41,21.01,10,time_exit,19.43044,3.00356,-0.52384,-2.93534,,2023
XAUUSD,1,2023-08-09 11:00:00,2023-08-09 12:00:00,1930.63,1926.36103,1926.36103,1939.16794,1.9525,-42.7,-83.35,-83.75,1,stop_loss,20.14917,2.84598,-0.29322,-3.64966,london,2023
XAUUSD,1,2023-08-09 17:00:00,2023-08-09 18:00:00,1922.83,1918.28418,1918.28418,1931.92163,1.8152,-45.5,-82.52,-82.92,1,stop_loss,23.06782,3.03054,-2.40965,-3.54884,new_york,2023
XAUUSD,1,2023-08-10 18:00:00,2023-08-11 05:00:00,1915.0,1914.83,1909.07933,1926.84134,1.3797,-1.7,-2.35,-2.75,10,time_exit,27.38671,3.94711,-2.05213,-3.28857,new_york,2023
XAUUSD,1,2023-08-11 13:00:00,2023-08-11 15:00:00,1917.98,1913.45373,1913.45373,1927.03255,1.8041,-45.3,-81.66,-82.06,2,stop_loss,17.8385,3.01752,-0.43662,-4.44647,london,2023
XAUUSD,-1,2023-08-17 12:00:00,2023-08-17 13:00:00,1893.96,1898.16141,1898.16141,1885.55718,1.9241,-42.0,-80.84,-81.24,1,stop_loss,35.98046,2.80094,-2.34774,-5.3923,london,2023
XAUUSD,-1,2023-08-21 06:00:00,2023-08-21 15:00:00,1892.86,1897.68612,1897.68612,1883.20776,1.6582,-48.3,-80.03,-80.43,9,stop_loss,15.25015,3.21741,-0.0847,-4.54652,,2023
XAUUSD,-1,2023-08-21 23:00:00,2023-08-22 09:00:00,1894.3,1899.55857,1899.55857,1883.78285,1.5065,-52.6,-79.22,-79.62,9,stop_loss,12.86205,3.50572,0.59184,-3.68479,,2023
XAUUSD,-1,2023-08-23 08:00:00,2023-08-23 15:00:00,1903.37,1907.35976,1907.35976,1895.39047,1.9657,-39.9,-78.43,-78.83,7,stop_loss,15.86172,2.65984,2.50744,-2.48739,london,2023
XAUUSD,-1,2023-08-24 17:00:00,2023-08-24 18:00:00,1916.21,1920.55592,1920.55592,1907.51816,1.7864,-43.5,-77.64,-78.04,1,stop_loss,35.73778,2.89728,1.82468,1.49696,new_york,2023
XAUUSD,-1,2023-08-25 21:00:00,2023-08-28 08:00:00,1912.35,1915.71,1918.03952,1900.97096,1.3508,-33.6,-45.39,-45.79,10,time_exit,20.6515,3.79301,-0.24698,1.25363,new_york,2023
XAUUSD,-1,2023-08-28 09:00:00,2023-08-28 17:00:00,1915.7,1919.86806,1919.86806,1907.36389,1.833,-41.7,-76.4,-76.8,8,stop_loss,12.51748,2.7787,0.62312,1.70902,london,2023
XAUUSD,1,2023-08-28 17:00:00,2023-08-29 04:00:00,1918.14,1922.09,1914.02049,1926.37902,1.8359,39.5,72.52,72.12,10,time_exit,10.68252,2.74634,1.34869,1.71767,new_york,2023
XAUUSD,-1,2023-08-29 23:00:00,2023-08-30 10:00:00,1937.94,1936.5,1942.96682,1927.88636,1.5189,14.4,21.87,21.47,10,time_exit,32.33862,3.35121,4.61762,2.67548,,2023
XAUUSD,1,2023-08-30 15:00:00,2023-08-30 16:00:00,1939.12,1945.81417,1935.77292,1945.81417,2.2876,66.9,153.14,152.74,1,take_profit,33.14336,2.23139,4.51034,5.47579,london,2023
XAUUSD,1,2023-08-31 03:00:00,2023-08-31 13:00:00,1944.35,1944.31,1940.66316,1951.72368,2.1182,-0.4,-0.85,-1.25,10,time_exit,42.86674,2.45789,3.95044,6.03972,,2023
XAUUSD,-1,2023-09-05 09:00:00,2023-09-05 12:00:00,1937.01,1931.15269,1939.93865,1931.15269,2.6661,58.6,156.16,155.76,3,take_profit,23.95089,1.95244,-1.51929,4.63216,london,2023
XAUUSD,-1,2023-09-06 21:00:00,2023-09-07 08:00:00,1917.71,1917.55,1922.83687,1907.45625,1.5534,1.6,2.49,2.09,10,time_exit,30.81598,3.41792,-3.2568,-0.20473,new_york,2023
XAUUSD,1,2023-09-07 17:00:00,2023-09-08 04:00:00,1920.06,1925.9,1915.76939,1928.64121,1.8566,58.4,108.43,108.03,10,time_exit,19.43984,2.8604,-1.28082,-1.39635,new_york,2023
XAUUSD,-1,2023-09-12 02:00:00,2023-09-12 12:00:00,1922.55,1918.99,1926.21432,1915.22137,2.2034,35.6,78.44,78.04,10,time_exit,24.86307,2.44288,-0.35527,-0.96939,,2023
XAUUSD,1,2023-09-13 19:00:00,2023-09-14 06:00:00,1910.44,1909.73,1905.64452,1920.03096,1.6999,-7.1,-12.07,-12.47,10,time_exit,20.21072,3.19699,-1.49585,-2.09196,new_york,2023
XAUUSD,1,2023-09-14 20:00:00,2023-09-15 07:00:00,1910.24,1916.16,1904.69493,1921.33014,1.4679,59.2,86.9,86.5,10,time_exit,24.87571,3.69671,-0.17274,-2.20137,new_york,2023
XAUUSD,-1,2023-09-15 09:00:00,2023-09-15 15:00:00,1916.26,1920.12331,1920.12331,1908.53338,2.1293,-38.6,-82.26,-82.66,6,stop_loss,20.96912,2.57554,1.82075,-2.60027,london,2023
XAUUSD,-1,2023-09-18 04:00:00,2023-09-18 05:00:00,1924.66,1928.63832,1928.63832,1916.70335,2.047,-39.8,-81.44,-81.84,1,stop_loss,39.77913,2.65222,2.78769,-0.64525,,2023
XAUUSD,1,2023-09-18 17:00:00,2023-09-18 20:00:00,1924.08,1932.0131,1920.11345,1932.0131,2.0324,79.3,161.23,160.83,3,take_profit,37.10832,2.64437,1.12959,0.45423,new_york,2023
XAUUSD,1,2023-09-18 21:00:00,2023-09-19 08:00:00,1932.18,1930.86,1927.96071,1940.61858,1.9488,-13.2,-25.72,-26.12,10,time_exit,33.42722,2.81286,3.47713,0.74988,new_york,2023
XAUUSD,-1,2023-09-19 08:00:00,2023-09-19 10:00:00,1931.33,1934.3483,1934.3483,1925.2934,2.7155,-30.2,-81.96,-82.36,2,stop_loss,33.98679,2.0122,2.73398,2.16314,london,2023
XAUUSD,1,2023-09-20 08:00:00,2023-09-20 16:00:00,1929.83,1935.38054,1927.05473,1935.38054,2.9237,55.5,162.28,161.88,8,take_profit,16.98138,1.85018,0.1287,3.18051,london,2023
XAUUSD,1,2023-09-21 20:00:00,2023-09-22 07:00:00,1919.5,1924.38,1913.70197,1931.09606,1.4274,48.8,69.66,69.26,10,time_exit,30.75279,3.86535,-2.16007,0.66613,new_york,2023
XAUUSD,-1,2023-09-22 11:00:00,2023-09-22 21:00:00,1927.97,1925.02,1931.92161,1920.06678,2.1118,29.5,62.3,61.9,10,time_exit,18.47519,2.63441,0.83261,0.33773,london,2023
XAUUSD,-1,2023-09-25 06:00:00,2023-09-25 10:00:00,1923.79,1927.00183,1927.00183,1917.36634,2.6175,-32.1,-84.07,-84.47,4,stop_loss,11.75316,2.14122,-0.87434,0.26819,,2023
XAUUSD,-1,2023-09-25 11:00:00,2023-09-25 17:00:00,1923.48,1916.59111,1926.92445,1916.59111,2.4162,68.9,166.45,166.05,6,take_profit,11.51809,2.2963,-0.74812,0.09971,london,2023
XAUUSD,1,2023-09-25 17:00:00,2023-09-25 18:00:00,1925.28,1921.62231,1921.62231,1932.59538,2.3207,-36.6,-84.88,-85.28,1,stop_loss,12.52772,2.43846,0.15607,0.02784,new_york,2023
XAUUSD,-1,2023-09-26 01:00:00,2023-09-26 11:00:00,1916.04,1913.77,1919.88556,1908.34889,2.1852,22.7,49.6,49.2,10,time_exit,19.07739,2.5637,-2.75896,-0.57886,,2023
XAUUSD,1,2023-10-02 12:00:00,2023-10-02 13:00:00,1839.54,1833.36688,1833.36688,1851.88625,1.3692,-61.7,-84.52,-84.92,1,stop_loss,44.46149,4.11542,-5.08591,-7.57605,london,2023
XAUUSD,-1,2023-10-04 15:00:00,2023-10-05 02:00:00,1824.96,1822.54,1830.67048,1813.53903,1.4653,24.2,35.46,35.06,10,time_exit,28.31672,3.80699,-1.13401,-9.63094,london,2023
XAUUSD,1,2023-10-05 04:00:00,2023-10-05 11:00:00,1825.71,1819.71845,1819.71845,1837.6931,1.4024,-59.9,-84.03,-84.43,7,stop_loss,18.24191,3.99437,-0.18397,-8.63517,,2023
XAUUSD,-1,2023-10-05 14:00:00,2023-10-06 01:00:00,1823.2,1821.23,1828.36728,1812.86544,1.6098,19.7,31.71,31.31,10,time_exit,16.1484,3.44485,-0.7211,-9.21849,london,2023
XAUUSD,1,2023-10-06 13:00:00,2023-10-06 15:00:00,1820.5,1816.18086,1816.18086,1829.13829,1.9331,-43.2,-83.49,-83.89,2,stop_loss,15.81774,2.87943,-0.83042,-9.48589,london,2023
XAUUSD,1,2023-10-09 03:00:00,2023-10-09 13:00:00,1847.99,1850.1,1839.41237,1865.14526,0.9636,21.1,20.33,19.93,10,time_exit,19.65183,5.71842,3.8022,-3.76482,,2023
XAUUSD,1,2023-10-09 15:00:00,2023-10-09 22:00:00,1850.06,1862.87195,1843.65403,1862.87195,1.2934,128.1,165.71,165.31,7,take_profit,36.83657,4.27065,3.40043,-2.94136,london,2023
XAUUSD,1,2023-10-12 16:00:00,2023-10-12 17:00:00,1879.02,1874.00057,1874.00057,1889.05885,1.6836,-50.2,-84.51,-84.91,1,stop_loss,51.63173,3.34628,2.73857,3.62089,new_york,2023
XAUUSD,-1,2023-10-13 14:00:00,2023-10-13 15:00:00,1887.58,1892.33196,1892.33196,1878.07608,1.7605,-47.5,-83.66,-84.06,1,stop_loss,34.31564,3.16797,4.52338,3.86694,london,2023
XAUUSD,1,2023-10-13 17:00:00,2023-10-13 19:00:00,1909.01,1925.12963,1900.95019,1925.12963,1.0276,161.2,165.65,165.25,2,take_profit,44.00616,5.37321,6.23989,2.73729,new_york,2023
XAUUSD,1,2023-10-16 03:00:00,2023-10-16 08:00:00,1925.85,1917.62681,1917.62681,1942.29638,1.0272,-82.2,-84.47,-84.87,5,stop_loss,62.54863,5.48213,6.15987,4.41082,,2023
XAUUSD,1,2023-10-17 23:00:00,2023-10-18 04:00:00,1922.7,1936.18611,1915.95695,1936.18611,1.2401,134.9,167.24,166.84,4,take_profit,36.95246,4.49537,1.63153,6.52881,,2023
XAUUSD,-1,2023-10-19 20:00:00,2023-10-19 21:00:00,1962.06,1970.26523,1970.26523,1945.64954,1.0395,-82.1,-85.29,-85.69,1,stop_loss,49.22571,5.47015,3.52121,6.5151,new_york,2023
XAUUSD,1,2023-10-20 02:00:00,2023-10-20 12:00:00,1972.53,1982.63,1964.42888,1988.73224,1.0423,101.0,105.27,104.87,10,time_exit,57.61241,5.40075,4.48657,7.02966,,2023
XAUUSD,1,2023-10-20 14:00:00,2023-10-20 15:00:00,1983.3,1976.01174,1976.01174,1997.87651,1.1729,-72.9,-85.48,-85.88,1,stop_loss,64.78708,4.85884,4.74386,8.6628,london,2023
XAUUSD,1,2023-10-23 14:00:00,2023-10-24 01:00:00,1977.46,1973.07,1969.22466,1993.93067,1.0276,-43.9,-45.11,-45.51,10,time_exit,23.11887,5.49022,1.23907,7.32624,london,2023
XAUUSD,1,2023-10-24 01:00:00,2023-10-24 11:00:00,1972.68,1972.24,1964.75054,1988.53893,1.0615,-4.4,-4.67,-5.07,10,time_exit,17.8924,5.28631,0.08338,7.10097,,2023
XAUUSD,-1,2023-10-26 16:00:00,2023-10-26 20:00:00,1979.64,1987.41795,1987.41795,1964.08411,1.0815,-77.8,-84.12,-84.52,4,stop_loss,12.60091,5.1853,-0.04203,4.89943,new_york,2023
XAUUSD,-1,2023-10-26 20:00:00,2023-10-27 07:00:00,1984.25,1989.52,1992.58907,1967.57186,0.9986,-52.7,-52.63,-53.03,10,time_exit,15.83501,5.55938,0.77489,4.41271,new_york,2023
XAUUSD,-1,2023-10-30 09:00:00,2023-10-30 19:00:00,1999.65,1998.97,2006.57335,1985.80329,1.1951,6.8,8.13,7.73,10,time_exit,22.62045,4.61557,2.00142,5.25444,london,2023
XAUUSD,-1,2023-10-31 08:00:00,2023-10-31 11:00:00,1992.84,1998.32043,1998.32043,1981.87915,1.5112,-54.8,-82.82,-83.22,3,stop_loss,15.90616,3.65362,-0.22084,5.90177,london,2023
XAUUSD,1,2023-11-01 03:00:00,2023-11-01 06:00:00,1983.76,1977.13118,1977.13118,1997.01764,1.2368,-66.3,-81.99,-82.39,3,stop_loss,19.81701,4.41921,-1.99851,3.88898,,2023
XAUUSD,1,2023-11-01 22:00:00,2023-11-02 09:00:00,1974.87,1985.76,1967.32555,1989.9589,1.0758,108.9,117.15,116.75,10,time_exit,23.82462,5.02963,-2.23817,1.97169,,2023
XAUUSD,-1,2023-11-06 15:00:00,2023-11-07 02:00:00,1984.45,1976.02,1990.08548,1973.17904,1.4609,84.3,123.15,122.75,10,time_exit,18.62479,3.75699,-0.82873,1.64963,london,2023
XAUUSD,1,2023-11-07 06:00:00,2023-11-07 09:00:00,1972.62,1968.05977,1968.05977,1981.74047,1.8323,-45.6,-83.56,-83.96,3,stop_loss,34.73851,3.04016,-3.66068,0.88109,,2023
XAUUSD,-1,2023-11-08 06:00:00,2023-11-08 16:00:00,1967.84,1960.28,1972.7806,1957.95881,1.6743,75.6,126.58,126.18,10,time_exit,35.78079,3.29373,-1.7968,-1.35156,,2023
XAUUSD,1,2023-11-08 20:00:00,2023-11-08 21:00:00,1953.82,1947.66578,1947.66578,1966.12845,1.3646,-61.5,-83.98,-84.38,1,stop_loss,37.85398,4.10282,-3.66956,-1.80119,new_york,2023
XAUUSD,1,2023-11-09 03:00:00,2023-11-09 10:00:00,1952.05,1946.55662,1946.55662,1963.03677,1.5134,-54.9,-83.14,-83.54,7,stop_loss,46.05956,3.66226,-3.50744,-2.67437,,2023
XAUUSD,1,2023-11-10 02:00:00,2023-11-10 12:00:00,1959.13,1952.84636,1952.84636,1971.69728,1.3098,-62.8,-82.3,-82.7,10,stop_loss,31.19834,4.18909,0.06387,-2.79037,,2023
XAUUSD,-1,2023-11-10 20:00:00,2023-11-13 07:00:00,1936.75,1939.16,1943.16634,1923.91732,1.2698,-24.1,-30.6,-31.0,10,time_exit,36.23998,4.27756,-4.13167,-3.03191,new_york,2023
XAUUSD,1,2023-11-13 19:00:00,2023-11-14 06:00:00,1945.77,1944.78,1939.65404,1958.00192,1.3271,-9.9,-13.14,-13.54,10,time_exit,28.34064,4.07731,0.24789,-4.11443,new_york,2023
XAUUSD,1,2023-11-14 15:00:00,2023-11-14 16:00:00,1945.18,1952.61587,1941.46207,1952.61587,2.1794,74.4,162.06,161.66,1,take_profit,24.95585,2.47862,-0.0843,-5.44746,london,2023
XAUUSD,1,2023-11-15 03:00:00,2023-11-15 12:00:00,1963.62,1973.81331,1958.52334,1973.81331,1.6216,101.9,165.29,164.89,9,take_profit,46.92143,3.39777,3.51908,-2.24998,,2023
XAUUSD,1,2023-11-17 15:00:00,2023-11-17 16:00:00,1988.83,1983.74501,1983.74501,1998.99998,1.6577,-50.8,-84.29,-84.69,1,stop_loss,44.30767,3.38999,3.80066,2.95367,london,2023
XAUUSD,-1,2023-11-20 11:00:00,2023-11-20 15:00:00,1976.94,1965.82688,1982.49656,1965.82688,1.5018,111.1,166.9,166.5,4,take_profit,16.1195,3.70437,-0.33963,2.67118,london,2023
XAUUSD,-1,2023-11-21 06:00:00,2023-11-21 15:00:00,1993.14,1999.39758,1999.39758,1980.62483,1.3602,-62.6,-85.12,-85.52,9,stop_loss,24.55869,4.17172,3.39787,2.14097,,2023
XAUUSD,-1,2023-11-21 15:00:00,2023-11-21 16:00:00,1989.18,1995.12828,1995.12828,1977.28343,1.4165,-59.5,-84.26,-84.66,1,stop_loss,23.62421,3.96552,1.77345,2.61911,london,2023
XAUUSD,1,2023-11-21 18:00:00,2023-11-21 21:00:00,2004.33,1997.05941,1997.05941,2018.87119,1.1472,-72.7,-83.41,-83.81,3,stop_loss,29.169,4.84706,4.09586,2.43184,new_york,2023
XAUUSD,-1,2023-11-21 22:00:00,2023-11-22 09:00:00,2000.16,2003.74,2007.24068,1985.99863,1.1662,-35.8,-41.75,-42.15,10,time_exit,29.69742,4.72046,2.82906,2.76456,,2023
XAUUSD,1,2023-11-23 10:00:00,2023-11-23 18:00:00,1996.36,1990.98834,1990.98834,2007.10331,1.5294,-53.7,-82.15,-82.55,8,stop_loss,21.15017,3.5811,0.82489,3.68982,london,2023
XAUUSD,-1,2023-11-24 12:00:00,2023-11-24 15:00:00,1994.61,1998.16148,1998.16148,1987.50703,2.2899,-35.5,-81.33,-81.73,3,stop_loss,7.52607,2.36766,0.49149,4.42312,london,2023
XAUUSD,-1,2023-11-24 19:00:00,2023-11-27 03:00:00,1999.96,2004.44968,2004.44968,1990.98064,1.7932,-44.9,-80.51,-80.91,4,stop_loss,17.80427,2.99312,1.80965,3.54181,new_york,2023
XAUUSD,-1,2023-11-27 10:00:00,2023-11-27 20:00:00,2011.01,2012.51,2016.6422,1999.74559,1.4151,-15.0,-21.23,-21.63,10,time_exit,43.23631,3.7548,3.09489,3.45301,london,2023
XAUUSD,1,2023-11-29 10:00:00,2023-11-29 11:00:00,2042.65,2036.60483,2036.60483,2054.74035,1.3148,-60.5,-79.48,-79.88,1,stop_loss,55.76795,4.03012,4.04345,6.21172,london,2023
XAUUSD,1,2023-11-30 09:00:00,2023-11-30 10:00:00,2045.88,2040.21423,2040.21423,2057.21155,1.3888,-56.7,-78.69,-79.09,1,stop_loss,31.68702,3.77718,2.47489,7.15465,london,2023
XAUUSD,1,2023-11-30 10:00:00,2023-11-30 11:00:00,2044.7,2038.94928,2038.94928,2056.20144,1.3545,-57.5,-77.89,-78.29,1,stop_loss,30.89468,3.83381,2.02694,7.04057,london,2023
XAUUSD,-1,2023-12-01 08:00:00,2023-12-01 11:00:00,2041.03,2046.29952,2046.29952,2030.49097,1.4633,-52.7,-77.11,-77.51,3,stop_loss,15.92209,3.51301,0.87438,6.45042,london,2023
XAUUSD,1,2023-12-05 05:00:00,2023-12-05 13:00:00,2034.78,2021.6445,2021.6445,2061.05101,0.5811,-131.4,-76.33,-76.73,8,stop_loss,23.11678,8.757,-1.63101,2.2742,,2023
XAUUSD,1,2023-12-06 06:00:00,2023-12-06 16:00:00,2023.29,2025.13,2015.17817,2039.51366,0.9316,18.4,17.14,16.74,10,time_exit,18.86862,5.40789,-1.80088,0.91968,,2023
XAUUSD,1,2023-12-06 16:00:00,2023-12-07 03:00:00,2030.41,2026.22,2021.88607,2047.45786,0.8885,-41.9,-37.23,-37.63,10,time_exit,15.27497,5.68262,-0.06072,0.48278,new_york,2023
XAUUSD,1,2023-12-08 09:00:00,2023-12-08 15:00:00,2030.43,2024.56468,2024.56468,2042.16064,1.2848,-58.7,-75.36,-75.76,6,stop_loss,11.21783,3.91021,0.05199,0.44953,london,2023
XAUUSD,1,2023-12-08 18:00:00,2023-12-08 19:00:00,2009.07,2000.75595,2000.75595,2025.6981,0.8973,-83.1,-74.6,-75.0,1,stop_loss,19.91807,5.5427,-3.4223,-0.0105,new_york,2023
XAUUSD,-1,2023-12-08 22:00:00,2023-12-11 09:00:00,2000.74,1992.84,2009.05259,1984.11482,0.8884,79.0,70.18,69.78,10,time_exit,33.01164,5.54173,-4.16613,-0.56062,,2023
XAUUSD,1,2023-12-11 17:00:00,2023-12-11 19:00:00,1986.72,1979.39709,1979.39709,2001.36582,1.018,-73.2,-74.55,-74.95,2,stop_loss,45.87582,4.88194,-4.7439,-2.48436,new_york,2023
XAUUSD,-1,2023-12-13 01:00:00,2023-12-13 11:00:00,1979.63,1982.53,1985.47253,1967.94494,1.2632,-29.0,-36.63,-37.03,10,time_exit,17.34546,3.89502,-3.01342,-5.37018,,2023
XAUUSD,-1,2023-12-14 06:00:00,2023-12-14 16:00:00,2031.03,2040.64225,2040.64225,2011.8055,0.7639,-96.1,-73.43,-73.83,10,stop_loss,37.85063,6.40817,5.22251,-1.63876,,2023
XAUUSD,-1,2023-12-14 23:00:00,2023-12-15 10:00:00,2036.3,2040.03,2045.51503,2017.86995,0.7888,-37.3,-29.42,-29.82,10,time_exit,41.53954,6.14335,3.21067,0.67748,,2023
XAUUSD,1,2023-12-15 20:00:00,2023-12-15 21:00:00,2032.79,2025.45706,2025.45706,2047.45588,0.9872,-73.3,-72.39,-72.79,1,stop_loss,25.1389,4.88863,1.07237,2.19671,new_york,2023
XAUUSD,1,2023-12-21 06:00:00,2023-12-21 16:00:00,2037.46,2042.08,2032.20159,2047.97682,1.3629,46.2,62.97,62.57,10,time_exit,23.55522,3.50561,0.98577,2.61681,,2023
XAUUSD,-1,2023-12-21 17:00:00,2023-12-22 01:00:00,2042.08,2048.52606,2048.52606,2029.18788,1.1215,-64.5,-72.29,-72.69,7,stop_loss,20.89254,4.29737,1.61893,2.09659,new_york,2023
XAUUSD,-1,2023-12-22 14:00:00,2023-12-22 15:00:00,2060.68,2066.81968,2066.81968,2048.40063,1.1656,-61.4,-71.56,-71.96,1,stop_loss,39.29276,4.09312,4.34665,3.10655,london,2023
XAUUSD,-1,2023-12-26 01:00:00,2023-12-26 03:00:00,2053.51,2060.84119,2060.84119,2038.84762,0.9663,-73.3,-70.84,-71.24,2,stop_loss,33.8876,4.88746,1.01404,3.06377,,2023
XAUUSD,-1,2023-12-26 16:00:00,2023-12-26 22:00:00,2058.84,2064.20607,2064.20607,2048.10786,1.307,-53.7,-70.13,-70.53,6,stop_loss,29.1241,3.57738,1.29153,4.84965,new_york,2023
XAUUSD,-1,2023-12-26 22:00:00,2023-12-26 23:00:00,2061.7,2067.15603,2067.15603,2050.78794,1.2725,-54.6,-69.43,-69.83,1,stop_loss,22.23399,3.63735,1.7873,4.68269,,2023
XAUUSD,1,2023-12-27 14:00:00,2023-12-27 17:00:00,2068.21,2078.18243,2063.22378,2078.18243,1.3784,99.7,137.46,137.06,3,take_profit,19.77139,3.32414,2.39956,5.45742,london,2023
XAUUSD,-1,2023-12-28 08:00:00,2023-12-28 11:00:00,2085.82,2074.70892,2091.37554,2074.70892,1.2618,111.1,140.2,139.8,3,take_profit,34.23769,3.70369,4.18477,6.02846,london,2023
XAUUSD,-1,2023-12-28 17:00:00,2023-12-28 23:00:00,2078.92,2065.09143,2085.83429,2065.09143,1.0341,138.3,143.0,142.6,6,take_profit,24.83499,4.60952,1.33951,4.79744,new_york,2023
XAUUSD,-1,2023-12-29 03:00:00,2023-12-29 08:00:00,2066.92,2073.07807,2073.07807,2054.60385,1.1842,-61.6,-72.92,-73.32,5,stop_loss,24.82998,4.10538,-1.2065,4.76829,,2023
XAUUSD,1,2023-12-29 23:00:00,2024-01-02 08:00:00,2063.15,2075.99521,2056.72739,2075.99521,1.124,128.5,144.38,143.98,8,take_profit,22.57872,4.28174,-1.36876,3.27704,,2023
XAUUSD,-1,2024-01-02 09:00:00,2024-01-02 17:00:00,2074.16,2062.18645,2080.14678,2062.18645,1.2299,119.7,147.26,146.86,8,take_profit,18.54988,3.99118,1.33013,3.20336,london,2024
XAUUSD,-1,2024-01-03 04:00:00,2024-01-03 13:00:00,2062.56,2049.50599,2069.087,2049.50599,1.1506,130.5,150.2,149.8,9,take_profit,21.84842,4.35134,-0.96928,2.08541,,2024
XAUUSD,1,2024-01-04 08:00:00,2024-01-04 16:00:00,2043.84,2037.31425,2037.31425,2056.89151,1.1738,-65.3,-76.6,-77.0,8,stop_loss,21.36483,4.3505,-2.04237,-0.56727,london,2024
XAUUSD,1,2024-01-04 19:00:00,2024-01-05 06:00:00,2044.85,2044.61,2037.84051,2058.86899,1.0818,-2.4,-2.6,-3.0,10,time_exit,15.04545,4.673,-1.11288,-0.88627,new_york,2024
XAUUSD,-1,2024-01-08 01:00:00,2024-01-08 07:00:00,2045.16,2028.14548,2053.66726,2028.14548,0.891,170.1,151.6,151.2,6,take_profit,12.05309,5.67151,-0.12931,-0.99146,,2024
XAUUSD,1,2024-01-11 02:00:00,2024-01-11 12:00:00,2026.89,2032.14,2020.96248,2038.74504,1.3042,52.5,68.47,68.07,10,time_exit,15.9906,3.95168,-0.95004,-2.66304,,2024
XAUUSD,-1,2024-01-11 22:00:00,2024-01-12 01:00:00,2026.46,2035.11293,2035.11293,2009.15414,0.9013,-86.5,-77.99,-78.39,2,stop_loss,19.44912,5.76862,-0.46265,-1.68122,,2024
XAUUSD,-1,2024-01-12 14:00:00,2024-01-12 15:00:00,2045.56,2052.22594,2052.22594,2032.22812,1.1582,-66.7,-77.2,-77.6,1,stop_loss,35.91048,4.44396,2.91848,-1.34027,london,2024
XAUUSD,-1,2024-01-16 21:00:00,2024-01-17 04:00:00,2025.24,2032.57755,2032.57755,2010.5649,1.0416,-73.4,-76.43,-76.83,6,stop_loss,30.80173,4.8917,-3.81947,0.32114,new_york,2024
XAUUSD,-1,2024-01-17 06:00:00,2024-01-17 16:00:00,2024.04,2012.2,2030.70595,2010.7081,1.135,118.4,134.38,133.98,10,time_exit,35.41627,4.44397,-3.47616,-0.36989,,2024
XAUUSD,1,2024-01-18 11:00:00,2024-01-18 21:00:00,2009.58,2019.84,2003.58592,2021.56817,1.2846,102.6,131.8,131.4,10,time_exit,29.08764,3.99606,-2.89942,-3.29018,london,2024
XAUUSD,1,2024-01-19 19:00:00,2024-01-22 06:00:00,2024.93,2025.46,2018.25726,2038.27547,1.1737,5.3,6.22,5.82,10,time_exit,32.98449,4.44849,0.33126,-1.76954,new_york,2024
XAUUSD,-1,2024-01-22 19:00:00,2024-01-23 06:00:00,2023.66,2027.66,2030.27613,2010.42774,1.1846,-40.0,-47.38,-47.78,10,time_exit,16.17958,4.41075,-0.20145,-1.26444,new_york,2024
XAUUSD,1,2024-01-23 11:00:00,2024-01-23 13:00:00,2028.97,2022.66655,2022.66655,2041.57689,1.2358,-63.0,-77.9,-78.3,2,stop_loss,20.51666,4.2023,0.91658,-1.03789,london,2024
XAUUSD,1,2024-01-23 19:00:00,2024-01-24 06:00:00,2025.8,2024.52,2019.35275,2038.6945,1.1961,-12.8,-15.31,-15.71,10,time_exit,22.04231,4.29817,0.14132,-0.93005,new_york,2024
XAUUSD,-1,2024-01-25 14:00:00,2024-01-25 15:00:00,2017.68,2022.90809,2022.90809,2007.22383,1.472,-52.3,-76.96,-77.36,1,stop_loss,15.30642,3.48539,-0.97617,-1.62598,london,2024
XAUUSD,1,2024-01-25 15:00:00,2024-01-25 16:00:00,2013.64,2024.25573,2008.33214,2024.25573,1.4353,106.2,152.37,151.97,1,take_profit,14.84508,3.53858,-1.95013,-1.64501,london,2024
XAUUSD,-1,2024-01-26 20:00:00,2024-01-29 01:00:00,2016.61,2022.29028,2022.29028,2005.24944,1.3679,-56.8,-77.7,-78.1,4,stop_loss,11.73479,3.78685,-1.00409,-1.18595,new_york,2024
XAUUSD,1,2024-01-29 03:00:00,2024-01-29 09:00:00,2021.65,2032.88829,2016.03086,2032.88829,1.3689,112.4,153.84,153.44,6,take_profit,13.4381,3.7461,0.37774,-1.17758,,2024
XAUUSD,-1,2024-01-30 15:00:00,2024-01-30 16:00:00,2036.06,2041.60081,2041.60081,2024.97838,1.4159,-55.4,-78.45,-78.85,1,stop_loss,30.94686,3.69387,1.91703,0.66989,london,2024
XAUUSD,1,2024-02-01 01:00:00,2024-02-01 11:00:00,2039.99,2041.12,2031.63561,2056.69879,0.9296,11.3,10.5,10.1,10,time_exit,28.95708,5.5696,0.39618,1.26106,,2024
XAUUSD,1,2024-02-02 17:00:00,2024-02-05 04:00:00,2034.68,2033.5,2026.23135,2051.5773,0.9205,-11.8,-10.86,-11.26,10,time_exit,30.07655,5.63243,-2.03296,1.93574,new_york,2024
XAUUSD,-1,2024-02-05 22:00:00,2024-02-06 09:00:00,2025.97,2026.36,2033.09198,2011.72604,1.0904,-3.9,-4.25,-4.65,10,time_exit,39.88708,4.74799,-1.72652,-0.03596,,2024
XAUUSD,1,2024-02-06 17:00:00,2024-02-07 04:00:00,2030.62,2034.5,2024.92863,2042.00273,1.3636,38.8,52.91,52.51,10,time_exit,20.26499,3.79424,0.09585,-0.73916,new_york,2024
XAUUSD,-1,2024-02-12 17:00:00,2024-02-12 19:00:00,2014.97,2020.04584,2020.04584,2004.81832,1.5393,-50.8,-78.13,-78.53,2,stop_loss,8.40818,3.38389,-3.35706,-1.38686,new_york,2024
XAUUSD,1,2024-02-12 19:00:00,2024-02-13 06:00:00,2015.96,2019.0,2010.60547,2026.66905,1.4445,30.4,43.91,43.51,10,time_exit,8.34316,3.56968,-2.65714,-1.47672,new_york,2024
XAUUSD,-1,2024-02-14 14:00:00,2024-02-15 01:00:00,1992.26,1993.78,1997.259,1982.262,1.556,-15.2,-23.65,-24.05,10,time_exit,48.01011,3.33267,-4.00781,-4.93558,london,2024
XAUUSD,-1,2024-02-15 15:00:00,2024-02-15 16:00:00,1998.06,2002.15453,2002.15453,1989.87093,1.8938,-40.9,-77.54,-77.94,1,stop_loss,23.0951,2.72969,-0.03817,-6.51581,london,2024
XAUUSD,-1,2024-02-16 06:00:00,2024-02-16 15:00:00,2004.34,1995.95078,2008.53461,1995.95078,1.83,83.9,153.52,153.12,9,take_profit,35.53601,2.79641,1.36545,-4.91977,,2024
XAUUSD,1,2024-02-21 06:00:00,2024-02-21 10:00:00,2030.58,2026.59958,2026.59958,2038.54083,1.967,-39.8,-78.29,-78.69,4,stop_loss,32.61929,2.65361,3.73238,1.54543,,2024
XAUUSD,1,2024-02-22 06:00:00,2024-02-22 10:00:00,2026.34,2034.55141,2022.23429,2034.55141,1.8878,82.1,155.02,154.62,4,take_profit,18.38346,2.73714,0.72785,2.05515,,2024
XAUUSD,-1,2024-02-23 02:00:00,2024-02-23 12:00:00,2024.8,2022.95,2029.284,2015.83201,1.763,18.5,32.62,32.22,10,time_exit,22.15284,2.98933,-0.17045,1.73748,,2024
XAUUSD,1,2024-02-23 21:00:00,2024-02-26 01:00:00,2040.42,2034.41361,2034.41361,2052.43278,1.3215,-60.1,-79.37,-79.77,3,stop_loss,24.86509,4.00426,3.502,1.30201,new_york,2024
XAUUSD,-1,2024-02-27 09:00:00,2024-02-27 10:00:00,2033.5,2037.02031,2037.02031,2026.45939,2.2321,-35.2,-78.58,-78.98,1,stop_loss,20.08059,2.34687,1.20935,2.67175,london,2024
XAUUSD,1,2024-02-28 09:00:00,2024-02-28 11:00:00,2029.37,2025.66342,2025.66342,2036.78317,2.0987,-37.1,-77.79,-78.19,2,stop_loss,13.49383,2.47106,-0.99089,2.27988,london,2024
XAUUSD,-1,2024-02-28 19:00:00,2024-02-29 06:00:00,2033.65,2035.23,2038.22004,2024.50991,1.685,-15.8,-26.62,-27.02,10,time_exit,18.99332,3.0467,0.78216,1.54428,new_york,2024
XAUUSD,-1,2024-02-29 06:00:00,2024-02-29 13:00:00,2036.61,2029.07239,2040.3788,2029.07239,2.0361,75.4,153.47,153.07,7,take_profit,26.80715,2.51254,1.70152,2.01562,,2024
XAUUSD,1,2024-03-01 04:00:00,2024-03-01 10:00:00,2044.36,2040.00491,2040.00491,2053.07017,1.7971,-43.6,-78.27,-78.67,6,stop_loss,29.21014,2.90339,2.32866,2.66712,,2024
XAUUSD,-1,2024-03-01 19:00:00,2024-03-04 06:00:00,2081.17,2080.83,2090.64769,2062.21461,0.8175,3.4,2.78,2.38,10,time_exit,26.52478,6.31846,5.80807,1.82758,new_york,2024
XAUUSD,1,2024-03-06 01:00:00,2024-03-06 11:00:00,2128.01,2128.71,2119.58413,2144.86174,0.9198,7.0,6.44,6.04,10,time_exit,65.53124,5.61725,3.87427,7.65857,,2024
XAUUSD,-1,2024-03-08 14:00:00,2024-03-08 15:00:00,2168.41,2175.34005,2175.34005,2154.5499,1.1192,-69.3,-77.56,-77.96,1,stop_loss,26.24166,4.62003,3.73191,10.60618,london,2024
XAUUSD,1,2024-03-08 20:00:00,2024-03-08 21:00:00,2185.03,2173.82589,2173.82589,2207.43822,0.6853,-112.0,-76.78,-77.18,1,stop_loss,39.90694,7.46941,3.84338,6.6902,new_york,2024
XAUUSD,1,2024-03-11 19:00:00,2024-03-12 06:00:00,2184.37,2177.51,2175.51264,2202.08473,0.8582,-68.6,-58.87,-59.27,10,time_exit,39.7732,5.90491,2.42116,8.34097,new_york,2024
XAUUSD,-1,2024-03-12 09:00:00,2024-03-12 15:00:00,2176.2,2162.75488,2182.92256,2162.75488,1.1219,134.5,150.84,150.44,6,take_profit,33.32799,4.48171,0.46216,10.28686,london,2024
XAUUSD,1,2024-03-13 12:00:00,2024-03-13 18:00:00,2158.23,2171.64883,2151.52058,2171.64883,1.1465,134.2,153.85,153.45,6,take_profit,34.7661,4.47294,-1.78892,6.74907,london,2024
XAUUSD,-1,2024-03-13 20:00:00,2024-03-14 07:00:00,2173.68,2171.78,2181.08859,2158.86281,1.059,19.0,20.12,19.72,10,time_exit,29.99198,4.93906,1.47372,5.66297,new_york,2024
XAUUSD,1,2024-03-19 03:00:00,2024-03-19 09:00:00,2162.15,2157.05264,2157.05264,2172.34472,1.5431,-51.0,-78.66,-79.06,6,stop_loss,16.42655,3.39824,0.75834,2.63059,,2024
XAUUSD,1,2024-03-20 20:00:00,2024-03-20 21:00:00,2157.73,2169.3959,2151.89705,2169.3959,1.3349,116.7,155.73,155.33,1,take_profit,21.70081,3.88863,0.12709,1.1774,new_york,2024
XAUUSD,1,2024-03-21 07:00:00,2024-03-21 17:00:00,2202.82,2190.76631,2190.76631,2226.92738,0.6589,-120.5,-79.42,-79.82,10,stop_loss,46.47528,8.03579,4.17701,1.59261,london,2024
XAUUSD,1,2024-03-22 04:00:00,2024-03-22 05:00:00,2185.03,2175.94643,2175.94643,2203.19714,0.8655,-90.8,-78.62,-79.02,1,stop_loss,28.58056,6.05571,0.69544,2.9599,,2024
XAUUSD,1,2024-03-25 07:00:00,2024-03-25 17:00:00,2170.64,2177.81,2161.88996,2188.14007,0.8895,71.7,63.78,63.38,10,time_exit,18.32745,5.83336,-0.44354,1.51822,london,2024
XAUUSD,-1,2024-03-25 17:00:00,2024-03-26 04:00:00,2177.24,2169.46,2185.4537,2160.81261,0.9553,77.8,74.32,73.92,10,time_exit,16.15326,5.4758,0.93414,1.32404,new_york,2024
XAUUSD,1,2024-03-26 13:00:00,2024-03-26 16:00:00,2190.94,2183.55717,2183.55717,2205.70566,1.0728,-73.8,-79.2,-79.6,3,stop_loss,13.57064,4.92189,3.57719,1.39438,london,2024
XAUUSD,1,2024-03-26 20:00:00,2024-03-27 07:00:00,2176.82,2178.43,2167.29392,2195.87216,0.8231,16.1,13.25,12.85,10,time_exit,16.97056,6.35072,0.11975,1.31281,new_york,2024
XAUUSD,-1,2024-03-27 10:00:00,2024-03-27 12:00:00,2177.71,2184.56748,2184.56748,2163.99503,1.1453,-68.6,-78.54,-78.94,2,stop_loss,14.02163,4.57166,0.22712,1.69458,london,2024
XAUUSD,1,2024-03-27 13:00:00,2024-03-27 23:00:00,2189.3,2194.88,2180.99257,2205.91487,0.9359,55.8,52.22,51.82,10,time_exit,14.06134,5.53829,2.15993,1.44677,london,2024
XAUUSD,1,2024-03-28 01:00:00,2024-03-28 11:00:00,2194.09,2194.83,2186.28518,2209.69964,1.0028,7.4,7.42,7.02,10,time_exit,26.99423,5.20321,2.37295,2.08795,,2024
XAUUSD,-1,2024-04-01 03:00:00,2024-04-01 04:00:00,2246.1,2258.28043,2258.28043,2221.73914,0.6431,-121.8,-78.33,-78.73,1,stop_loss,46.96745,8.12029,5.48718,2.65203,,2024
XAUUSD,1,2024-04-01 04:00:00,2024-04-01 14:00:00,2250.09,2246.82,2237.44781,2275.37437,0.6134,-32.7,-20.06,-20.46,10,time_exit,49.3106,8.42812,5.53543,2.69835,,2024
XAUUSD,1,2024-04-01 23:00:00,2024-04-02 10:00:00,2244.72,2256.46,2233.0861,2267.98779,0.6648,117.4,78.05,77.65,10,time_exit,37.20216,7.75593,2.21373,4.49506,,2024
XAUUSD,1,2024-04-02 22:00:00,2024-04-03 09:00:00,2271.48,2282.04,2259.3416,2295.7568,0.6436,105.6,67.96,67.56,10,time_exit,39.84448,8.09227,3.16174,4.97992,,2024
XAUUSD,1,2024-04-09 11:00:00,2024-04-09 18:00:00,2353.99,2343.67481,2343.67481,2374.62039,0.7639,-103.2,-78.8,-79.2,7,stop_loss,25.94242,6.8768,3.98381,7.60786,london,2024
XAUUSD,-1,2024-04-10 14:00:00,2024-04-10 15:00:00,2347.51,2328.3626,2357.0837,2328.3626,0.8148,191.5,156.01,155.61,1,take_profit,20.72459,6.38247,0.68562,7.99043,london,2024
XAUUSD,-1,2024-04-11 03:00:00,2024-04-11 13:00:00,2335.61,2338.58,2348.69599,2309.43801,0.608,-29.7,-18.06,-18.46,10,time_exit,24.58564,8.724,-0.56349,4.97042,,2024
XAUUSD,1,2024-04-11 15:00:00,2024-04-11 21:00:00,2337.32,2359.78226,2326.08887,2359.78226,0.7067,224.6,158.74,158.34,6,take_profit,19.43803,7.48742,-0.28511,5.03117,london,2024
XAUUSD,-1,2024-04-12 13:00:00,2024-04-12 17:00:00,2398.19,2410.01651,2410.01651,2374.53698,0.6845,-118.3,-80.95,-81.35,4,stop_loss,39.88215,7.88434,4.68752,5.79579,london,2024
XAUUSD,-1,2024-04-16 01:00:00,2024-04-16 11:00:00,2382.26,2369.51,2400.88066,2345.01868,0.4304,127.5,54.88,54.48,10,time_exit,14.98184,12.41377,1.61656,2.67756,,2024
XAUUSD,1,2024-04-16 11:00:00,2024-04-16 19:00:00,2365.57,2397.34011,2349.68495,2397.34011,0.508,317.7,161.39,160.99,8,take_profit,16.8629,10.59004,-0.33474,3.24552,london,2024
XAUUSD,1,2024-04-17 21:00:00,2024-04-17 23:00:00,2372.24,2358.00714,2358.00714,2400.70572,0.5782,-142.3,-82.29,-82.69,2,stop_loss,14.99884,9.48857,-0.75535,3.28558,new_york,2024
XAUUSD,-1,2024-04-18 01:00:00,2024-04-18 07:00:00,2361.57,2376.35252,2376.35252,2332.00496,0.5511,-147.8,-81.47,-81.87,6,stop_loss,19.83594,9.85501,-1.73522,2.98357,,2024
XAUUSD,1,2024-04-19 02:00:00,2024-04-19 04:00:00,2379.26,2400.18067,2368.79966,2400.18067,0.771,209.2,161.3,160.9,2,take_profit,14.63542,6.97356,0.05442,3.40018,,2024
XAUUSD,-1,2024-04-19 05:00:00,2024-04-19 07:00:00,2409.61,2382.83348,2422.99826,2382.83348,0.6144,267.8,164.51,164.11,2,take_profit,16.48912,8.92551,3.27396,2.68314,,2024
XAUUSD,-1,2024-04-22 04:00:00,2024-04-22 09:00:00,2382.22,2356.3959,2395.13205,2356.3959,0.6498,258.2,167.8,167.4,5,take_profit,15.5491,8.60803,-0.26437,2.57006,,2024
XAUUSD,1,2024-04-23 10:00:00,2024-04-23 17:00:00,2301.98,2331.63818,2287.15091,2331.63818,0.5771,296.6,171.16,170.76,7,take_profit,56.91574,9.88606,-4.61602,-0.82305,london,2024
XAUUSD,-1,2024-04-23 19:00:00,2024-04-24 06:00:00,2323.26,2327.97,2339.62032,2290.53935,0.5335,-47.1,-25.13,-25.53,10,time_exit,44.39261,10.90688,-1.24344,-1.38795,new_york,2024
XAUUSD,1,2024-04-25 11:00:00,2024-04-25 16:00:00,2325.75,2315.89969,2315.89969,2345.45061,0.8835,-98.5,-87.03,-87.43,5,stop_loss,14.16563,6.56687,0.20775,-2.72961,london,2024
XAUUSD,1,2024-04-29 13:00:00,2024-04-29 15:00:00,2343.27,2333.17537,2333.17537,2363.45926,0.8535,-100.9,-86.16,-86.56,2,stop_loss,17.52551,6.72975,1.3903,-0.84002,london,2024
XAUUSD,1,2024-04-30 04:00:00,2024-04-30 07:00:00,2334.05,2325.20152,2325.20152,2351.74696,0.9639,-88.5,-85.29,-85.69,3,stop_loss,14.59187,5.89899,-0.19987,-0.6808,,2024
XAUUSD,1,2024-05-01 23:00:00,2024-05-02 10:00:00,2309.89,2309.28,2296.46115,2336.7477,0.6287,-6.1,-3.84,-4.24,10,time_exit,40.30168,8.95257,0.36747,-2.20683,,2024
XAUUSD,-1,2024-05-03 04:00:00,2024-05-03 14:00:00,2304.03,2298.34,2313.88945,2284.3111,0.8559,56.9,48.7,48.3,10,time_exit,18.8214,6.57297,-0.40564,-2.32673,,2024
XAUUSD,-1,2024-05-03 17:00:00,2024-05-03 20:00:00,2289.67,2302.36565,2302.36565,2264.27871,0.6685,-127.0,-84.87,-85.27,3,stop_loss,15.0279,8.46376,-1.72129,-1.79426,new_york,2024
XAUUSD,-1,2024-05-06 19:00:00,2024-05-07 06:00:00,2324.86,2325.02,2336.70843,2301.16313,0.7091,-1.6,-1.13,-1.53,10,time_exit,24.86601,7.89896,1.94061,-0.9987,new_york,2024
XAUUSD,1,2024-05-07 13:00:00,2024-05-07 23:00:00,2313.81,2313.83,2305.37309,2330.68382,0.9957,0.2,0.2,-0.2,10,time_exit,21.03226,5.62461,-0.36833,-0.42867,london,2024
XAUUSD,-1,2024-05-08 12:00:00,2024-05-08 13:00:00,2307.37,2315.28862,2315.28862,2291.53276,1.0608,-79.2,-84.0,-84.4,1,stop_loss,20.31921,5.27908,-1.40151,-0.51442,london,2024
XAUUSD,1,2024-05-09 08:00:00,2024-05-09 10:00:00,2314.57,2308.0113,2308.0113,2327.68739,1.2679,-65.6,-83.16,-83.56,2,stop_loss,15.83203,4.37246,0.25626,-0.72991,london,2024
XAUUSD,1,2024-05-09 18:00:00,2024-05-10 04:00:00,2333.41,2353.74504,2323.24248,2353.74504,0.8097,203.4,164.65,164.25,9,take_profit,17.57344,6.77835,2.73696,-0.26779,new_york,2024
XAUUSD,-1,2024-05-10 12:00:00,2024-05-10 22:00:00,2369.65,2363.41,2378.72537,2351.49926,0.9252,62.4,57.73,57.33,10,time_exit,52.04269,6.05025,6.09168,1.81502,london,2024
XAUUSD,-1,2024-05-13 19:00:00,2024-05-14 06:00:00,2336.0,2343.27,2345.72649,2316.54703,0.8692,-72.7,-63.19,-63.59,10,time_exit,31.01131,6.48432,-1.76293,2.57107,new_york,2024
XAUUSD,-1,2024-05-15 11:00:00,2024-05-15 12:00:00,2362.51,2369.21273,2369.21273,2349.10454,1.2518,-67.0,-83.9,-84.3,1,stop_loss,18.47572,4.46849,2.61182,3.18918,london,2024
XAUUSD,-1,2024-05-15 12:00:00,2024-05-15 16:00:00,2373.28,2358.28636,2380.77682,2358.28636,1.108,149.9,166.13,165.73,4,take_profit,21.02684,4.99788,4.30439,2.95411,london,2024
XAUUSD,-1,2024-05-16 06:00:00,2024-05-16 16:00:00,2387.54,2375.17,2397.8752,2366.86961,0.8197,123.7,101.4,101.0,10,time_exit,40.20122,6.89013,3.01659,3.32872,,2024
XAUUSD,-1,2024-05-17 04:00:00,2024-05-17 09:00:00,2378.05,2385.57455,2385.57455,2363.0009,1.1393,-75.2,-85.73,-86.13,5,stop_loss,19.65457,5.01637,0.59209,4.78555,,2024
XAUUSD,1,2024-05-17 17:00:00,2024-05-17 18:00:00,2401.67,2417.9389,2393.53555,2417.9389,1.0433,162.7,169.73,169.33,1,take_profit,25.38166,5.42297,4.11639,4.45354,new_york,2024
XAUUSD,1,2024-05-20 02:00:00,2024-05-20 04:00:00,2417.88,2439.93241,2406.85379,2439.93241,0.785,220.5,173.11,172.71,2,take_profit,44.40482,7.3508,3.95608,3.95966,,2024
XAUUSD,-1,2024-05-20 18:00:00,2024-05-21 05:00:00,2423.1,2414.05,2437.77721,2393.74558,0.6015,90.5,54.44,54.04,10,time_exit,47.85261,9.78481,1.39819,3.97718,new_york,2024
XAUUSD,1,2024-05-22 06:00:00,2024-05-22 14:00:00,2417.85,2408.39224,2408.39224,2436.76552,0.9392,-94.6,-88.83,-89.23,8,stop_loss,11.75971,6.30517,-0.13432,5.27699,,2024
XAUUSD,-1,2024-05-22 14:00:00,2024-05-22 17:00:00,2414.79,2397.22993,2423.57003,2397.22993,1.0015,175.6,175.86,175.46,3,take_profit,15.66579,5.85336,-0.54446,5.15815,london,2024
XAUUSD,-1,2024-05-23 14:00:00,2024-05-23 17:00:00,2366.44,2344.16153,2377.57924,2344.16153,0.8052,222.8,179.39,178.99,3,take_profit,61.54049,7.42616,-3.541,0.91814,london,2024
XAUUSD,-1,2024-05-24 08:00:00,2024-05-24 16:00:00,2335.1,2345.87517,2345.87517,2313.54967,0.849,-107.8,-91.48,-91.88,8,stop_loss,65.73313,7.18344,-4.24766,-1.80761,london,2024
XAUUSD,-1,2024-05-24 23:00:00,2024-05-27 05:00:00,2333.81,2342.6626,2342.6626,2316.1048,1.023,-88.5,-90.56,-90.96,5,stop_loss,32.77286,5.90173,-3.18506,-3.42177,,2024
XAUUSD,-1,2024-05-27 06:00:00,2024-05-27 16:00:00,2346.15,2354.65741,2354.65741,2329.13519,1.0538,-85.1,-89.65,-90.05,10,stop_loss,25.5712,5.6716,-0.63086,-3.72086,,2024
XAUUSD,1,2024-05-28 08:00:00,2024-05-28 09:00:00,2351.07,2344.48591,2344.48591,2364.23818,1.348,-65.8,-88.75,-89.15,1,stop_loss,29.98674,4.38939,0.26281,-3.75976,london,2024
XAUUSD,-1,2024-05-28 23:00:00,2024-05-29 10:00:00,2358.22,2350.57,2366.98369,2340.69263,1.0025,76.5,76.69,76.29,10,time_exit,27.29462,5.84246,1.23136,-2.28647,,2024
XAUUSD,1,2024-05-29 12:00:00,2024-05-29 15:00:00,2345.51,2337.70913,2337.70913,2361.11174,1.1361,-78.0,-88.63,-89.03,3,stop_loss,26.08895,5.20058,-1.41136,-2.03653,london,2024
XAUUSD,-1,2024-05-30 08:00:00,2024-05-30 15:00:00,2335.33,2343.20055,2343.20055,2319.58889,1.1147,-78.7,-87.73,-88.13,7,stop_loss,32.02552,5.24704,-1.88712,-2.66833,london,2024
XAUUSD,1,2024-05-30 23:00:00,2024-05-31 10:00:00,2341.57,2340.48,2332.25169,2360.20663,0.9321,-10.9,-10.16,-10.56,10,time_exit,23.81068,6.21221,-0.23075,-2.17399,,2024
XAUUSD,1,2024-06-03 08:00:00,2024-06-03 17:00:00,2321.35,2339.1019,2312.47405,2339.1019,0.9773,177.5,173.49,173.09,9,take_profit,17.88698,5.9173,-2.57996,-2.44129,london,2024
XAUUSD,1,2024-06-04 15:00:00,2024-06-04 17:00:00,2328.03,2319.61876,2319.61876,2344.85249,1.0519,-84.1,-88.48,-88.88,2,stop_loss,23.1389,5.6075,-1.9493,-1.62109,london,2024
XAUUSD,-1,2024-06-04 22:00:00,2024-06-05 08:00:00,2328.32,2339.15531,2339.15531,2306.64938,0.8084,-108.4,-87.59,-87.99,9,stop_loss,26.44225,7.22354,-1.04856,-1.48246,,2024
XAUUSD,1,2024-06-05 08:00:00,2024-06-05 09:00:00,2338.07,2330.38828,2330.38828,2353.43345,1.1288,-76.8,-86.71,-87.11,1,stop_loss,22.78853,5.12115,0.69653,-2.09907,london,2024
XAUUSD,-1,2024-06-05 16:00:00,2024-06-05 18:00:00,2342.23,2350.64604,2350.64604,2325.39792,1.0199,-84.2,-85.84,-86.24,2,stop_loss,17.91906,5.61069,1.37726,-1.76625,new_york,2024
XAUUSD,-1,2024-06-05 22:00:00,2024-06-06 04:00:00,2355.87,2364.93547,2364.93547,2337.73906,0.9373,-90.7,-84.97,-85.37,5,stop_loss,26.30837,6.04365,2.90909,-1.0883,,2024
XAUUSD,-1,2024-06-06 06:00:00,2024-06-06 15:00:00,2374.36,2356.00964,2383.53518,2356.00964,0.9168,183.5,168.24,167.84,9,take_profit,37.32777,6.11679,5.01725,-0.36217,,2024
XAUUSD,-1,2024-06-11 09:00:00,2024-06-11 11:00:00,2299.57,2307.48911,2307.48911,2283.73179,1.0834,-79.2,-85.8,-86.2,2,stop_loss,25.01967,5.2794,-2.9173,-3.90318,london,2024
XAUUSD,1,2024-06-12 03:00:00,2024-06-12 13:00:00,2315.21,2313.55,2307.80719,2330.01562,1.1474,-16.6,-19.05,-19.45,10,time_exit,16.97545,4.93521,0.342,-3.70773,,2024
XAUUSD,-1,2024-06-12 21:00:00,2024-06-13 04:00:00,2334.99,2314.3896,2345.2902,2314.3896,0.8227,206.0,169.48,169.08,6,take_profit,24.48248,6.8668,2.48068,-1.76687,new_york,2024
XAUUSD,-1,2024-06-17 08:00:00,2024-06-17 18:00:00,2323.7,2312.65,2331.6099,2307.8802,1.0927,110.5,120.74,120.34,10,time_exit,21.72738,5.27327,0.56777,-0.80892,london,2024
XAUUSD,1,2024-06-17 20:00:00,2024-06-18 07:00:00,2317.01,2322.58,2308.07599,2334.87802,0.9809,55.7,54.64,54.24,10,time_exit,16.05916,5.95601,-0.5108,-0.71294,new_york,2024
XAUUSD,1,2024-06-18 11:00:00,2024-06-18 13:00:00,2315.53,2308.75637,2308.75637,2329.07726,1.3018,-67.7,-88.18,-88.58,2,stop_loss,11.74855,4.51575,-1.08466,-0.75797,london,2024
XAUUSD,1,2024-06-18 19:00:00,2024-06-19 06:00:00,2326.9,2328.34,2317.53941,2345.62118,0.9326,14.4,13.43,13.03,10,time_exit,15.61437,6.24039,1.16416,-0.59241,new_york,2024
XAUUSD,-1,2024-06-21 04:00:00,2024-06-21 14:00:00,2364.13,2366.28,2371.71786,2348.95429,1.1522,-21.5,-24.77,-25.17,10,time_exit,45.922,5.05857,4.63266,2.17773,,2024
XAUUSD,1,2024-06-25 02:00:00,2024-06-25 04:00:00,2331.78,2324.59924,2324.59924,2346.14152,1.214,-71.8,-87.17,-87.57,2,stop_loss,18.61845,4.78717,-0.42632,0.44183,,2024
XAUUSD,1,2024-06-25 21:00:00,2024-06-26 08:00:00,2319.17,2312.14,2310.1474,2337.2152,0.9564,-70.3,-67.23,-67.63,10,time_exit,18.63487,6.01507,-1.78137,-0.16077,new_york,2024
XAUUSD,1,2024-06-27 06:00:00,2024-06-27 12:00:00,2299.39,2313.04053,2292.56473,2313.04053,1.2545,136.5,171.25,170.85,6,take_profit,43.06933,4.55018,-2.98619,-2.60369,,2024
XAUUSD,1,2024-06-28 02:00:00,2024-06-28 04:00:00,2326.94,2320.30044,2320.30044,2340.21912,1.3153,-66.4,-87.33,-87.73,2,stop_loss,40.31094,4.42637,2.46058,-1.68149,,2024
XAUUSD,-1,2024-06-28 07:00:00,2024-06-28 10:00:00,2321.81,2328.47184,2328.47184,2308.48632,1.2977,-66.6,-86.45,-86.85,3,stop_loss,32.76995,4.44123,1.01267,-1.38837,london,2024
XAUUSD,1,2024-07-01 10:00:00,2024-07-01 20:00:00,2326.53,2329.25,2319.08749,2341.41503,1.1499,27.2,31.28,30.88,10,time_exit,14.71452,4.96168,0.60579,-0.16456,london,2024
XAUUSD,1,2024-07-02 07:00:00,2024-07-02 15:00:00,2326.1,2319.35084,2319.35084,2339.59833,1.2726,-67.5,-85.89,-86.29,8,stop_loss,10.83749,4.49944,-0.22709,0.39357,london,2024
XAUUSD,-1,2024-07-09 16:00:00,2024-07-09 17:00:00,2360.17,2367.258,2367.258,2345.994,1.1996,-70.9,-85.03,-85.43,1,stop_loss,25.39541,4.72533,-1.20921,3.18713,new_york,2024
XAUUSD,1,2024-07-11 14:00:00,2024-07-11 15:00:00,2382.32,2393.9435,2376.50825,2393.9435,1.4483,116.2,168.34,167.94,1,take_profit,29.67836,3.8745,2.25337,3.8398,london,2024
XAUUSD,1,2024-07-15 04:00:00,2024-07-15 14:00:00,2408.48,2418.29,2400.76534,2423.90933,1.1129,98.1,109.18,108.78,10,time_exit,19.23152,5.14311,1.50017,5.20641,,2024
XAUUSD,1,2024-07-15 23:00:00,2024-07-16 10:00:00,2421.18,2437.03,2411.85212,2439.83577,0.9321,158.5,147.74,147.34,10,time_exit,18.67532,6.21859,1.82079,4.57614,,2024
XAUUSD,-1,2024-07-17 09:00:00,2024-07-17 11:00:00,2465.42,2476.17504,2476.17504,2443.90993,0.8221,-107.6,-88.42,-88.82,2,stop_loss,43.11949,7.17002,3.23761,5.87018,london,2024
XAUUSD,1,2024-07-17 12:00:00,2024-07-17 17:00:00,2475.04,2464.088,2464.088,2496.944,0.7992,-109.5,-87.53,-87.93,5,stop_loss,41.27557,7.30133,4.02259,5.93486,london,2024
XAUUSD,-1,2024-07-18 04:00:00,2024-07-18 08:00:00,2458.92,2469.15897,2469.15897,2438.44206,0.8463,-102.4,-86.65,-87.05,4,stop_loss,20.39762,6.82598,0.79433,6.24457,,2024
XAUUSD,-1,2024-07-18 11:00:00,2024-07-18 20:00:00,2471.97,2453.62086,2481.14457,2453.62086,0.9349,183.5,171.55,171.15,9,take_profit,20.96715,6.11638,2.4551,6.90836,london,2024
XAUUSD,1,2024-07-23 01:00:00,2024-07-23 11:00:00,2396.23,2404.05,2387.02646,2414.63707,0.9506,78.2,74.34,73.94,10,time_exit,42.68397,6.13569,-2.46941,-0.59195,,2024
XAUUSD,-1,2024-07-25 01:00:00,2024-07-25 04:00:00,2397.28,2377.4266,2407.2067,2377.4266,0.8888,198.5,176.46,176.06,3,take_profit,20.43515,6.6178,-2.03784,-0.3065,,2024
XAUUSD,1,2024-07-26 07:00:00,2024-07-26 17:00:00,2371.79,2381.98,2359.47562,2396.41876,0.7308,101.9,74.47,74.07,10,time_exit,38.26008,8.20959,-1.34717,-2.3839,london,2024
XAUUSD,-1,2024-07-26 20:00:00,2024-07-29 01:00:00,2389.21,2399.8243,2399.8243,2367.9814,0.8548,-106.1,-90.73,-91.13,4,stop_loss,23.64553,7.0762,1.21948,-2.64026,new_york,2024
XAUUSD,-1,2024-07-29 17:00:00,2024-07-29 18:00:00,2392.16,2373.87251,2401.30374,2373.87251,0.9823,182.9,179.64,179.24,1,take_profit,20.16655,6.09583,0.82432,-1.81372,new_york,2024
XAUUSD,1,2024-07-29 19:00:00,2024-07-30 06:00:00,2376.85,2385.84,2366.14057,2398.26885,0.8554,89.9,76.9,76.5,10,time_exit,21.5037,7.13962,-1.31874,-1.58036,new_york,2024
XAUUSD,1,2024-07-30 19:00:00,2024-07-30 20:00:00,2385.38,2402.16297,2376.98852,2402.16297,1.1008,167.8,184.75,184.35,1,take_profit,14.49378,5.59432,-0.18514,-1.55931,new_york,2024
XAUUSD,1,2024-07-31 09:00:00,2024-07-31 19:00:00,2417.88,2427.03,2408.8153,2436.00941,1.0394,91.5,95.11,94.71,10,time_exit,34.24007,6.04314,3.58233,-0.12086,london,2024
XAUUSD,-1,2024-07-31 21:00:00,2024-07-31 22:00:00,2425.84,2434.85508,2434.85508,2407.80984,1.0556,-90.2,-95.16,-95.56,1,stop_loss,48.12989,6.01005,3.26593,1.06225,new_york,2024
XAUUSD,-1,2024-08-02 08:00:00,2024-08-02 15:00:00,2457.92,2469.48164,2469.48164,2434.79672,0.8148,-115.6,-94.2,-94.6,7,stop_loss,27.4106,7.70776,2.90895,2.96425,london,2024
XAUUSD,-1,2024-08-05 09:00:00,2024-08-05 14:00:00,2437.98,2399.49466,2457.22267,2399.49466,0.4847,384.9,186.54,186.14,5,take_profit,22.19379,12.82845,-0.28448,1.68775,london,2024
XAUUSD,-1,2024-08-06 07:00:00,2024-08-06 17:00:00,2409.05,2388.41,2425.25255,2376.64491,0.5871,206.4,121.18,120.78,10,time_exit,25.6625,10.8017,-1.2151,0.41959,london,2024
XAUUSD,-1,2024-08-07 12:00:00,2024-08-07 15:00:00,2393.4,2405.02632,2405.02632,2370.14735,0.8286,-116.3,-96.34,-96.74,3,stop_loss,24.95649,7.75088,-1.18565,-1.21382,london,2024
XAUUSD,-1,2024-08-08 08:00:00,2024-08-08 13:00:00,2394.41,2403.82926,2403.82926,2375.57148,1.0125,-94.2,-95.37,-95.77,5,stop_loss,16.42974,6.27951,-0.37522,-1.88174,london,2024
XAUUSD,1,2024-08-12 19:00:00,2024-08-13 06:00:00,2459.87,2463.54,2450.58999,2478.43002,1.0173,36.7,37.33,36.93,10,time_exit,50.87126,6.18667,4.87518,2.05275,new_york,2024
XAUUSD,-1,2024-08-13 07:00:00,2024-08-13 15:00:00,2463.54,2472.42008,2472.42008,2445.77983,1.0673,-88.8,-94.78,-95.18,8,stop_loss,56.20771,5.92006,3.37943,3.57797,london,2024
XAUUSD,1,2024-08-13 23:00:00,2024-08-14 05:00:00,2467.09,2458.00662,2458.00662,2485.25675,1.0329,-90.8,-93.82,-94.22,5,stop_loss,30.4098,6.05558,2.10675,4.21462,,2024
XAUUSD,1,2024-08-15 12:00:00,2024-08-15 15:00:00,2455.56,2447.88708,2447.88708,2470.90585,1.2105,-76.7,-92.88,-93.28,3,stop_loss,16.54901,5.11528,-0.00707,3.57535,london,2024
XAUUSD,-1,2024-08-15 19:00:00,2024-08-16 06:00:00,2458.45,2452.5,2470.53664,2434.27671,0.7608,59.5,45.27,44.87,10,time_exit,17.69311,8.05776,0.41968,2.06806,new_york,2024
XAUUSD,1,2024-08-16 17:00:00,2024-08-19 04:00:00,2494.7,2498.2,2483.51071,2517.07858,0.8258,35.0,28.9,28.5,10,time_exit,21.90704,7.45953,4.66786,2.27896,new_york,2024
XAUUSD,1,2024-08-19 13:00:00,2024-08-19 14:00:00,2499.95,2490.31686,2490.31686,2519.21628,0.9621,-96.3,-92.68,-93.08,1,stop_loss,34.09454,6.42209,2.78777,4.52794,london,2024
XAUUSD,-1,2024-08-19 16:00:00,2024-08-19 17:00:00,2491.22,2501.47956,2501.47956,2470.70088,0.8943,-102.6,-91.75,-92.15,1,stop_loss,28.80287,6.83971,1.1741,4.24607,new_york,2024
XAUUSD,-1,2024-08-21 23:00:00,2024-08-22 10:00:00,2511.51,2507.17,2521.99634,2490.53732,0.8662,43.4,37.59,37.19,10,time_exit,16.55638,6.99089,0.52858,4.34839,,2024
XAUUSD,-1,2024-08-23 13:00:00,2024-08-23 17:00:00,2498.96,2506.65388,2506.65388,2483.57224,1.1854,-76.9,-91.2,-91.6,4,stop_loss,25.43604,5.12925,0.28747,2.82569,london,2024
XAUUSD,-1,2024-08-23 20:00:00,2024-08-26 07:00:00,2510.31,2509.64,2520.43378,2490.06244,0.8918,6.7,5.98,5.58,10,time_exit,21.25877,6.74919,1.64061,2.19036,new_york,2024
XAUUSD,1,2024-08-26 08:00:00,2024-08-26 11:00:00,2509.62,2524.55729,2502.15136,2524.55729,1.2096,149.4,180.68,180.28,3,take_profit,17.31704,4.9791,1.18422,3.29986,london,2024
XAUUSD,1,2024-08-26 12:00:00,2024-08-26 16:00:00,2524.26,2516.68391,2516.68391,2539.41218,1.2163,-75.8,-92.15,-92.55,4,stop_loss,19.61846,5.05073,3.64173,3.43576,london,2024
XAUUSD,1,2024-08-28 10:00:00,2024-08-28 15:00:00,2508.55,2500.51652,2500.51652,2524.61696,1.1355,-80.3,-91.22,-91.62,5,stop_loss,16.9903,5.35565,-1.02186,2.94636,london,2024
XAUUSD,-1,2024-08-29 01:00:00,2024-08-29 03:00:00,2504.48,2513.00915,2513.00915,2487.42171,1.0588,-85.3,-90.31,-90.71,2,stop_loss,22.36562,5.6861,-1.03632,1.98547,,2024
XAUUSD,1,2024-08-29 09:00:00,2024-08-29 15:00:00,2518.85,2511.31372,2511.31372,2533.92255,1.1862,-75.4,-89.4,-89.8,6,stop_loss,15.93231,5.02418,1.48932,2.19328,london,2024
XAUUSD,1,2024-08-29 22:00:00,2024-08-30 06:00:00,2523.08,2513.49593,2513.49593,2542.24814,0.9234,-95.8,-88.5,-88.9,7,stop_loss,14.70039,6.38938,1.24633,1.93144,,2024
XAUUSD,-1,2024-08-30 11:00:00,2024-08-30 18:00:00,2519.41,2504.05514,2527.08743,2504.05514,1.1411,153.5,175.21,174.81,7,take_profit,18.43082,5.11829,0.66852,2.2519,london,2024
XAUUSD,-1,2024-09-03 01:00:00,2024-09-03 11:00:00,2499.09,2505.89108,2505.89108,2485.48783,1.3139,-68.0,-89.36,-89.76,10,stop_loss,13.17575,4.53406,-1.31785,0.32521,,2024
XAUUSD,1,2024-09-04 06:00:00,2024-09-04 09:00:00,2495.31,2486.80331,2486.80331,2512.32339,1.0399,-85.1,-88.46,-88.86,3,stop_loss,18.44572,5.67113,-0.29166,-0.79229,,2024
XAUUSD,1,2024-09-05 21:00:00,2024-09-06 08:00:00,2515.2,2520.09,2506.19729,2533.20542,0.9727,48.9,47.57,47.17,10,time_exit,26.01797,6.00181,2.31031,0.07938,new_york,2024
XAUUSD,1,2024-09-09 14:00:00,2024-09-10 01:00:00,2494.45,2507.06,2485.02096,2513.30808,0.9338,126.1,117.75,117.35,10,time_exit,26.20269,6.28603,-1.20785,-0.03639,london,2024
XAUUSD,-1,2024-09-11 04:00:00,2024-09-11 09:00:00,2516.58,2523.13896,2523.13896,2503.46208,1.3602,-65.6,-89.21,-89.61,5,stop_loss,27.83112,4.37264,2.08438,0.82656,,2024
XAUUSD,1,2024-09-11 21:00:00,2024-09-12 08:00:00,2514.66,2519.49,2505.57072,2532.83857,0.9717,48.3,46.93,46.53,10,time_exit,32.00448,6.05952,0.36068,1.0587,new_york,2024
XAUUSD,1,2024-09-16 02:00:00,2024-09-16 12:00:00,2580.08,2585.6,2571.6253,2596.98939,1.0501,55.2,57.97,57.57,10,time_exit,53.69694,5.63646,4.40111,5.50088,,2024
XAUUSD,-1,2024-09-17 07:00:00,2024-09-17 09:00:00,2577.25,2584.14457,2584.14457,2563.46087,1.2961,-68.9,-89.36,-89.76,2,stop_loss,20.48893,4.59638,0.76427,7.64514,london,2024
XAUUSD,-1,2024-09-18 02:00:00,2024-09-18 12:00:00,2570.81,2571.98,2579.7929,2552.8442,0.9848,-11.7,-11.52,-11.92,10,time_exit,17.35955,5.9886,-0.45934,4.86274,,2024
XAUUSD,1,2024-09-19 03:00:00,2024-09-19 11:00:00,2559.32,2585.91803,2546.02099,2585.91803,0.6643,266.0,176.69,176.29,8,take_profit,9.88494,8.86601,-1.2736,2.34611,,2024
XAUUSD,1,2024-09-20 04:00:00,2024-09-20 10:00:00,2588.12,2607.23012,2578.56494,2607.23012,0.943,191.1,180.21,179.81,6,take_profit,19.32715,6.37004,1.59457,3.37764,,2024
XAUUSD,1,2024-09-23 13:00:00,2024-09-23 23:00:00,2621.64,2628.39,2612.67215,2639.5757,1.0248,67.5,69.17,68.77,10,time_exit,24.20285,5.97857,2.54331,5.67447,london,2024
XAUUSD,1,2024-09-26 03:00:00,2024-09-26 13:00:00,2656.38,2673.28089,2647.92956,2673.28089,1.0957,169.0,185.18,184.78,10,take_profit,24.22372,5.63363,1.50063,7.51651,,2024
XAUUSD,-1,2024-09-26 18:00:00,2024-09-26 22:00:00,2665.88,2677.90203,2677.90203,2641.83594,0.7856,-120.2,-94.45,-94.85,4,stop_loss,23.50501,8.01469,1.19248,5.28115,new_york,2024
XAUUSD,1,2024-09-27 13:00:00,2024-09-27 17:00:00,2663.74,2654.55003,2654.55003,2682.11994,1.0173,-91.9,-93.49,-93.89,4,stop_loss,17.57575,6.12665,0.15594,6.47932,london,2024
XAUUSD,1,2024-10-02 17:00:00,2024-10-02 18:00:00,2659.6,2649.68435,2649.68435,2679.43129,0.9334,-99.2,-92.55,-92.95,1,stop_loss,20.36155,6.61043,1.00736,2.31522,new_york,2024
XAUUSD,-1,2024-10-08 08:00:00,2024-10-08 17:00:00,2643.12,2621.89301,2653.7335,2621.89301,0.8633,212.3,183.25,182.85,9,take_profit,20.76652,7.07566,-0.69091,0.44114,london,2024
XAUUSD,-1,2024-10-08 21:00:00,2024-10-09 08:00:00,2614.57,2619.72,2629.03085,2585.6483,0.6463,-51.5,-33.28,-33.68,10,time_exit,31.2007,9.64057,-2.79632,-0.20068,new_york,2024
XAUUSD,-1,2024-10-10 11:00:00,2024-10-10 15:00:00,2616.75,2625.00044,2625.00044,2600.24912,1.1286,-82.5,-93.11,-93.51,4,stop_loss,18.41451,5.50029,-0.62766,-2.63323,london,2024
XAUUSD,-1,2024-10-10 19:00:00,2024-10-11 02:00:00,2623.64,2634.10435,2634.10435,2602.7113,0.8809,-104.6,-92.18,-92.58,6,stop_loss,15.4577,6.97623,0.46422,-1.89213,new_york,2024
XAUUSD,-1,2024-10-11 15:00:00,2024-10-11 17:00:00,2644.72,2653.76879,2653.76879,2626.62241,1.0085,-90.5,-91.26,-91.66,2,stop_loss,27.21413,6.03253,2.51473,-0.75197,london,2024
XAUUSD,-1,2024-10-14 06:00:00,2024-10-14 09:00:00,2655.15,2664.4539,2664.4539,2636.54219,0.971,-93.0,-90.34,-90.74,3,stop_loss,27.48088,6.2026,2.51173,0.48177,,2024
XAUUSD,-1,2024-10-14 15:00:00,2024-10-14 16:00:00,2652.2,2660.93022,2660.93022,2634.73957,1.0244,-87.3,-89.43,-89.83,1,stop_loss,25.93939,5.82014,1.20394,1.1574,london,2024
XAUUSD,1,2024-10-15 04:00:00,2024-10-15 08:00:00,2648.19,2640.28503,2640.28503,2663.99993,1.12,-79.0,-88.54,-88.94,4,stop_loss,17.22915,5.26998,0.25756,1.35158,,2024
XAUUSD,1,2024-10-15 19:00:00,2024-10-16 06:00:00,2664.66,2667.22,2654.4523,2685.0754,0.8586,25.6,21.98,21.58,10,time_exit,14.8831,6.80513,2.31818,1.11888,new_york,2024
XAUUSD,-1,2024-10-17 06:00:00,2024-10-17 16:00:00,2682.05,2689.70335,2689.70335,2666.74331,1.148,-76.5,-87.86,-88.26,10,stop_loss,19.0313,5.10223,2.94935,3.3366,,2024
XAUUSD,-1,2024-10-17 19:00:00,2024-10-18 04:00:00,2693.37,2703.67083,2703.67083,2672.76835,0.8444,-103.0,-86.98,-87.38,8,stop_loss,22.32166,6.86722,2.80154,2.9126,new_york,2024
XAUUSD,-1,2024-10-18 10:00:00,2024-10-18 15:00:00,2707.46,2716.09017,2716.09017,2690.19967,0.9977,-86.3,-86.1,-86.5,5,stop_loss,32.2895,5.75344,3.83344,4.41008,london,2024
XAUUSD,-1,2024-10-18 15:00:00,2024-10-18 17:00:00,2709.88,2718.49106,2718.49106,2692.65788,0.9899,-86.1,-85.24,-85.64,2,stop_loss,33.1222,5.74071,3.52289,4.74164,london,2024
XAUUSD,-1,2024-10-21 08:00:00,2024-10-21 15:00:00,2730.41,2738.24776,2738.24776,2714.73448,1.0766,-78.4,-84.38,-84.78,7,stop_loss,40.03867,5.22517,4.84678,6.49152,london,2024
XAUUSD,1,2024-10-23 03:00:00,2024-10-23 04:00:00,2746.56,2738.55573,2738.55573,2762.56854,1.0436,-80.0,-83.53,-83.93,1,stop_loss,28.99494,5.33618,3.10198,7.08561,,2024
XAUUSD,-1,2024-10-23 22:00:00,2024-10-24 04:00:00,2714.15,2724.96316,2724.96316,2692.52367,0.7648,-108.1,-82.7,-83.1,5,stop_loss,34.62727,7.20878,-2.75498,4.66992,,2024
XAUUSD,-1,2024-10-24 11:00:00,2024-10-24 16:00:00,2733.69,2742.1502,2742.1502,2716.76959,0.9676,-84.6,-81.86,-82.26,5,stop_loss,28.58964,5.64014,0.57233,4.86455,london,2024
XAUUSD,-1,2024-10-25 01:00:00,2024-10-25 11:00:00,2735.83,2719.45,2744.60555,2718.27891,0.9235,163.8,151.27,150.87,10,time_exit,19.60684,5.85036,0.56819,4.3622,,2024
XAUUSD,-1,2024-10-28 21:00:00,2024-10-29 05:00:00,2743.39,2752.53031,2752.53031,2725.10937,0.9031,-91.4,-82.55,-82.95,7,stop_loss,15.31748,6.09354,1.36589,3.03608,new_york,2024
XAUUSD,1,2024-10-30 07:00:00,2024-10-30 17:00:00,2779.0,2780.41,2770.8436,2795.3128,1.0019,14.1,14.13,13.73,10,time_exit,39.96306,5.4376,4.21425,5.03858,london,2024
XAUUSD,-1,2024-10-31 16:00:00,2024-10-31 17:00:00,2773.66,2756.53941,2782.2203,2756.53941,0.9563,171.2,163.72,163.32,1,take_profit,28.5258,5.70686,-0.29401,5.56531,new_york,2024
XAUUSD,1,2024-11-01 01:00:00,2024-11-01 11:00:00,2743.83,2753.41,2733.02932,2765.43135,0.773,95.8,74.05,73.65,10,time_exit,42.59657,7.20045,-3.17549,3.20242,,2024
XAUUSD,-1,2024-11-05 05:00:00,2024-11-05 07:00:00,2728.53,2736.79266,2736.79266,2712.00468,1.0194,-82.6,-84.23,-84.63,2,stop_loss,13.95143,5.50844,-2.74424,0.12321,,2024
XAUUSD,-1,2024-11-05 12:00:00,2024-11-05 16:00:00,2739.94,2749.00441,2749.00441,2721.81118,0.9199,-90.6,-83.38,-83.78,4,stop_loss,18.61285,6.04294,-0.35193,-0.08152,london,2024
XAUUSD,1,2024-11-06 06:00:00,2024-11-06 08:00:00,2734.19,2722.71993,2722.71993,2757.13014,0.7196,-114.7,-82.54,-82.94,2,stop_loss,13.69944,7.64671,-0.97659,-0.09166,,2024
XAUUSD,1,2024-11-06 11:00:00,2024-11-06 13:00:00,2724.52,2707.64714,2707.64714,2758.26571,0.4843,-168.7,-81.72,-82.12,2,stop_loss,24.43642,11.24857,-1.29327,-0.2301,london,2024
XAUUSD,1,2024-11-07 04:00:00,2024-11-07 14:00:00,2649.47,2673.72,2632.05298,2684.30403,0.4645,242.5,112.64,112.24,10,time_exit,58.64035,11.61134,-4.9708,-2.10576,,2024
XAUUSD,-1,2024-11-07 17:00:00,2024-11-07 22:00:00,2691.87,2706.74573,2706.74573,2662.11855,0.5513,-148.8,-82.01,-82.41,5,stop_loss,46.7638,9.91715,0.09566,-3.29883,new_york,2024
XAUUSD,1,2024-11-12 14:00:00,2024-11-13 01:00:00,2597.9,2598.92,2586.11273,2621.47455,0.6888,10.2,7.03,6.63,10,time_exit,53.92024,7.85818,-5.49205,-6.32935,london,2024
XAUUSD,1,2024-11-13 15:00:00,2024-11-13 17:00:00,2609.73,2600.7008,2600.7008,2627.78839,0.8999,-90.3,-81.25,-81.65,2,stop_loss,21.74791,6.01946,-1.57647,-8.8562,london,2024
XAUUSD,-1,2024-11-14 02:00:00,2024-11-14 11:00:00,2571.0,2546.64095,2583.17953,2546.64095,0.6605,243.6,160.89,160.49,9,take_profit,28.48423,8.11968,-4.57125,-6.92547,,2024
XAUUSD,1,2024-11-14 14:00:00,2024-11-15 01:00:00,2553.68,2566.94,2540.48261,2580.07479,0.6217,132.6,82.44,82.04,10,time_exit,44.00494,8.79826,-3.96468,-7.23775,london,2024
XAUUSD,-1,2024-11-18 04:00:00,2024-11-18 14:00:00,2587.08,2595.18,2599.85163,2561.53674,0.6488,-81.0,-52.55,-52.95,10,time_exit,16.41298,8.51442,1.682,-6.31881,,2024
XAUUSD,-1,2024-11-20 03:00:00,2024-11-20 10:00:00,2637.9,2619.8017,2646.94915,2619.8017,0.9099,181.0,164.68,164.28,7,take_profit,50.06359,6.03277,3.98411,-1.51897,,2024
XAUUSD,1,2024-11-21 06:00:00,2024-11-21 16:00:00,2656.96,2665.06,2647.86253,2675.15494,0.9231,81.0,74.77,74.37,10,time_exit,38.62347,6.06498,3.88631,0.99326,,2024
XAUUSD,-1,2024-11-22 21:00:00,2024-11-25 05:00:00,2710.94,2687.81854,2722.50073,2687.81854,0.7329,231.2,169.46,169.06,7,take_profit,43.69696,7.70715,4.54954,4.01983,new_york,2024
XAUUSD,-1,2024-11-25 21:00:00,2024-11-26 08:00:00,2618.91,2622.1,2638.09211,2580.54577,0.4505,-31.9,-14.37,-14.77,10,time_exit,42.5502,12.78808,-4.08775,1.60329,new_york,2024
XAUUSD,-1,2024-11-27 08:00:00,2024-11-27 10:00:00,2642.08,2653.37326,2653.37326,2619.49349,0.7639,-112.9,-86.27,-86.67,2,stop_loss,24.60133,7.52884,0.18935,-0.49657,london,2024
XAUUSD,-1,2024-11-27 18:00:00,2024-11-28 05:00:00,2642.75,2630.33,2654.71836,2618.81328,0.7135,124.2,88.62,88.22,10,time_exit,20.72601,7.97891,-0.11136,-0.15335,new_york,2024
XAUUSD,-1,2024-11-28 12:00:00,2024-11-29 01:00:00,2646.22,2638.81,2656.08182,2626.49635,0.8749,74.1,64.83,64.43,10,time_exit,25.89064,6.57455,0.94531,-0.53287,london,2024
XAUUSD,1,2024-12-02 18:00:00,2024-12-03 05:00:00,2642.36,2640.56,2630.18588,2666.70825,0.714,-18.0,-12.85,-13.25,10,time_exit,25.18984,8.11608,-0.09265,-0.14493,new_york,2024
XAUUSD,-1,2024-12-04 07:00:00,2024-12-04 17:00:00,2648.46,2657.13641,2657.13641,2631.10718,1.0003,-86.8,-86.79,-87.19,10,stop_loss,8.59482,5.78427,0.89919,-0.0997,london,2024
XAUUSD,1,2024-12-05 21:00:00,2024-12-06 03:00:00,2629.66,2618.7979,2618.7979,2651.38421,0.791,-108.6,-85.92,-86.32,5,stop_loss,16.73576,7.2414,-2.07032,0.02306,new_york,2024
XAUUSD,-1,2024-12-09 04:00:00,2024-12-09 13:00:00,2646.73,2659.63936,2659.63936,2620.91128,0.6589,-129.1,-85.06,-85.46,9,stop_loss,19.55372,8.60624,0.91117,-0.39609,,2024
XAUUSD,-1,2024-12-09 22:00:00,2024-12-10 04:00:00,2660.24,2670.97079,2670.97079,2638.77841,0.7847,-107.3,-84.2,-84.6,5,stop_loss,29.27124,7.15386,1.67567,0.51846,,2024
XAUUSD,1,2024-12-10 16:00:00,2024-12-11 02:00:00,2680.43,2700.18783,2670.55108,2700.18783,0.8438,197.6,166.72,166.32,9,take_profit,31.72692,6.58594,3.31581,1.56871,new_york,2024
XAUUSD,-1,2024-12-11 02:00:00,2024-12-11 07:00:00,2696.07,2678.80752,2704.70124,2678.80752,0.985,172.6,170.04,169.64,5,take_profit,45.29115,5.75416,4.74356,2.91025,,2024
XAUUSD,-1,2024-12-11 13:00:00,2024-12-11 16:00:00,2694.32,2706.22566,2706.22566,2670.50868,0.7284,-119.1,-86.72,-87.12,3,stop_loss,31.42201,7.93711,2.09149,2.68766,london,2024
XAUUSD,-1,2024-12-11 19:00:00,2024-12-12 06:00:00,2715.39,2712.62,2727.45881,2691.25238,0.7113,27.7,19.7,19.3,10,time_exit,29.42345,8.04587,3.95002,3.02917,new_york,2024
XAUUSD,1,2024-12-13 21:00:00,2024-12-16 02:00:00,2654.27,2643.69901,2643.69901,2675.41198,0.8139,-105.7,-86.04,-86.44,4,stop_loss,37.48526,7.04733,-3.96221,1.6181,new_york,2024
XAUUSD,1,2024-12-16 08:00:00,2024-12-16 18:00:00,2652.88,2652.18,2644.00724,2670.62552,0.96,-7.0,-6.72,-7.12,10,time_exit,41.09907,5.91517,-3.24309,0.52779,london,2024
XAUUSD,-1,2024-12-17 05:00:00,2024-12-17 11:00:00,2654.92,2640.82502,2661.96749,2640.82502,1.2076,140.9,170.21,169.81,6,take_profit,22.45102,4.69833,-1.70635,-0.76581,,2024
XAUUSD,-1,2024-12-18 04:00:00,2024-12-18 14:00:00,2650.92,2644.13,2658.82835,2635.10329,1.0976,67.9,74.53,74.13,10,time_exit,21.92348,5.27224,-0.32082,-1.8474,,2024
XAUUSD,-1,2024-12-18 14:00:00,2024-12-18 21:00:00,2646.34,2632.19772,2653.41114,2632.19772,1.238,141.4,175.08,174.68,7,take_profit,12.57481,4.71409,-0.91924,-2.16143,london,2024
XAUUSD,1,2024-12-26 13:00:00,2024-12-26 15:00:00,2628.73,2622.87411,2622.87411,2640.44178,1.5248,-58.6,-89.29,-89.69,2,stop_loss,31.98598,3.90393,2.21065,-2.77744,london,2024
XAUUSD,1,2024-12-27 12:00:00,2024-12-27 16:00:00,2624.12,2617.4523,2617.4523,2637.45539,1.3257,-66.7,-88.39,-88.79,4,stop_loss,19.51577,4.44513,-0.58519,-0.97314,london,2024
XAUUSD,-1,2024-12-27 20:00:00,2024-12-30 01:00:00,2615.93,2623.45081,2623.45081,2600.88838,1.1635,-75.2,-87.5,-87.9,4,stop_loss,23.32365,5.01387,-1.81661,-1.03799,new_york,2024
XAUUSD,-1,2024-12-30 01:00:00,2024-12-30 05:00:00,2618.93,2626.76626,2626.76626,2603.25748,1.1055,-78.4,-86.63,-87.03,4,stop_loss,25.36131,5.22417,-0.5019,-1.08169,,2024
