symbol,direction,entry_dt,exit_dt,entry,exit,stop_loss,take_profit,size,pnl_pips,pnl_gross,pnl,bars_held,exit_reason,adx_entry,atr_entry,ema_distance,trend_gap,session,year
GBPJPY,-1,2019-01-14 12:00:00,2019-01-14 13:00:00,138.799,139.1694,139.1694,138.05819,0.2967,-37.0,-100.01,-100.1,1,stop_loss,15.82385,0.24694,0.34044,1.05422,london,2019
GBPJPY,1,2019-01-15 04:00:00,2019-01-15 12:00:00,139.828,139.35491,139.35491,140.77419,0.2299,-47.3,-98.98,-99.05,8,stop_loss,30.52123,0.3154,2.64999,1.31775,,2019
GBPJPY,1,2019-01-16 02:00:00,2019-01-16 03:00:00,139.85,139.17652,139.17652,141.19695,0.1599,-67.3,-98.0,-98.05,1,stop_loss,24.6843,0.44898,1.30806,1.12128,,2019
GBPJPY,1,2019-01-16 09:00:00,2019-01-16 19:00:00,139.354,140.062,138.79106,140.47988,0.1894,70.8,122.03,121.97,10,time_exit,16.25958,0.37529,0.15815,1.31669,london,2019
GBPJPY,1,2019-01-17 04:00:00,2019-01-17 09:00:00,140.321,139.81971,139.81971,141.32358,0.2154,-50.1,-98.26,-98.33,5,stop_loss,30.94093,0.33419,1.70177,2.16695,,2019
GBPJPY,1,2019-01-17 11:00:00,2019-01-17 18:00:00,140.01,140.9534,139.5383,140.9534,0.2266,94.3,194.53,194.46,7,take_profit,27.63171,0.31447,0.5105,2.371,london,2019
GBPJPY,-1,2019-01-21 05:00:00,2019-01-21 15:00:00,141.141,141.039,141.54108,140.34084,0.2725,10.2,25.29,25.2,10,time_exit,26.29696,0.26672,0.17263,4.54577,,2019
GBPJPY,1,2019-01-22 09:00:00,2019-01-22 10:00:00,140.947,140.67082,140.67082,141.49935,0.3957,-27.6,-99.45,-99.58,1,stop_loss,19.46191,0.18412,-1.00824,5.12142,london,2019
GBPJPY,1,2019-01-22 22:00:00,2019-01-23 08:00:00,141.627,142.141,141.24479,142.39142,0.283,51.4,132.37,135.72,10,time_exit,18.58396,0.25481,1.45737,3.60053,,2019
GBPJPY,1,2019-01-28 21:00:00,2019-01-29 07:00:00,143.829,143.784,143.43105,144.6249,0.2755,-4.5,-11.28,-8.02,10,time_exit,20.77894,0.2653,-0.08831,5.78208,new_york,2019
GBPJPY,-1,2019-01-29 23:00:00,2019-01-30 09:00:00,142.986,142.898,143.52344,141.91112,0.2038,8.8,16.32,16.26,10,time_exit,21.65859,0.35829,-2.25427,3.18719,,2019
GBPJPY,-1,2019-01-30 09:00:00,2019-01-30 10:00:00,142.916,143.31846,143.31846,142.11108,0.2725,-40.2,-99.8,-99.89,1,stop_loss,29.89849,0.26831,-2.37502,3.21374,london,2019
GBPJPY,1,2019-01-30 10:00:00,2019-01-30 20:00:00,142.897,143.038,142.49404,143.70292,0.2695,14.1,34.58,34.49,10,time_exit,30.75264,0.26864,-2.34341,3.10641,london,2019
GBPJPY,1,2019-02-04 03:00:00,2019-02-04 13:00:00,143.303,143.514,142.93823,144.03254,0.2987,21.1,57.35,57.25,10,time_exit,18.55622,0.24318,1.57781,0.60247,,2019
GBPJPY,-1,2019-02-04 15:00:00,2019-02-04 17:00:00,143.557,143.87284,143.87284,142.92531,0.347,-31.6,-99.73,-99.84,2,stop_loss,24.8041,0.21056,1.99603,1.34729,london,2019
GBPJPY,1,2019-02-06 23:00:00,2019-02-07 03:00:00,142.23,141.93405,141.93405,142.82189,0.3666,-29.6,-98.73,-98.85,4,stop_loss,34.82321,0.1973,-1.53333,-1.2126,,2019
GBPJPY,-1,2019-02-07 09:00:00,2019-02-07 12:00:00,142.249,141.71187,142.51757,141.71187,0.3999,53.7,195.47,195.34,3,take_profit,24.81405,0.17904,-0.8824,-1.70757,london,2019
GBPJPY,1,2019-02-11 15:00:00,2019-02-11 18:00:00,142.227,141.92284,141.92284,142.83531,0.3601,-30.4,-99.67,-99.78,3,stop_loss,15.18116,0.20277,0.30174,-1.49062,london,2019
GBPJPY,-1,2019-02-12 07:00:00,2019-02-12 17:00:00,142.245,142.371,142.52419,141.68663,0.3884,-12.6,-44.53,-44.65,10,time_exit,13.05603,0.18612,0.61305,-1.50669,london,2019
GBPJPY,1,2019-02-13 14:00:00,2019-02-13 15:00:00,143.226,142.88891,142.88891,143.90019,0.3202,-33.7,-98.22,-98.32,1,stop_loss,29.74399,0.22473,3.49204,0.02576,london,2019
GBPJPY,1,2019-02-13 20:00:00,2019-02-14 06:00:00,142.549,142.833,142.16706,143.31288,0.2798,28.4,72.31,82.41,10,time_exit,29.1709,0.25463,0.13054,0.2325,new_york,2019
GBPJPY,-1,2019-02-15 14:00:00,2019-02-15 17:00:00,141.539,141.89491,141.89491,140.82717,0.3025,-35.6,-97.97,-98.07,3,stop_loss,28.3631,0.23728,-1.31531,-1.72422,london,2019
GBPJPY,-1,2019-02-19 19:00:00,2019-02-19 21:00:00,144.26,144.6462,144.6462,143.4876,0.276,-38.6,-97.0,-97.09,2,stop_loss,32.73347,0.25747,5.4183,1.42922,new_york,2019
GBPJPY,1,2019-02-20 08:00:00,2019-02-20 10:00:00,144.736,144.39948,144.39948,145.40903,0.3135,-33.7,-96.0,-96.1,2,stop_loss,48.45091,0.22434,5.17145,3.66465,london,2019
GBPJPY,-1,2019-02-20 15:00:00,2019-02-20 17:00:00,144.455,144.79366,144.79366,143.77767,0.3084,-33.9,-95.04,-95.14,2,stop_loss,35.95645,0.22578,2.9258,4.09088,london,2019
GBPJPY,-1,2019-02-26 08:00:00,2019-02-26 09:00:00,145.453,145.77901,145.77901,144.80098,0.3172,-32.6,-94.1,-94.2,1,stop_loss,42.95562,0.21734,2.2138,4.55416,london,2019
GBPJPY,-1,2019-02-28 03:00:00,2019-02-28 13:00:00,147.578,147.396,147.94274,146.84853,0.2807,18.2,46.49,46.4,10,time_exit,52.84497,0.24316,3.66408,6.98868,,2019
GBPJPY,1,2019-02-28 17:00:00,2019-03-01 03:00:00,147.956,148.092,147.54391,148.78019,0.2496,13.6,30.89,33.84,10,time_exit,29.08827,0.27473,3.41293,6.21834,new_york,2019
GBPJPY,-1,2019-03-01 21:00:00,2019-03-04 00:00:00,147.771,148.16954,148.16954,146.97391,0.259,-39.9,-93.93,-112.47,3,stop_loss,35.09454,0.2657,0.32595,6.47139,new_york,2019
GBPJPY,-1,2019-03-04 00:00:00,2019-03-04 10:00:00,148.162,148.068,148.56064,147.36472,0.2563,9.4,21.92,21.84,10,time_exit,29.18912,0.26576,0.51661,6.31575,,2019
GBPJPY,1,2019-03-04 16:00:00,2019-03-04 17:00:00,147.838,147.47805,147.47805,148.5579,0.2845,-36.0,-93.19,-93.28,1,stop_loss,22.12068,0.23997,-0.0793,6.40779,new_york,2019
GBPJPY,1,2019-03-05 09:00:00,2019-03-05 14:00:00,147.249,146.9759,146.9759,147.79521,0.3712,-27.3,-92.25,-92.37,5,stop_loss,29.63644,0.18207,-1.77416,6.05152,london,2019
GBPJPY,-1,2019-03-06 12:00:00,2019-03-06 22:00:00,147.071,147.261,147.3996,146.4138,0.3054,-19.0,-52.8,-52.9,10,time_exit,17.51769,0.21907,-0.79134,2.8481,london,2019
GBPJPY,-1,2019-03-07 02:00:00,2019-03-07 12:00:00,147.126,146.934,147.43572,146.50655,0.3222,19.2,56.29,56.19,10,time_exit,11.16436,0.20648,-0.20447,2.37734,,2019
GBPJPY,-1,2019-03-11 00:00:00,2019-03-11 10:00:00,143.975,144.42565,144.42565,143.07369,0.2228,-45.1,-91.37,-91.44,10,stop_loss,33.19938,0.30044,-3.55741,-1.96376,,2019
GBPJPY,1,2019-03-11 22:00:00,2019-03-12 01:00:00,146.275,147.39002,145.71749,147.39002,0.1783,111.5,180.92,183.03,3,take_profit,30.63186,0.37167,2.6682,-2.0897,,2019
GBPJPY,1,2019-03-12 09:00:00,2019-03-12 13:00:00,147.011,146.52022,146.52022,147.99257,0.2066,-49.1,-92.27,-92.34,4,stop_loss,43.18316,0.32719,3.39316,-0.78232,london,2019
GBPJPY,-1,2019-03-13 07:00:00,2019-03-13 10:00:00,145.556,146.1436,146.1436,144.38081,0.1708,-58.8,-91.33,-91.38,3,stop_loss,22.03799,0.39173,-0.75545,-0.64901,london,2019
GBPJPY,1,2019-03-13 15:00:00,2019-03-13 23:00:00,146.558,147.66938,146.00231,147.66938,0.1788,111.1,180.83,187.29,8,take_profit,21.90628,0.37046,1.6588,-0.45166,london,2019
GBPJPY,-1,2019-03-15 12:00:00,2019-03-15 22:00:00,147.912,148.189,148.44333,146.84934,0.1907,-27.7,-48.07,-48.13,10,time_exit,24.44364,0.35422,0.9849,2.3576,london,2019
GBPJPY,-1,2019-03-18 04:00:00,2019-03-18 13:00:00,148.253,147.5114,148.6238,147.5114,0.2718,74.2,183.43,183.34,9,take_profit,14.40567,0.2472,1.68978,3.64268,,2019
GBPJPY,1,2019-03-18 21:00:00,2019-03-19 07:00:00,147.459,147.723,147.02532,148.32637,0.2371,26.4,56.96,59.76,10,time_exit,24.47045,0.28912,-1.27012,2.57312,new_york,2019
GBPJPY,-1,2019-03-19 09:00:00,2019-03-19 14:00:00,147.655,147.97787,147.97787,147.00926,0.3204,-32.3,-94.14,-94.24,5,stop_loss,20.53963,0.21525,-0.47794,2.85228,london,2019
GBPJPY,-1,2019-03-19 18:00:00,2019-03-20 04:00:00,147.725,147.971,148.09874,146.97752,0.274,-24.6,-61.34,-67.94,10,time_exit,15.29389,0.24916,-0.09442,2.22569,new_york,2019
GBPJPY,1,2019-03-21 13:00:00,2019-03-21 14:00:00,145.514,145.0717,145.0717,146.39861,0.23,-44.2,-92.57,-92.64,1,stop_loss,43.7191,0.29487,-4.3964,-0.9487,london,2019
GBPJPY,1,2019-03-26 02:00:00,2019-03-26 12:00:00,145.346,145.733,144.80953,146.41894,0.1877,38.7,66.1,66.04,10,time_exit,13.50548,0.35765,0.09405,-2.52991,,2019
GBPJPY,-1,2019-03-26 15:00:00,2019-03-27 01:00:00,146.204,145.973,146.73935,145.1333,0.1894,23.1,39.81,35.25,10,time_exit,14.63058,0.3569,2.30507,-2.07243,london,2019
GBPJPY,1,2019-03-29 10:00:00,2019-03-29 11:00:00,144.604,144.17425,144.17425,145.4635,0.237,-43.0,-92.68,-92.76,1,stop_loss,25.57156,0.2865,-1.53507,-2.39464,london,2019
GBPJPY,1,2019-03-29 20:00:00,2019-04-01 06:00:00,144.134,144.791,143.48143,145.43915,0.1545,65.7,92.37,97.95,10,time_exit,23.78387,0.43505,-1.68455,-1.71568,new_york,2019
GBPJPY,-1,2019-04-01 09:00:00,2019-04-01 13:00:00,144.999,145.45034,145.45034,144.09632,0.2257,-45.1,-92.7,-92.77,4,stop_loss,16.13157,0.30089,0.80832,-2.43556,london,2019
GBPJPY,-1,2019-04-02 14:00:00,2019-04-02 20:00:00,145.428,145.84737,145.84737,144.58926,0.2404,-41.9,-91.74,-91.82,6,stop_loss,20.77376,0.27958,0.38873,-0.68977,london,2019
GBPJPY,1,2019-04-03 20:00:00,2019-04-04 06:00:00,146.801,146.744,146.30622,147.79055,0.2017,-5.7,-10.46,-3.18,10,time_exit,27.17155,0.32985,2.14101,1.14225,new_york,2019
GBPJPY,-1,2019-04-05 04:00:00,2019-04-05 08:00:00,146.128,146.4414,146.4414,145.50121,0.3181,-31.3,-90.72,-90.82,4,stop_loss,27.08646,0.20893,-0.53454,1.62216,,2019
GBPJPY,-1,2019-04-05 10:00:00,2019-04-05 15:00:00,146.203,145.57409,146.51746,145.57409,0.3139,62.9,179.65,179.55,5,take_profit,22.13368,0.20964,-0.15166,1.51019,london,2019
GBPJPY,1,2019-04-05 21:00:00,2019-04-08 07:00:00,145.603,145.547,145.22921,146.35058,0.2693,-5.6,-13.72,-4.0,10,time_exit,26.20213,0.24919,-1.79891,0.60309,new_york,2019
GBPJPY,1,2019-04-08 12:00:00,2019-04-08 16:00:00,145.51,145.23916,145.23916,146.05168,0.3711,-27.1,-91.46,-91.58,4,stop_loss,32.106,0.18056,-1.7019,-0.18154,london,2019
GBPJPY,1,2019-04-09 06:00:00,2019-04-09 11:00:00,145.592,145.35066,145.35066,146.07467,0.4123,-24.1,-90.55,-90.68,5,stop_loss,24.50715,0.16089,-0.53041,-0.75257,,2019
GBPJPY,1,2019-04-09 15:00:00,2019-04-09 16:00:00,145.403,145.02792,145.02792,146.15317,0.2626,-37.5,-89.63,-89.71,1,stop_loss,18.17463,0.25006,-1.04247,-0.48269,london,2019
GBPJPY,-1,2019-04-11 15:00:00,2019-04-11 17:00:00,145.414,145.74296,145.74296,144.75608,0.2964,-32.9,-88.73,-88.82,2,stop_loss,10.08178,0.21931,0.19134,-0.97319,london,2019
GBPJPY,-1,2019-04-12 02:00:00,2019-04-12 04:00:00,145.742,146.01763,146.01763,145.19074,0.3502,-27.6,-87.84,-87.95,2,stop_loss,17.16951,0.18375,1.29862,-0.53762,,2019
GBPJPY,-1,2019-04-12 09:00:00,2019-04-12 11:00:00,146.002,146.25179,146.25179,145.50241,0.3826,-25.0,-86.97,-87.09,2,stop_loss,27.41851,0.16653,2.28595,-0.03452,london,2019
GBPJPY,-1,2019-04-15 15:00:00,2019-04-16 01:00:00,146.756,146.674,147.02065,146.22669,0.3575,8.2,26.68,18.07,10,time_exit,36.96207,0.17644,2.70342,2.3499,london,2019
GBPJPY,1,2019-04-16 10:00:00,2019-04-16 15:00:00,146.454,146.23121,146.23121,146.89958,0.4259,-22.3,-86.35,-86.49,5,stop_loss,22.39076,0.14853,-0.12632,3.16656,london,2019
GBPJPY,-1,2019-04-18 01:00:00,2019-04-18 11:00:00,146.037,145.53188,146.28956,145.53188,0.372,50.5,170.99,170.87,10,take_profit,15.56928,0.16837,-0.87942,0.828,,2019
GBPJPY,-1,2019-04-19 09:00:00,2019-04-19 19:00:00,145.431,145.469,145.62479,145.04343,0.4945,-3.8,-17.1,-17.26,10,time_exit,46.3743,0.12919,-2.25484,-1.55369,london,2019
GBPJPY,-1,2019-04-24 12:00:00,2019-04-24 15:00:00,144.638,144.87279,144.87279,144.16841,0.4073,-23.5,-87.02,-87.15,3,stop_loss,36.29989,0.15653,-2.31368,-3.23783,london,2019
GBPJPY,-1,2019-04-24 17:00:00,2019-04-24 21:00:00,144.759,145.00391,145.00391,144.26919,0.3866,-24.5,-86.16,-86.28,4,stop_loss,31.07235,0.16327,-1.25361,-3.11584,new_york,2019
GBPJPY,1,2019-04-25 01:00:00,2019-04-25 10:00:00,144.643,144.36119,144.36119,145.20663,0.3326,-28.2,-85.3,-85.41,9,stop_loss,24.74682,0.18788,-1.41293,-2.70777,,2019
GBPJPY,-1,2019-04-26 09:00:00,2019-04-26 18:00:00,144.177,144.41334,144.41334,143.70432,0.3926,-23.6,-84.44,-84.57,9,stop_loss,40.50493,0.15756,-1.12292,-4.61827,london,2019
GBPJPY,-1,2019-04-29 15:00:00,2019-04-29 19:00:00,144.418,144.61559,144.61559,144.02282,0.4648,-19.8,-83.57,-83.72,4,stop_loss,17.70999,0.13173,0.39975,-3.9939,london,2019
GBPJPY,-1,2019-04-29 23:00:00,2019-04-30 09:00:00,144.519,144.11982,144.71859,144.11982,0.4556,39.9,165.5,165.35,10,take_profit,13.50142,0.13306,0.79156,-3.38227,,2019
GBPJPY,1,2019-04-30 20:00:00,2019-05-01 06:00:00,145.227,145.466,144.92371,145.83358,0.3058,23.9,66.51,70.13,10,time_exit,27.22223,0.20219,3.21533,-1.22071,new_york,2019
GBPJPY,-1,2019-05-01 11:00:00,2019-05-01 21:00:00,145.551,145.627,145.75388,145.14523,0.4607,-7.6,-31.86,-32.01,10,time_exit,37.38067,0.13526,4.54217,0.279,london,2019
GBPJPY,-1,2019-05-01 22:00:00,2019-05-02 00:00:00,145.587,145.12259,145.8192,145.12259,0.401,46.4,169.47,140.76,2,take_profit,36.65827,0.1548,3.1002,1.18054,,2019
GBPJPY,-1,2019-05-03 05:00:00,2019-05-03 12:00:00,145.274,144.82796,145.49702,144.82796,0.4258,44.6,172.83,172.69,7,take_profit,23.89388,0.14868,-0.38968,1.62816,,2019
GBPJPY,1,2019-05-03 13:00:00,2019-05-03 17:00:00,144.82,145.2701,144.59495,145.2701,0.4304,45.0,176.29,176.15,4,take_profit,25.08622,0.15003,-3.15752,1.30114,london,2019
GBPJPY,1,2019-05-06 16:00:00,2019-05-07 02:00:00,145.154,145.123,144.75925,145.94351,0.2503,-3.1,-7.06,-4.1,10,time_exit,20.44969,0.26317,-0.90376,0.76185,new_york,2019
GBPJPY,1,2019-05-08 04:00:00,2019-05-08 06:00:00,143.983,143.70098,143.70098,144.54704,0.35,-28.2,-89.82,-89.93,2,stop_loss,37.70536,0.18801,-4.02522,-1.5714,,2019
GBPJPY,1,2019-05-09 05:00:00,2019-05-09 10:00:00,143.064,142.7781,142.7781,143.63579,0.3418,-28.6,-88.92,-89.03,5,stop_loss,45.87067,0.1906,-4.08135,-4.33088,,2019
GBPJPY,-1,2019-05-10 23:00:00,2019-05-13 09:00:00,142.992,142.797,143.32104,142.33392,0.294,19.5,52.17,38.11,10,time_exit,12.34519,0.21936,-0.20206,-4.57178,,2019
GBPJPY,-1,2019-05-14 17:00:00,2019-05-15 03:00:00,141.497,141.495,141.83831,140.81438,0.2851,0.2,0.52,-6.34,10,time_exit,22.08865,0.22754,-3.11839,-5.17654,new_york,2019
GBPJPY,1,2019-05-15 16:00:00,2019-05-16 02:00:00,140.51,140.631,140.16589,141.19823,0.2828,12.1,31.14,41.35,10,time_exit,37.32305,0.22941,-5.22921,-5.54229,new_york,2019
GBPJPY,-1,2019-05-20 10:00:00,2019-05-20 20:00:00,140.242,139.943,140.53269,139.66062,0.336,29.9,91.42,91.31,10,time_exit,21.40093,0.19379,-0.66161,-6.95226,london,2019
GBPJPY,-1,2019-05-20 21:00:00,2019-05-21 04:00:00,139.943,140.26155,140.26155,139.30591,0.3097,-31.9,-89.78,-97.24,7,stop_loss,17.54641,0.21236,-1.47079,-6.07273,new_york,2019
GBPJPY,1,2019-05-22 03:00:00,2019-05-22 09:00:00,140.497,140.12214,140.12214,141.24671,0.2606,-37.5,-88.9,-88.98,6,stop_loss,27.04419,0.2499,0.59101,-3.53243,,2019
GBPJPY,-1,2019-05-27 00:00:00,2019-05-27 06:00:00,139.068,139.40878,139.40878,138.38644,0.2837,-34.1,-87.98,-88.07,6,stop_loss,18.38248,0.22719,-0.81471,-4.92166,,2019
GBPJPY,1,2019-05-28 08:00:00,2019-05-28 10:00:00,138.832,138.61161,138.61161,139.27278,0.4343,-22.0,-87.1,-87.24,2,stop_loss,19.57263,0.14693,-1.19489,-6.04985,london,2019
GBPJPY,-1,2019-05-28 18:00:00,2019-05-29 04:00:00,138.797,138.356,139.11242,138.16615,0.3004,44.1,120.55,113.32,10,time_exit,18.02959,0.21028,-0.46828,-4.19639,new_york,2019
GBPJPY,1,2019-05-29 09:00:00,2019-05-29 10:00:00,138.35,138.09778,138.09778,138.85445,0.3809,-25.2,-87.43,-87.55,1,stop_loss,29.41036,0.16815,-2.04014,-5.37634,london,2019
GBPJPY,1,2019-05-29 22:00:00,2019-05-30 08:00:00,138.158,138.603,137.80838,138.85724,0.2721,44.5,110.19,120.02,10,time_exit,31.23017,0.23308,-1.39094,-4.02926,,2019
GBPJPY,1,2019-05-30 12:00:00,2019-05-30 17:00:00,138.526,138.22527,138.22527,139.12745,0.3203,-30.1,-87.65,-87.75,5,stop_loss,18.92102,0.20048,0.28073,-4.11235,london,2019
GBPJPY,-1,2019-06-03 00:00:00,2019-06-03 10:00:00,136.748,136.973,137.11963,136.00475,0.2566,-22.5,-52.54,-52.62,10,time_exit,43.51213,0.24775,-3.56454,-4.50907,,2019
GBPJPY,-1,2019-06-07 13:00:00,2019-06-07 16:00:00,138.066,137.52849,138.33475,137.52849,0.3527,53.8,172.52,172.41,3,take_profit,30.91792,0.17917,2.89753,-1.53762,london,2019
GBPJPY,1,2019-06-07 18:00:00,2019-06-10 04:00:00,137.817,137.957,137.5178,138.4154,0.3231,14.0,41.16,52.83,10,time_exit,26.57717,0.19947,1.12138,-1.14802,new_york,2019
GBPJPY,-1,2019-06-10 15:00:00,2019-06-10 20:00:00,137.526,137.79318,137.79318,136.99165,0.3635,-26.7,-88.38,-88.5,5,stop_loss,24.54984,0.17812,-1.34911,-0.39885,london,2019
GBPJPY,-1,2019-06-11 02:00:00,2019-06-11 04:00:00,137.572,137.79759,137.79759,137.12083,0.4262,-22.6,-87.49,-87.63,2,stop_loss,18.95987,0.15039,-0.93047,-0.67974,,2019
GBPJPY,1,2019-06-11 22:00:00,2019-06-12 08:00:00,138.022,137.92,137.77258,138.52084,0.3816,-10.2,-35.42,-30.91,10,time_exit,28.06633,0.16628,1.05877,0.07145,,2019
GBPJPY,1,2019-06-14 01:00:00,2019-06-14 09:00:00,137.346,137.11844,137.11844,137.80111,0.4165,-22.8,-86.25,-86.38,8,stop_loss,25.16844,0.1517,-1.86294,-0.96564,,2019
GBPJPY,-1,2019-06-18 17:00:00,2019-06-19 02:00:00,136.106,136.43683,136.43683,135.44434,0.2836,-33.1,-85.38,-92.21,9,stop_loss,54.33689,0.22055,-0.86194,-3.82961,new_york,2019
GBPJPY,1,2019-06-21 00:00:00,2019-06-21 10:00:00,136.296,136.473,135.95743,136.97313,0.2744,17.7,44.2,44.11,10,time_exit,21.75104,0.22571,-0.92996,-1.54178,,2019
GBPJPY,-1,2019-06-24 23:00:00,2019-06-25 07:00:00,136.749,136.22528,137.01086,136.22528,0.3566,52.4,169.95,169.84,8,take_profit,18.61441,0.17457,0.56376,-0.68271,,2019
GBPJPY,-1,2019-06-26 15:00:00,2019-06-27 01:00:00,136.637,136.735,136.94386,136.02329,0.3104,-9.8,-27.68,-49.9,10,time_exit,19.73278,0.20457,1.32503,-1.25567,london,2019
GBPJPY,-1,2019-07-02 06:00:00,2019-07-02 11:00:00,137.05,136.56957,137.29021,136.56957,0.3952,48.0,172.78,172.65,5,take_profit,10.472,0.16014,0.32981,1.23378,,2019
GBPJPY,-1,2019-07-02 23:00:00,2019-07-03 09:00:00,135.925,135.34598,136.21451,135.34598,0.3344,57.9,176.2,176.09,10,take_profit,33.51195,0.19301,-4.12703,-0.15462,,2019
GBPJPY,-1,2019-07-05 22:00:00,2019-07-08 08:00:00,135.977,135.703,136.19073,135.54954,0.4621,27.4,115.22,82.14,10,time_exit,16.46984,0.14249,1.7704,-3.18554,,2019
GBPJPY,-1,2019-07-08 11:00:00,2019-07-08 12:00:00,135.677,135.88493,135.88493,135.26113,0.481,-20.8,-91.01,-91.16,1,stop_loss,16.31953,0.13862,-0.52204,-2.75393,london,2019
GBPJPY,1,2019-07-10 01:00:00,2019-07-10 11:00:00,135.665,135.962,135.42045,136.15411,0.4049,29.7,109.43,109.3,10,time_exit,24.01922,0.16304,-0.93316,-1.5079,,2019
GBPJPY,-1,2019-07-11 05:00:00,2019-07-11 10:00:00,135.194,135.41472,135.41472,134.75256,0.454,-22.1,-91.19,-91.33,5,stop_loss,25.81154,0.14715,-3.29878,-1.8264,,2019
GBPJPY,-1,2019-07-11 10:00:00,2019-07-11 11:00:00,135.284,135.49461,135.49461,134.86277,0.4711,-21.1,-90.29,-90.44,1,stop_loss,31.34424,0.14041,-2.30231,-2.19575,london,2019
GBPJPY,-1,2019-07-12 22:00:00,2019-07-15 05:00:00,135.533,135.76449,135.76449,135.07001,0.4243,-23.1,-89.38,-119.76,7,stop_loss,19.92177,0.15433,-1.31266,-0.9123,,2019
GBPJPY,-1,2019-07-16 22:00:00,2019-07-17 08:00:00,134.402,134.382,134.68239,133.84121,0.3468,2.0,6.31,-2.04,10,time_exit,37.62857,0.18693,-3.20445,-3.00178,,2019
GBPJPY,-1,2019-07-17 11:00:00,2019-07-17 19:00:00,134.273,134.53111,134.53111,133.75678,0.377,-25.8,-88.55,-88.67,8,stop_loss,41.75107,0.17207,-2.52872,-4.05132,london,2019
GBPJPY,1,2019-07-17 20:00:00,2019-07-17 23:00:00,134.56,134.30734,134.30734,135.06532,0.3812,-25.3,-87.65,-73.88,3,stop_loss,30.22338,0.16844,-0.28294,-4.2059,new_york,2019
GBPJPY,1,2019-07-18 06:00:00,2019-07-18 13:00:00,134.026,134.53324,133.77238,134.53324,0.376,50.7,173.56,173.44,7,take_profit,29.47118,0.16908,-2.59002,-4.40381,,2019
GBPJPY,-1,2019-07-18 20:00:00,2019-07-19 03:00:00,134.559,134.83384,134.83384,134.00931,0.3539,-27.5,-88.51,-97.03,7,stop_loss,28.71758,0.18323,0.61405,-3.58623,new_york,2019
GBPJPY,1,2019-07-19 05:00:00,2019-07-19 12:00:00,134.966,134.69364,134.69364,135.51073,0.3535,-27.2,-87.62,-87.73,7,stop_loss,31.34668,0.18158,2.36745,-2.95503,,2019
GBPJPY,-1,2019-07-19 16:00:00,2019-07-22 02:00:00,134.822,134.899,135.07946,134.30708,0.3702,-7.7,-25.94,-52.44,10,time_exit,29.55527,0.17164,0.97198,-2.29816,new_york,2019
GBPJPY,-1,2019-07-22 05:00:00,2019-07-22 11:00:00,134.99,134.45366,135.25817,134.45366,0.3543,53.6,172.92,172.81,6,take_profit,20.41936,0.17878,1.55652,-1.71111,,2019
GBPJPY,-1,2019-07-22 23:00:00,2019-07-23 09:00:00,134.613,134.674,134.83825,134.1625,0.4303,-6.1,-23.89,-24.03,10,time_exit,16.51147,0.15017,-0.56705,-1.78063,,2019
GBPJPY,-1,2019-07-23 13:00:00,2019-07-23 14:00:00,134.59,134.81875,134.81875,134.13251,0.4225,-22.9,-87.95,-88.08,1,stop_loss,13.92224,0.1525,-0.48557,-1.68182,london,2019
GBPJPY,1,2019-07-24 13:00:00,2019-07-24 14:00:00,134.767,135.25232,134.52434,135.25232,0.3943,48.5,174.14,174.01,1,take_profit,9.54368,0.16177,0.93159,-1.44552,london,2019
GBPJPY,1,2019-07-25 22:00:00,2019-07-26 08:00:00,135.414,135.225,135.11201,136.01799,0.3232,-18.9,-55.59,-51.77,10,time_exit,23.6276,0.20133,2.09275,0.35077,,2019
GBPJPY,1,2019-07-29 15:00:00,2019-07-29 16:00:00,133.662,133.40375,133.40375,134.17851,0.3755,-25.8,-88.25,-88.37,1,stop_loss,45.27211,0.17217,-5.41077,-1.38783,london,2019
GBPJPY,-1,2019-07-29 17:00:00,2019-07-30 03:00:00,133.11,132.887,133.42807,132.47386,0.3018,22.3,61.24,53.97,10,time_exit,49.69254,0.21205,-6.44753,-1.51195,new_york,2019
GBPJPY,-1,2019-07-30 18:00:00,2019-07-31 04:00:00,132.015,131.928,132.43426,131.17648,0.2306,8.7,18.26,12.71,10,time_exit,53.32786,0.27951,-4.09289,-4.02231,new_york,2019
GBPJPY,-1,2019-07-31 20:00:00,2019-08-01 06:00:00,132.628,132.457,132.98713,131.90973,0.2697,17.1,41.97,22.66,10,time_exit,33.04456,0.23942,0.34747,-5.23375,new_york,2019
GBPJPY,1,2019-08-02 20:00:00,2019-08-05 04:00:00,129.486,128.935,128.935,130.58799,0.1766,-55.1,-88.55,-82.17,8,stop_loss,51.0714,0.36733,-3.21299,-5.39372,new_york,2019
GBPJPY,-1,2019-08-05 05:00:00,2019-08-05 15:00:00,129.002,129.096,129.51706,127.97187,0.1871,-9.4,-16.0,-16.06,10,time_exit,37.8859,0.34338,-3.78338,-6.03614,,2019
GBPJPY,-1,2019-08-05 18:00:00,2019-08-06 04:00:00,128.788,129.026,129.31879,127.72643,0.1812,-23.8,-39.24,-43.6,10,time_exit,30.26579,0.35386,-2.55168,-6.35005,new_york,2019
GBPJPY,-1,2019-08-06 04:00:00,2019-08-06 06:00:00,128.672,129.18894,129.18894,127.63812,0.1852,-51.7,-87.12,-87.18,2,stop_loss,27.5759,0.34463,-1.94484,-6.6188,,2019
GBPJPY,1,2019-08-07 13:00:00,2019-08-07 14:00:00,129.017,128.59337,128.59337,129.86427,0.2237,-42.4,-86.24,-86.31,1,stop_loss,18.32566,0.28242,-1.15884,-5.84894,london,2019
GBPJPY,-1,2019-08-09 12:00:00,2019-08-09 14:00:00,128.326,127.66272,128.65764,127.66272,0.2829,66.3,170.75,170.66,2,take_profit,29.55998,0.22109,-2.20132,-6.08281,london,2019
GBPJPY,-1,2019-08-09 17:00:00,2019-08-12 02:00:00,127.663,126.90149,128.04375,126.90149,0.2514,76.2,174.21,156.21,9,take_profit,39.6722,0.25384,-3.81049,-5.56378,new_york,2019
GBPJPY,1,2019-08-13 07:00:00,2019-08-13 09:00:00,127.24,126.93544,126.93544,127.84912,0.3205,-30.5,-88.83,-88.93,2,stop_loss,17.45537,0.20304,-1.14447,-8.13234,london,2019
GBPJPY,1,2019-08-15 05:00:00,2019-08-15 09:00:00,127.724,128.49754,127.33723,128.49754,0.2498,77.4,175.84,175.76,4,take_profit,17.47011,0.25785,-0.56809,-3.1977,,2019
GBPJPY,1,2019-08-15 13:00:00,2019-08-15 23:00:00,128.145,128.316,127.71714,129.00072,0.2304,17.1,35.85,38.57,10,time_exit,22.6084,0.28524,0.84788,-2.58682,london,2019
GBPJPY,-1,2019-08-16 00:00:00,2019-08-16 09:00:00,128.222,128.68137,128.68137,127.30327,0.2154,-45.9,-90.04,-90.11,9,stop_loss,25.86476,0.30624,0.66666,-1.67767,,2019
GBPJPY,-1,2019-08-19 17:00:00,2019-08-19 18:00:00,129.116,129.42385,129.42385,128.5003,0.3182,-30.8,-89.14,-89.24,1,stop_loss,17.63124,0.20523,0.96068,0.74814,new_york,2019
GBPJPY,-1,2019-08-19 18:00:00,2019-08-20 04:00:00,129.211,129.323,129.52172,128.58957,0.3121,-11.2,-31.81,-39.32,10,time_exit,16.51249,0.20714,1.36903,0.77556,new_york,2019
GBPJPY,-1,2019-08-21 18:00:00,2019-08-21 19:00:00,129.145,129.46168,129.46168,128.51164,0.3051,-31.7,-87.92,-88.02,1,stop_loss,17.38699,0.21112,-0.11237,1.12868,new_york,2019
GBPJPY,-1,2019-08-22 06:00:00,2019-08-22 11:00:00,129.069,129.32635,129.32635,128.55431,0.3717,-25.7,-87.05,-87.17,5,stop_loss,11.23253,0.17156,-0.73445,1.34064,,2019
GBPJPY,1,2019-08-26 00:00:00,2019-08-26 01:00:00,128.804,128.38521,128.38521,129.64158,0.2261,-41.9,-86.17,-86.24,1,stop_loss,30.75837,0.27919,-1.1407,1.79195,,2019
GBPJPY,-1,2019-08-28 23:00:00,2019-08-29 09:00:00,129.643,129.136,130.03953,128.84994,0.2364,50.7,109.07,108.99,10,time_exit,25.39579,0.26435,0.14697,0.63261,,2019
GBPJPY,1,2019-08-30 11:00:00,2019-08-30 12:00:00,129.691,129.3852,129.3852,130.30261,0.3105,-30.6,-86.41,-86.51,1,stop_loss,16.90195,0.20387,0.278,0.7035,london,2019
GBPJPY,1,2019-09-02 07:00:00,2019-09-02 11:00:00,129.085,128.73422,128.73422,129.78656,0.2679,-35.1,-85.52,-85.61,4,stop_loss,31.06984,0.23385,-1.35907,-0.18646,london,2019
GBPJPY,-1,2019-09-03 12:00:00,2019-09-03 13:00:00,127.171,127.61407,127.61407,126.28487,0.21,-44.3,-84.67,-84.74,1,stop_loss,53.4329,0.29538,-4.37658,-2.223,london,2019
GBPJPY,-1,2019-09-05 06:00:00,2019-09-05 12:00:00,130.604,131.0141,131.0141,129.7838,0.2246,-41.0,-83.82,-83.89,6,stop_loss,53.85851,0.2734,5.21858,0.35026,,2019
GBPJPY,1,2019-09-05 18:00:00,2019-09-06 04:00:00,131.917,131.955,131.40231,132.94638,0.1772,3.8,6.13,8.23,10,time_exit,52.70637,0.34313,5.82594,1.78814,new_york,2019
GBPJPY,-1,2019-09-09 05:00:00,2019-09-09 11:00:00,131.295,131.59859,131.59859,130.68783,0.3006,-30.4,-83.04,-83.14,6,stop_loss,21.08473,0.20239,0.72784,5.73669,,2019
GBPJPY,-1,2019-09-09 11:00:00,2019-09-09 12:00:00,131.232,131.54425,131.54425,130.6075,0.2893,-31.2,-82.2,-82.29,1,stop_loss,21.0476,0.20817,0.33327,5.28696,london,2019
GBPJPY,-1,2019-09-09 12:00:00,2019-09-09 13:00:00,131.738,132.08998,132.08998,131.03404,0.2541,-35.2,-81.39,-81.47,1,stop_loss,19.97672,0.23465,2.37223,4.71575,london,2019
GBPJPY,-1,2019-09-11 03:00:00,2019-09-11 08:00:00,132.966,133.27833,133.27833,132.34133,0.2834,-31.2,-80.55,-80.64,5,stop_loss,29.78659,0.20822,3.28086,6.81004,,2019
GBPJPY,1,2019-09-11 09:00:00,2019-09-11 10:00:00,133.3,133.00517,133.00517,133.88965,0.2973,-29.5,-79.76,-79.85,1,stop_loss,33.43861,0.19655,4.31426,7.40757,london,2019
GBPJPY,-1,2019-09-11 15:00:00,2019-09-12 01:00:00,132.931,132.938,133.28271,132.22758,0.2467,-0.7,-1.57,-19.23,10,time_exit,29.2775,0.23447,1.47181,6.28012,london,2019
GBPJPY,-1,2019-09-12 05:00:00,2019-09-12 15:00:00,133.218,132.59803,133.52799,132.59803,0.2798,62.0,157.86,157.77,10,take_profit,18.14651,0.20666,2.25562,6.75558,,2019
GBPJPY,1,2019-09-17 10:00:00,2019-09-17 11:00:00,134.413,134.12755,134.12755,134.9839,0.3099,-28.5,-80.5,-80.6,1,stop_loss,14.43536,0.1903,1.1705,7.20097,london,2019
GBPJPY,-1,2019-09-18 04:00:00,2019-09-18 14:00:00,135.093,134.736,135.38679,134.50542,0.2981,35.7,96.84,96.75,10,time_exit,28.87332,0.19586,2.79102,7.12627,,2019
GBPJPY,-1,2019-09-19 00:00:00,2019-09-19 06:00:00,135.232,134.49761,135.5992,134.49761,0.2414,73.4,161.33,161.25,6,take_profit,19.41082,0.2448,1.68412,5.40289,,2019
GBPJPY,-1,2019-09-19 07:00:00,2019-09-19 10:00:00,134.503,134.87204,134.87204,133.76492,0.245,-36.9,-82.28,-82.36,3,stop_loss,21.06548,0.24603,-1.38114,5.0937,london,2019
GBPJPY,1,2019-09-20 15:00:00,2019-09-20 20:00:00,134.827,134.4303,134.4303,135.6204,0.2256,-39.7,-81.44,-81.51,5,stop_loss,17.49391,0.26447,-0.93623,4.04337,london,2019
GBPJPY,-1,2019-09-20 20:00:00,2019-09-23 06:00:00,134.693,134.503,135.09703,133.88494,0.2193,19.0,37.92,22.22,10,time_exit,18.712,0.26935,-1.20919,3.62199,new_york,2019
GBPJPY,1,2019-09-23 12:00:00,2019-09-23 22:00:00,133.511,133.599,133.1003,134.33239,0.2167,8.8,17.35,17.28,10,time_exit,28.82291,0.2738,-4.10013,2.05632,london,2019
GBPJPY,-1,2019-09-26 03:00:00,2019-09-26 12:00:00,133.106,132.47183,133.42308,132.47183,0.2813,63.4,162.34,162.25,9,take_profit,29.36532,0.21139,-2.20821,-1.29067,,2019
GBPJPY,-1,2019-09-26 15:00:00,2019-09-27 01:00:00,132.932,132.884,133.25367,132.28865,0.2829,4.8,12.36,5.55,10,time_exit,38.33876,0.21445,-1.91839,-1.89332,london,2019
GBPJPY,1,2019-10-01 05:00:00,2019-10-01 15:00:00,132.853,132.58127,132.58127,133.39646,0.3353,-27.2,-82.91,-83.02,10,stop_loss,18.27464,0.18115,-0.07611,-2.49967,,2019
GBPJPY,-1,2019-10-01 18:00:00,2019-10-01 19:00:00,131.826,132.21063,132.21063,131.05674,0.2345,-38.5,-82.08,-82.15,1,stop_loss,26.51902,0.25642,-3.98506,-1.62414,new_york,2019
GBPJPY,-1,2019-10-01 19:00:00,2019-10-01 20:00:00,131.854,132.23901,132.23901,131.08398,0.2319,-38.5,-81.25,-81.32,1,stop_loss,27.69378,0.25667,-3.72016,-1.71969,new_york,2019
GBPJPY,1,2019-10-02 03:00:00,2019-10-02 10:00:00,132.434,131.99942,131.99942,133.30316,0.2034,-43.5,-80.44,-80.5,7,stop_loss,17.9097,0.28972,-0.97366,-1.63494,,2019
GBPJPY,1,2019-10-03 13:00:00,2019-10-03 15:00:00,131.616,132.38359,131.2322,132.38359,0.228,76.8,159.26,159.19,2,take_profit,17.41158,0.25586,-1.85583,-2.87236,london,2019
GBPJPY,-1,2019-10-03 19:00:00,2019-10-04 05:00:00,132.262,131.856,132.71732,131.35135,0.196,40.6,72.41,67.69,10,time_exit,19.2794,0.30355,0.52058,-2.24876,new_york,2019
GBPJPY,-1,2019-10-04 06:00:00,2019-10-04 16:00:00,131.856,131.582,132.17505,131.2179,0.2823,27.4,70.39,70.3,10,time_exit,11.56455,0.2127,-0.85184,-3.10067,,2019
GBPJPY,-1,2019-10-04 16:00:00,2019-10-07 02:00:00,131.838,131.684,132.17096,131.17208,0.2728,15.4,38.23,18.7,10,time_exit,13.24551,0.22197,-0.47364,-2.99075,new_york,2019
GBPJPY,1,2019-10-07 07:00:00,2019-10-07 11:00:00,131.669,131.36666,131.36666,132.27369,0.3018,-30.2,-83.04,-83.14,4,stop_loss,12.47668,0.20156,-0.76725,-3.25,london,2019
GBPJPY,-1,2019-10-08 08:00:00,2019-10-08 11:00:00,132.044,131.57835,132.27683,131.57835,0.3879,46.6,164.37,164.25,3,take_profit,20.85018,0.15522,1.37203,-3.20619,london,2019
GBPJPY,-1,2019-10-09 10:00:00,2019-10-09 11:00:00,130.752,131.02413,131.02413,130.20774,0.3385,-27.2,-83.83,-83.94,1,stop_loss,29.25783,0.18142,-2.63772,-4.29808,london,2019
GBPJPY,1,2019-10-09 11:00:00,2019-10-09 21:00:00,131.052,131.306,130.74027,131.67545,0.2926,25.4,67.63,67.54,10,time_exit,27.40514,0.20782,-0.82539,-3.73991,london,2019
GBPJPY,1,2019-10-10 11:00:00,2019-10-10 17:00:00,131.438,132.14785,131.08307,132.14785,0.259,71.0,167.31,167.23,6,take_profit,27.15528,0.23662,0.77691,-2.48864,london,2019
GBPJPY,-1,2019-10-11 08:00:00,2019-10-11 11:00:00,134.413,134.87764,134.87764,133.48372,0.2018,-46.5,-85.33,-85.39,3,stop_loss,59.09035,0.30976,5.85702,1.46114,london,2019
GBPJPY,-1,2019-10-11 18:00:00,2019-10-14 04:00:00,137.787,136.375,138.61172,136.13756,0.1126,141.2,144.68,136.62,10,time_exit,72.01829,0.54981,7.37625,2.22857,new_york,2019
GBPJPY,-1,2019-10-15 21:00:00,2019-10-16 07:00:00,139.083,138.591,139.89461,137.45978,0.1163,49.2,52.07,49.27,10,time_exit,36.15644,0.54107,4.5435,4.38961,new_york,2019
GBPJPY,-1,2019-10-16 07:00:00,2019-10-16 15:00:00,138.611,139.17901,139.17901,137.47498,0.1672,-56.8,-86.42,-86.47,8,stop_loss,41.64508,0.37867,3.33125,7.03461,london,2019
GBPJPY,1,2019-10-18 19:00:00,2019-10-21 05:00:00,139.926,140.011,139.39923,140.97954,0.1785,8.5,13.81,20.26,10,time_exit,14.54782,0.35118,1.30023,7.3916,new_york,2019
GBPJPY,-1,2019-10-21 13:00:00,2019-10-21 23:00:00,140.975,140.737,141.51271,139.89958,0.1752,23.8,37.94,33.72,10,time_exit,14.30357,0.35847,3.00979,6.86181,london,2019
GBPJPY,1,2019-10-22 00:00:00,2019-10-22 10:00:00,140.739,140.486,140.29837,141.62025,0.2147,-25.3,-49.43,-49.5,10,time_exit,17.40079,0.29375,1.6575,8.35041,,2019
GBPJPY,-1,2019-10-25 14:00:00,2019-10-28 00:00:00,139.403,139.32,139.75592,138.69715,0.2665,8.3,20.13,1.05,10,time_exit,8.22951,0.23528,-1.47823,3.13687,london,2019
GBPJPY,1,2019-10-28 06:00:00,2019-10-28 16:00:00,139.351,139.89925,139.07688,139.89925,0.3439,54.8,171.57,171.46,10,take_profit,7.41894,0.18275,-1.24418,2.79488,,2019
GBPJPY,1,2019-10-31 23:00:00,2019-11-01 09:00:00,139.878,139.993,139.54183,140.55033,0.286,11.5,29.93,29.84,10,time_exit,26.02011,0.22411,-1.15248,2.03864,,2019
GBPJPY,-1,2019-11-01 09:00:00,2019-11-01 19:00:00,139.932,139.967,140.20891,139.37819,0.3484,-3.5,-11.1,-11.21,10,time_exit,18.92637,0.1846,-0.67807,1.93153,london,2019
GBPJPY,-1,2019-11-05 01:00:00,2019-11-05 02:00:00,139.878,140.07718,140.07718,139.47965,0.4838,-19.9,-87.69,-87.84,1,stop_loss,11.13425,0.13278,-1.04405,1.61735,,2019
GBPJPY,-1,2019-11-05 04:00:00,2019-11-05 09:00:00,140.093,140.29931,140.29931,139.68039,0.4623,-20.6,-86.79,-86.94,5,stop_loss,12.1787,0.13754,0.48769,1.56518,,2019
GBPJPY,-1,2019-11-05 15:00:00,2019-11-05 20:00:00,140.387,140.62712,140.62712,139.90675,0.3932,-24.0,-85.92,-86.05,5,stop_loss,24.77466,0.16008,1.67853,1.62042,london,2019
GBPJPY,1,2019-11-06 00:00:00,2019-11-06 08:00:00,140.606,140.38091,140.38091,141.05618,0.4153,-22.5,-85.07,-85.2,8,stop_loss,31.76018,0.15006,2.63532,2.19223,,2019
GBPJPY,1,2019-11-06 13:00:00,2019-11-06 17:00:00,140.508,140.27885,140.27885,140.96629,0.4039,-22.9,-84.22,-84.35,4,stop_loss,17.20141,0.15276,1.11945,2.30272,london,2019
GBPJPY,1,2019-11-06 17:00:00,2019-11-06 18:00:00,140.329,140.11328,140.11328,140.76043,0.4247,-21.6,-83.37,-83.51,1,stop_loss,14.18057,0.14381,-0.13905,2.4162,new_york,2019
GBPJPY,-1,2019-11-06 23:00:00,2019-11-07 05:00:00,140.059,139.57068,140.30316,139.57068,0.3714,48.8,165.04,164.92,6,take_profit,22.91316,0.16277,-1.42744,1.7514,,2019
GBPJPY,1,2019-11-07 14:00:00,2019-11-07 15:00:00,140.273,139.9688,139.9688,140.8814,0.3041,-30.4,-84.18,-84.28,1,stop_loss,29.15671,0.2028,0.5812,0.75737,london,2019
GBPJPY,-1,2019-11-08 12:00:00,2019-11-08 18:00:00,140.065,139.57762,140.30869,139.57762,0.3758,48.7,166.67,166.55,6,take_profit,11.83966,0.16246,-0.20412,0.51607,london,2019
GBPJPY,1,2019-11-08 20:00:00,2019-11-11 06:00:00,139.45,139.502,139.17037,140.00927,0.334,5.2,15.8,27.86,10,time_exit,14.54015,0.18642,-3.06668,0.11779,new_york,2019
GBPJPY,1,2019-11-11 06:00:00,2019-11-11 14:00:00,139.489,139.93092,139.26804,139.93092,0.4235,44.2,170.31,170.18,8,take_profit,20.3916,0.14731,-2.65256,-0.55144,,2019
GBPJPY,-1,2019-11-12 22:00:00,2019-11-13 08:00:00,140.103,140.23,140.35484,139.59931,0.379,-12.7,-43.8,-52.92,10,time_exit,17.7581,0.1679,-0.04146,0.55678,,2019
GBPJPY,1,2019-11-13 15:00:00,2019-11-13 17:00:00,139.709,139.44101,139.44101,140.24498,0.3543,-26.8,-86.4,-86.51,2,stop_loss,16.1216,0.17866,-2.02269,0.29108,london,2019
GBPJPY,1,2019-11-15 09:00:00,2019-11-15 10:00:00,139.902,139.69129,139.69129,140.32343,0.4461,-21.1,-85.54,-85.68,1,stop_loss,23.16844,0.14048,1.00007,-0.9793,london,2019
GBPJPY,1,2019-11-15 17:00:00,2019-11-18 03:00:00,140.3,140.619,140.04219,140.81563,0.361,31.9,104.79,117.83,10,time_exit,29.64414,0.17188,2.80632,-0.49492,new_york,2019
GBPJPY,-1,2019-11-18 16:00:00,2019-11-19 02:00:00,140.986,140.503,141.29261,140.37279,0.3073,48.3,135.07,127.67,10,time_exit,55.82765,0.2044,2.85605,1.60803,new_york,2019
GBPJPY,1,2019-11-22 00:00:00,2019-11-22 10:00:00,140.192,140.273,139.91532,140.74536,0.3458,8.1,25.49,25.38,10,time_exit,18.30201,0.18445,-0.74128,0.46385,,2019
GBPJPY,-1,2019-11-25 04:00:00,2019-11-25 09:00:00,139.786,140.04388,140.04388,139.27023,0.3721,-25.8,-87.32,-87.44,5,stop_loss,24.40917,0.17192,-0.98563,-1.05979,,2019
GBPJPY,1,2019-11-25 21:00:00,2019-11-26 07:00:00,140.525,140.494,140.26071,141.05359,0.3595,-3.1,-10.14,-5.89,10,time_exit,30.89203,0.1762,2.54293,-0.36495,new_york,2019
GBPJPY,-1,2019-11-26 18:00:00,2019-11-26 19:00:00,140.027,140.31142,140.31142,139.45816,0.3336,-28.4,-86.34,-86.45,1,stop_loss,25.11308,0.18961,-1.06498,0.21284,new_york,2019
GBPJPY,-1,2019-11-27 03:00:00,2019-11-27 12:00:00,140.259,140.49038,140.49038,139.79624,0.406,-23.1,-85.49,-85.62,9,stop_loss,19.68128,0.15425,0.12991,0.29981,,2019
GBPJPY,1,2019-11-27 13:00:00,2019-11-27 20:00:00,140.577,141.03608,140.34746,141.03608,0.4051,45.9,169.23,169.1,7,take_profit,16.10534,0.15303,2.09349,0.35962,london,2019
GBPJPY,1,2019-11-28 00:00:00,2019-11-28 10:00:00,141.517,141.584,141.21495,142.1211,0.314,6.7,19.14,19.04,10,time_exit,38.10952,0.20137,4.38685,1.23628,,2019
GBPJPY,1,2019-11-28 21:00:00,2019-11-29 07:00:00,141.355,141.429,141.0989,141.8672,0.3712,7.4,25.0,29.39,10,time_exit,24.8732,0.17073,1.71416,3.23529,new_york,2019
GBPJPY,-1,2019-11-29 18:00:00,2019-12-02 04:00:00,141.642,141.647,141.88788,141.15024,0.3877,-0.5,-1.76,-29.52,10,time_exit,12.80086,0.16392,2.45511,3.44198,new_york,2019
GBPJPY,1,2019-12-02 12:00:00,2019-12-02 17:00:00,141.557,141.3309,141.3309,142.00919,0.4215,-22.6,-86.72,-86.85,5,stop_loss,18.73465,0.15073,0.95234,3.92217,london,2019
GBPJPY,1,2019-12-04 10:00:00,2019-12-04 11:00:00,140.967,141.42467,140.73816,141.42467,0.4123,45.8,171.72,171.59,1,take_profit,28.84514,0.15256,-1.67869,1.66943,london,2019
GBPJPY,1,2019-12-04 12:00:00,2019-12-04 17:00:00,141.961,142.59091,141.64604,142.59091,0.3055,63.0,175.12,175.02,5,take_profit,27.86514,0.20997,3.33023,1.333,london,2019
GBPJPY,-1,2019-12-06 03:00:00,2019-12-06 10:00:00,143.115,142.63759,143.35371,142.63759,0.4112,47.7,178.64,178.51,7,take_profit,43.76777,0.15914,3.50678,6.17622,,2019
GBPJPY,-1,2019-12-09 04:00:00,2019-12-09 08:00:00,142.727,142.97926,142.97926,142.22248,0.3969,-25.2,-91.11,-91.24,4,stop_loss,20.51708,0.16817,0.37332,4.94362,,2019
GBPJPY,1,2019-12-10 01:00:00,2019-12-10 11:00:00,142.674,142.908,142.43352,143.15495,0.4121,23.4,87.75,87.62,10,time_exit,12.67581,0.16032,-0.40381,4.48555,,2019
GBPJPY,1,2019-12-10 15:00:00,2019-12-10 21:00:00,143.051,143.56464,142.79418,143.56464,0.3896,51.4,182.1,181.98,6,take_profit,9.7174,0.17121,1.41156,3.95773,london,2019
GBPJPY,1,2019-12-11 00:00:00,2019-12-11 01:00:00,142.994,142.67185,142.67185,143.63831,0.3168,-32.2,-92.87,-92.97,1,stop_loss,23.20778,0.21477,0.54863,3.36181,,2019
GBPJPY,1,2019-12-11 02:00:00,2019-12-11 12:00:00,142.804,142.932,142.45213,143.50773,0.2872,12.8,33.45,33.36,10,time_exit,22.55404,0.23458,-0.5679,2.97917,,2019
GBPJPY,1,2019-12-12 01:00:00,2019-12-12 11:00:00,143.269,143.281,143.00658,143.79384,0.3864,1.2,4.22,4.1,10,time_exit,16.34745,0.17495,1.45941,3.50455,,2019
GBPJPY,1,2019-12-13 11:00:00,2019-12-13 15:00:00,146.908,146.16668,146.16668,148.39064,0.1368,-74.1,-92.29,-92.33,4,stop_loss,39.88724,0.49421,4.38121,3.29815,london,2019
GBPJPY,1,2019-12-16 09:00:00,2019-12-16 10:00:00,146.765,146.29286,146.29286,147.70929,0.2127,-47.2,-91.39,-91.46,1,stop_loss,18.51318,0.31476,3.69419,5.96754,london,2019
GBPJPY,1,2019-12-17 00:00:00,2019-12-17 01:00:00,146.022,145.6158,145.6158,146.8344,0.2448,-40.6,-90.49,-90.57,1,stop_loss,10.20621,0.2708,0.81876,6.65481,,2019
GBPJPY,1,2019-12-18 05:00:00,2019-12-18 15:00:00,143.255,143.356,142.81264,144.13973,0.2225,10.1,20.45,20.38,10,time_exit,47.10904,0.29491,-5.04667,1.99062,,2019
GBPJPY,1,2019-12-20 04:00:00,2019-12-20 14:00:00,142.362,142.429,141.99085,143.10429,0.2658,6.7,16.21,16.13,10,time_exit,36.95909,0.24743,-3.25999,-2.31227,,2019
GBPJPY,-1,2019-12-23 03:00:00,2019-12-23 13:00:00,142.314,142.015,142.65948,141.62304,0.286,29.9,77.82,77.73,10,time_exit,17.83813,0.23032,-1.86249,-3.19322,,2019
GBPJPY,-1,2019-12-23 20:00:00,2019-12-24 06:00:00,141.471,141.552,141.85589,140.70121,0.259,-8.1,-19.09,-25.33,10,time_exit,24.74998,0.2566,-3.34937,-3.55256,new_york,2019
GBPJPY,1,2019-12-27 05:00:00,2019-12-27 09:00:00,142.313,142.83888,142.05006,142.83888,0.3783,52.6,181.04,180.92,4,take_profit,29.24646,0.17529,0.62748,-3.04243,,2019
GBPJPY,-1,2019-12-30 08:00:00,2019-12-30 18:00:00,143.219,143.044,143.51038,142.63624,0.3482,17.5,55.45,55.34,10,time_exit,23.47947,0.19425,1.88291,0.09188,london,2019
GBPJPY,-1,2019-12-30 23:00:00,2019-12-31 09:00:00,142.631,142.772,142.94893,141.99515,0.321,-14.1,-41.19,-41.29,10,time_exit,27.76568,0.21195,-1.40488,0.30562,,2019
GBPJPY,-1,2019-12-31 18:00:00,2020-01-02 07:00:00,143.92,143.692,144.30428,143.15144,0.2644,22.8,54.86,29.65,10,time_exit,34.2703,0.25619,3.74013,0.3443,new_york,2019
GBPJPY,1,2020-01-02 22:00:00,2020-01-03 03:00:00,142.516,142.11496,142.11496,143.31808,0.2548,-40.1,-92.99,-89.98,5,stop_loss,34.18263,0.26736,-2.66931,0.8063,,2020
GBPJPY,1,2020-01-06 11:00:00,2020-01-06 12:00:00,141.516,142.29063,141.12869,142.29063,0.2612,77.5,184.12,184.04,1,take_profit,39.3085,0.25821,-1.35621,-2.70311,london,2020
GBPJPY,-1,2020-01-06 18:00:00,2020-01-07 04:00:00,142.538,142.852,142.98319,141.64763,0.2318,-31.4,-66.23,-71.81,10,time_exit,31.64652,0.29679,2.0324,-2.02623,new_york,2020
GBPJPY,1,2020-01-07 09:00:00,2020-01-07 10:00:00,142.667,143.28315,142.35893,143.28315,0.3326,61.6,186.49,186.38,1,take_profit,32.75967,0.20538,1.7638,-1.26788,london,2020
GBPJPY,1,2020-01-07 18:00:00,2020-01-08 01:00:00,142.509,142.04146,142.04146,143.44407,0.2235,-46.8,-95.09,-92.45,7,stop_loss,22.59719,0.31169,0.47358,-0.63716,new_york,2020
GBPJPY,1,2020-01-08 10:00:00,2020-01-08 12:00:00,142.601,142.0582,142.0582,143.68661,0.1906,-54.3,-94.15,-94.21,2,stop_loss,18.34053,0.36187,0.8821,-0.6213,london,2020
GBPJPY,1,2020-01-10 21:00:00,2020-01-13 07:00:00,143.004,142.886,142.67789,143.65623,0.314,-11.8,-33.72,-22.38,10,time_exit,13.63328,0.21741,-0.01225,1.25131,new_york,2020
GBPJPY,-1,2020-01-13 17:00:00,2020-01-14 02:00:00,142.794,143.13217,143.13217,142.11766,0.3017,-33.8,-92.84,-100.1,9,stop_loss,19.97753,0.22545,-0.30777,0.55811,new_york,2020
GBPJPY,1,2020-01-14 16:00:00,2020-01-15 02:00:00,142.903,143.08,142.58281,143.54337,0.3155,17.7,50.82,54.55,10,time_exit,16.32185,0.21346,0.13369,0.4923,new_york,2020
GBPJPY,-1,2020-01-15 17:00:00,2020-01-16 03:00:00,143.263,143.392,143.5861,142.61679,0.3144,-12.9,-36.91,-59.42,10,time_exit,14.68455,0.2154,1.14564,0.79094,new_york,2020
GBPJPY,1,2020-01-16 13:00:00,2020-01-16 23:00:00,143.67,144.054,143.39864,144.21273,0.3728,38.4,130.27,134.68,10,time_exit,26.16902,0.18091,2.46607,1.5601,london,2020
GBPJPY,1,2020-01-17 02:00:00,2020-01-17 11:00:00,144.077,143.81559,143.81559,144.59982,0.3925,-26.1,-93.37,-93.5,9,stop_loss,40.52256,0.17427,3.31243,2.53715,,2020
GBPJPY,-1,2020-01-21 10:00:00,2020-01-21 11:00:00,143.043,143.26981,143.26981,142.58939,0.4478,-22.7,-92.42,-92.56,1,stop_loss,22.18821,0.1512,-1.50139,0.56175,london,2020
GBPJPY,-1,2020-01-21 16:00:00,2020-01-21 21:00:00,143.894,143.27747,144.20226,143.27747,0.3262,61.7,183.01,182.91,5,take_profit,23.89418,0.20551,2.75578,0.58961,new_york,2020
GBPJPY,1,2020-01-22 07:00:00,2020-01-22 13:00:00,143.483,143.99045,143.22927,143.99045,0.4042,50.7,186.65,186.52,6,take_profit,16.70173,0.16915,0.68982,0.77828,london,2020
GBPJPY,-1,2020-01-23 17:00:00,2020-01-24 03:00:00,143.496,143.586,143.81951,142.84899,0.3233,-9.0,-26.48,-34.26,10,time_exit,17.76941,0.21567,-1.50164,1.69205,new_york,2020
GBPJPY,1,2020-01-27 01:00:00,2020-01-27 11:00:00,142.369,142.602,142.00171,143.10359,0.284,23.3,60.22,60.13,10,time_exit,27.47588,0.24486,-4.45247,0.06778,,2020
GBPJPY,1,2020-01-27 15:00:00,2020-01-28 01:00:00,142.376,142.255,142.01667,143.09467,0.2921,-12.1,-32.16,-28.71,10,time_exit,39.89633,0.23956,-2.68827,-1.18089,london,2020
GBPJPY,-1,2020-01-29 23:00:00,2020-01-30 09:00:00,141.942,141.41938,142.20331,141.41938,0.4003,52.3,190.38,190.25,10,take_profit,17.81469,0.17421,-1.04394,-3.69018,,2020
GBPJPY,1,2020-01-31 06:00:00,2020-01-31 16:00:00,142.826,142.992,142.47374,143.53052,0.3029,16.6,45.76,45.66,10,time_exit,26.45425,0.23484,2.44259,-1.55567,,2020
GBPJPY,-1,2020-01-31 23:00:00,2020-02-03 09:00:00,143.083,142.773,143.43195,142.3851,0.3072,31.0,86.66,71.97,10,time_exit,20.29994,0.23263,1.98202,-0.23628,,2020
GBPJPY,1,2020-02-03 16:00:00,2020-02-03 17:00:00,141.749,141.38391,141.38391,142.47918,0.2962,-36.5,-98.41,-98.5,1,stop_loss,27.2358,0.24339,-3.2047,-0.50423,new_york,2020
GBPJPY,-1,2020-02-04 00:00:00,2020-02-04 07:00:00,141.22,141.59057,141.59057,140.47887,0.2889,-37.1,-97.42,-97.51,7,stop_loss,42.81104,0.24704,-3.76875,-1.43845,,2020
GBPJPY,-1,2020-02-04 20:00:00,2020-02-05 06:00:00,142.65,142.516,143.06687,141.81626,0.2542,13.4,31.0,24.88,10,time_exit,30.2336,0.27791,2.395,-1.48944,new_york,2020
GBPJPY,1,2020-02-11 04:00:00,2020-02-11 14:00:00,141.876,142.064,141.63244,142.36313,0.4365,18.8,74.68,74.54,10,time_exit,15.05655,0.16238,0.15723,-2.16787,,2020
GBPJPY,1,2020-02-12 15:00:00,2020-02-12 16:00:00,142.784,142.52022,142.52022,143.31155,0.4062,-26.4,-97.5,-97.63,1,stop_loss,32.09884,0.17585,3.13792,0.04079,london,2020
GBPJPY,-1,2020-02-14 08:00:00,2020-02-14 18:00:00,143.233,143.109,143.49001,142.71897,0.4127,12.4,46.57,46.44,10,time_exit,36.23148,0.17134,2.42979,2.2193,london,2020
GBPJPY,1,2020-02-14 22:00:00,2020-02-17 08:00:00,143.053,143.241,142.77721,143.60457,0.3864,18.8,66.11,80.06,10,time_exit,21.67706,0.18386,0.69524,2.20655,,2020
GBPJPY,-1,2020-02-17 22:00:00,2020-02-18 04:00:00,142.938,142.53977,143.13711,142.53977,0.5389,39.8,195.29,182.32,6,take_profit,18.20989,0.13274,-0.81846,2.96667,,2020
GBPJPY,1,2020-02-19 22:00:00,2020-02-19 23:00:00,144.15,143.78637,143.78637,144.87726,0.301,-36.4,-99.6,-88.73,1,stop_loss,41.50039,0.24242,3.91217,1.58107,,2020
GBPJPY,-1,2020-02-24 02:00:00,2020-02-24 11:00:00,144.473,143.69641,144.86129,143.69641,0.279,77.7,197.17,197.08,9,take_profit,21.64411,0.25886,0.75419,3.28606,,2020
GBPJPY,-1,2020-02-24 21:00:00,2020-02-25 02:00:00,142.919,143.35888,143.35888,142.03924,0.2512,-44.0,-100.55,-106.6,5,stop_loss,40.61981,0.29325,-3.50021,1.58225,new_york,2020
GBPJPY,-1,2020-02-25 08:00:00,2020-02-25 18:00:00,143.297,143.321,143.66906,142.55288,0.294,-2.4,-6.42,-6.51,10,time_exit,29.47149,0.24804,-1.68061,1.01716,london,2020
GBPJPY,1,2020-02-26 03:00:00,2020-02-26 11:00:00,143.262,142.90702,142.90702,143.97195,0.308,-35.5,-99.49,-99.59,8,stop_loss,18.91385,0.23665,-0.96397,0.23666,,2020
GBPJPY,-1,2020-02-26 15:00:00,2020-02-27 01:00:00,142.829,142.457,143.23499,142.01703,0.2666,37.2,90.25,71.16,10,time_exit,17.93106,0.27066,-2.00095,-0.14136,london,2020
GBPJPY,1,2020-02-28 14:00:00,2020-02-28 15:00:00,140.031,139.53636,139.53636,141.02027,0.2208,-49.5,-99.39,-99.46,1,stop_loss,53.76252,0.32976,-4.61448,-3.52703,london,2020
GBPJPY,-1,2020-03-02 04:00:00,2020-03-02 09:00:00,138.293,139.12897,139.12897,136.62106,0.1293,-83.6,-98.36,-98.4,5,stop_loss,61.93909,0.55731,-3.31256,-3.5909,,2020
GBPJPY,-1,2020-03-02 12:00:00,2020-03-02 22:00:00,137.653,138.44878,138.44878,136.06144,0.1345,-79.6,-97.4,-97.44,10,stop_loss,46.82019,0.53052,-3.87752,-4.06712,london,2020
GBPJPY,-1,2020-03-02 22:00:00,2020-03-03 01:00:00,137.793,138.47731,138.47731,136.42438,0.1548,-68.4,-96.4,-100.13,3,stop_loss,40.49021,0.45621,-2.76195,-5.29966,,2020
GBPJPY,-1,2020-03-05 01:00:00,2020-03-05 11:00:00,138.333,138.165,138.79298,137.41304,0.228,16.8,34.86,34.79,10,time_exit,19.2969,0.30665,1.26312,-6.68453,,2020
GBPJPY,-1,2020-03-06 15:00:00,2020-03-06 16:00:00,136.66,137.1338,137.1338,135.7124,0.2222,-47.4,-95.8,-95.87,1,stop_loss,26.06858,0.31587,-2.8937,-5.28591,london,2020
GBPJPY,1,2020-03-09 01:00:00,2020-03-09 02:00:00,136.576,135.93652,135.93652,137.85495,0.163,-63.9,-94.85,-94.9,1,stop_loss,21.02928,0.42632,-1.96584,-3.81708,,2020
GBPJPY,-1,2020-03-09 02:00:00,2020-03-09 04:00:00,135.76,134.30476,136.48762,134.30476,0.1418,145.5,187.78,187.73,2,take_profit,22.88159,0.48508,-3.27617,-3.42108,,2020
GBPJPY,-1,2020-03-10 08:00:00,2020-03-10 13:00:00,136.153,137.13154,137.13154,134.19592,0.1075,-97.9,-95.73,-95.76,5,stop_loss,35.85387,0.65236,1.13577,-3.73697,london,2020
GBPJPY,-1,2020-03-11 15:00:00,2020-03-12 01:00:00,135.298,134.192,136.33734,133.21933,0.1002,110.6,100.85,93.68,10,time_exit,11.92959,0.69289,-0.3352,-2.49463,london,2020
GBPJPY,-1,2020-03-12 04:00:00,2020-03-12 05:00:00,134.101,132.39183,134.95559,132.39183,0.1232,170.9,191.62,191.58,1,take_profit,21.7439,0.56972,-1.74559,-3.20799,,2020
GBPJPY,-1,2020-03-12 17:00:00,2020-03-12 20:00:00,132.189,133.15138,133.15138,130.26424,0.1116,-96.2,-97.74,-97.78,3,stop_loss,33.83965,0.64159,-2.89939,-3.65078,new_york,2020
GBPJPY,1,2020-03-16 14:00:00,2020-03-16 16:00:00,130.22,128.90241,128.90241,132.85518,0.0807,-131.8,-96.76,-96.79,2,stop_loss,27.29193,0.87839,-2.54117,-2.79983,london,2020
GBPJPY,1,2020-03-17 05:00:00,2020-03-17 12:00:00,130.612,129.4685,129.4685,132.89901,0.092,-114.4,-95.73,-95.76,7,stop_loss,27.11714,0.76234,-0.98048,-3.76329,,2020
GBPJPY,-1,2020-03-18 06:00:00,2020-03-18 14:00:00,130.037,128.30779,130.90161,128.30779,0.1205,172.9,189.62,189.58,8,take_profit,12.11299,0.5764,-0.66075,-4.94564,,2020
GBPJPY,1,2020-03-18 19:00:00,2020-03-18 20:00:00,127.557,126.63149,126.63149,129.40801,0.1148,-92.6,-96.69,-96.73,1,stop_loss,32.14664,0.617,-3.39036,-4.94661,new_york,2020
GBPJPY,1,2020-03-19 06:00:00,2020-03-19 15:00:00,125.27,128.04209,123.88396,128.04209,0.0759,277.2,191.47,191.45,9,take_profit,51.95859,0.92403,-3.12205,-4.1021,,2020
GBPJPY,-1,2020-03-20 09:00:00,2020-03-20 10:00:00,128.281,129.42948,129.42948,125.98405,0.0934,-114.8,-97.61,-97.64,1,stop_loss,23.23015,0.76565,0.80526,-4.13319,london,2020
GBPJPY,1,2020-03-26 12:00:00,2020-03-26 19:00:00,131.255,133.33749,130.21376,133.33749,0.102,208.2,193.3,193.27,7,take_profit,19.11338,0.69416,0.43692,0.67897,london,2020
GBPJPY,1,2020-03-30 09:00:00,2020-03-30 19:00:00,133.739,133.673,132.84138,135.53423,0.1207,-6.6,-7.25,-7.29,10,time_exit,12.38751,0.59841,1.40413,2.45054,london,2020
GBPJPY,1,2020-04-02 02:00:00,2020-04-02 12:00:00,132.883,133.712,132.3156,134.0178,0.1908,82.9,143.94,143.88,10,time_exit,25.06711,0.37827,-0.86265,2.16584,,2020
GBPJPY,-1,2020-04-03 02:00:00,2020-04-03 12:00:00,133.983,133.33,134.54394,132.86112,0.1958,65.3,116.35,116.29,10,time_exit,16.28577,0.37396,1.71996,1.98061,,2020
GBPJPY,1,2020-04-06 09:00:00,2020-04-06 19:00:00,133.511,134.152,132.96012,134.61277,0.2017,64.1,117.65,117.59,10,time_exit,20.99376,0.36726,0.79785,1.24198,london,2020
GBPJPY,1,2020-04-07 22:00:00,2020-04-08 08:00:00,134.299,134.339,133.64887,135.59926,0.1729,4.0,6.29,8.33,10,time_exit,16.63933,0.43342,0.93522,1.69491,,2020
GBPJPY,-1,2020-04-08 09:00:00,2020-04-08 16:00:00,134.34,134.833,134.833,133.35401,0.2281,-49.3,-102.33,-102.4,7,stop_loss,16.15916,0.32866,1.12514,2.16226,london,2020
GBPJPY,-1,2020-04-09 08:00:00,2020-04-09 13:00:00,134.963,135.38477,135.38477,134.11946,0.264,-42.2,-101.33,-101.41,5,stop_loss,24.74631,0.28118,1.84253,3.16735,london,2020
GBPJPY,-1,2020-04-09 17:00:00,2020-04-10 03:00:00,135.517,135.144,136.0086,134.5338,0.2242,37.3,76.1,70.7,10,time_exit,25.84839,0.32773,2.60626,2.97245,new_york,2020
GBPJPY,-1,2020-04-10 14:00:00,2020-04-13 00:00:00,135.298,135.176,135.63571,134.62257,0.3288,12.2,36.5,12.96,10,time_exit,11.8256,0.22514,1.56819,4.33356,london,2020
GBPJPY,1,2020-04-13 02:00:00,2020-04-13 04:00:00,135.014,134.71595,134.71595,135.61011,0.3739,-29.8,-101.41,-101.53,2,stop_loss,13.80801,0.1987,-0.04206,4.66931,,2020
GBPJPY,1,2020-04-14 04:00:00,2020-04-14 07:00:00,134.803,135.37713,134.51594,135.37713,0.3844,57.4,200.83,200.71,3,take_profit,26.30839,0.19138,-0.3384,3.16397,,2020
GBPJPY,1,2020-04-14 15:00:00,2020-04-15 01:00:00,134.807,135.296,134.4472,135.52661,0.3128,48.9,139.19,142.89,10,time_exit,21.40808,0.23987,-0.58192,2.49391,london,2020
GBPJPY,-1,2020-04-15 09:00:00,2020-04-15 13:00:00,134.771,134.11473,135.09914,134.11473,0.3476,65.6,207.59,207.48,4,take_profit,13.79311,0.21876,-1.22393,2.56068,london,2020
GBPJPY,-1,2020-04-17 01:00:00,2020-04-17 11:00:00,134.829,134.083,135.25627,133.97446,0.2723,74.6,184.85,184.76,10,time_exit,21.70591,0.28485,1.04331,0.2393,,2020
GBPJPY,-1,2020-04-20 03:00:00,2020-04-20 13:00:00,134.455,134.267,134.81304,133.73892,0.3306,18.8,56.56,56.45,10,time_exit,14.23579,0.23869,-0.0156,0.01075,,2020
GBPJPY,1,2020-04-20 15:00:00,2020-04-21 01:00:00,134.091,134.012,133.74902,134.77496,0.3479,-7.9,-25.01,-20.9,10,time_exit,13.62363,0.22799,-1.48244,-0.09616,london,2020
GBPJPY,-1,2020-04-21 02:00:00,2020-04-21 05:00:00,134.012,133.33403,134.35098,133.33403,0.3502,67.8,216.06,215.95,3,take_profit,13.56854,0.22599,-1.23332,-0.52043,,2020
GBPJPY,-1,2020-04-21 19:00:00,2020-04-21 22:00:00,132.049,132.56258,132.56258,131.02184,0.2358,-51.4,-110.2,-110.28,3,stop_loss,37.45593,0.34239,-4.50524,-1.72503,new_york,2020
GBPJPY,-1,2020-04-22 06:00:00,2020-04-22 12:00:00,132.454,132.85506,132.85506,131.65188,0.2989,-40.1,-109.09,-109.19,6,stop_loss,24.69495,0.26737,-2.74528,-3.04452,,2020
GBPJPY,-1,2020-04-22 12:00:00,2020-04-22 13:00:00,132.747,133.17155,133.17155,131.89791,0.2795,-42.5,-107.98,-108.07,1,stop_loss,20.55476,0.28303,-1.01454,-3.10189,london,2020
GBPJPY,-1,2020-04-23 00:00:00,2020-04-23 08:00:00,132.875,133.29119,133.29119,132.04262,0.2823,-41.6,-106.92,-107.01,8,stop_loss,16.33159,0.27746,-0.33529,-2.94771,,2020
GBPJPY,-1,2020-04-23 13:00:00,2020-04-23 16:00:00,132.898,133.32345,133.32345,132.0471,0.2733,-42.5,-105.81,-105.9,3,stop_loss,14.6381,0.28363,-0.19637,-2.59604,london,2020
GBPJPY,1,2020-04-23 22:00:00,2020-04-24 08:00:00,132.95,132.813,132.37812,134.09376,0.2013,-13.7,-25.1,-22.72,10,time_exit,14.69623,0.38125,0.0185,-1.78672,,2020
GBPJPY,1,2020-04-27 02:00:00,2020-04-27 12:00:00,132.859,133.257,132.49738,133.58223,0.3176,39.8,115.03,114.93,10,time_exit,10.57277,0.24108,0.05761,-2.40631,,2020
GBPJPY,-1,2020-04-28 21:00:00,2020-04-29 07:00:00,132.96,132.913,133.27366,132.33269,0.3702,4.7,15.83,6.92,10,time_exit,20.35026,0.2091,-0.70429,-1.11664,new_york,2020
GBPJPY,-1,2020-04-29 12:00:00,2020-04-29 14:00:00,132.512,131.97403,132.78099,131.97403,0.4323,53.8,211.63,211.49,2,take_profit,18.91395,0.17932,-2.52887,-1.67125,london,2020
GBPJPY,1,2020-04-30 00:00:00,2020-04-30 10:00:00,132.962,132.889,132.6402,133.6056,0.3686,-7.3,-24.49,-24.61,10,time_exit,18.05984,0.21453,0.65196,-1.71822,,2020
GBPJPY,-1,2020-04-30 11:00:00,2020-04-30 12:00:00,132.891,133.20366,133.20366,132.26568,0.3785,-31.3,-107.69,-107.81,1,stop_loss,13.63216,0.20844,0.25853,-1.51778,london,2020
GBPJPY,-1,2020-04-30 13:00:00,2020-04-30 17:00:00,133.33,133.66214,133.66214,132.66572,0.3527,-33.2,-106.6,-106.71,4,stop_loss,13.22317,0.22143,2.11581,-1.30844,london,2020
GBPJPY,-1,2020-05-04 06:00:00,2020-05-04 16:00:00,132.972,132.883,133.39326,132.12947,0.2753,8.9,22.3,22.21,10,time_exit,23.04159,0.28084,-2.32621,0.69224,,2020
GBPJPY,-1,2020-05-04 16:00:00,2020-05-05 02:00:00,132.779,132.775,133.21924,131.89851,0.264,0.4,0.96,-5.4,10,time_exit,22.34575,0.2935,-1.98783,-0.03743,new_york,2020
GBPJPY,-1,2020-05-05 09:00:00,2020-05-05 19:00:00,132.933,132.502,133.19021,132.41858,0.4518,43.1,177.2,177.06,10,time_exit,16.71465,0.17147,-0.91553,-1.12906,london,2020
GBPJPY,-1,2020-05-08 01:00:00,2020-05-08 03:00:00,131.348,131.74782,131.74782,130.54836,0.2955,-40.0,-107.51,-107.6,2,stop_loss,29.19928,0.26655,-0.81483,-3.57157,,2020
GBPJPY,-1,2020-05-08 11:00:00,2020-05-08 17:00:00,131.748,132.08346,132.08346,131.07708,0.3487,-33.5,-106.45,-106.56,6,stop_loss,28.87154,0.22364,0.50541,-3.63754,london,2020
GBPJPY,-1,2020-05-11 06:00:00,2020-05-11 09:00:00,132.746,133.10454,133.10454,132.02893,0.323,-35.9,-105.38,-105.48,3,stop_loss,37.91093,0.23902,3.0031,-1.65556,,2020
GBPJPY,-1,2020-05-12 00:00:00,2020-05-12 10:00:00,132.769,132.754,133.17556,131.95588,0.282,1.5,3.85,3.76,10,time_exit,25.54903,0.27104,1.50027,-0.36706,,2020
GBPJPY,-1,2020-05-14 14:00:00,2020-05-14 22:00:00,130.626,131.03325,131.03325,129.8115,0.2816,-40.7,-104.36,-104.45,8,stop_loss,28.97384,0.2715,-2.06009,-2.9441,london,2020
GBPJPY,1,2020-05-15 04:00:00,2020-05-15 06:00:00,131.245,130.84386,130.84386,132.04728,0.283,-40.1,-103.31,-103.4,2,stop_loss,22.83262,0.26743,0.68393,-2.89586,,2020
GBPJPY,-1,2020-05-18 00:00:00,2020-05-18 09:00:00,129.392,129.79138,129.79138,128.59325,0.2814,-39.9,-102.27,-102.36,9,stop_loss,29.03463,0.26625,-3.98723,-3.43447,,2020
GBPJPY,-1,2020-05-18 22:00:00,2020-05-19 08:00:00,130.945,131.013,131.35725,130.12051,0.2699,-6.8,-16.7,-23.2,10,time_exit,32.90706,0.27483,1.88351,-3.179,,2020
GBPJPY,1,2020-05-19 15:00:00,2020-05-20 01:00:00,131.838,132.089,131.41704,132.67992,0.2639,25.1,60.28,63.4,10,time_exit,38.37697,0.28064,3.48767,-1.54131,london,2020
GBPJPY,-1,2020-05-20 01:00:00,2020-05-20 03:00:00,131.899,132.32123,132.32123,131.05454,0.2646,-42.2,-101.67,-101.75,2,stop_loss,43.84757,0.28149,2.23886,-0.35773,,2020
GBPJPY,-1,2020-05-20 06:00:00,2020-05-20 16:00:00,132.106,131.974,132.4958,131.3264,0.2838,13.2,34.09,34.0,10,time_exit,42.42693,0.25987,2.5758,0.10937,,2020
GBPJPY,1,2020-05-20 16:00:00,2020-05-20 19:00:00,131.92,131.51101,131.51101,132.73798,0.2714,-40.9,-101.01,-101.1,3,stop_loss,26.27187,0.27266,1.14916,0.53407,new_york,2020
GBPJPY,-1,2020-05-21 13:00:00,2020-05-21 23:00:00,131.811,131.522,132.13519,131.16263,0.3389,28.9,89.13,80.97,10,time_exit,15.73263,0.21612,1.14387,0.40429,london,2020
GBPJPY,1,2020-05-22 07:00:00,2020-05-22 10:00:00,131.35,131.02626,131.02626,131.99747,0.3424,-32.4,-100.87,-100.98,3,stop_loss,10.73913,0.21582,-1.04585,0.37108,london,2020
GBPJPY,1,2020-05-25 01:00:00,2020-05-25 11:00:00,130.933,131.245,130.62688,131.54523,0.3585,31.2,101.79,101.68,10,time_exit,14.14009,0.20408,-1.63079,-0.71431,,2020
GBPJPY,1,2020-05-26 01:00:00,2020-05-26 04:00:00,131.25,131.68691,131.03155,131.68691,0.5074,43.7,201.74,201.58,3,take_profit,13.83399,0.14564,-0.0287,-0.82537,,2020
GBPJPY,1,2020-05-26 09:00:00,2020-05-26 10:00:00,131.8,132.24591,131.57705,132.24591,0.5071,44.6,205.77,205.61,1,take_profit,22.42264,0.14864,2.93999,-0.22933,london,2020
GBPJPY,-1,2020-05-26 12:00:00,2020-05-26 16:00:00,132.54,132.81968,132.81968,131.98065,0.4123,-28.0,-104.93,-105.06,4,stop_loss,31.32442,0.18645,5.74647,0.25715,london,2020
GBPJPY,-1,2020-05-26 18:00:00,2020-05-27 03:00:00,132.996,132.33287,133.32757,132.33287,0.3443,66.3,207.77,199.48,9,take_profit,42.76598,0.22104,5.72444,1.06511,new_york,2020
GBPJPY,1,2020-05-27 19:00:00,2020-05-28 05:00:00,131.831,132.3,131.35418,132.78464,0.2442,46.9,104.22,113.04,10,time_exit,23.80345,0.31788,-1.06626,1.45043,new_york,2020
GBPJPY,1,2020-05-28 07:00:00,2020-05-28 17:00:00,132.075,132.74218,131.74141,132.74218,0.3525,66.7,214.02,213.91,10,take_profit,16.50166,0.22239,-0.34254,1.78497,london,2020
GBPJPY,-1,2020-05-29 23:00:00,2020-06-01 04:00:00,133.16,133.63271,133.63271,132.21459,0.2537,-47.3,-109.13,-121.27,5,stop_loss,22.62538,0.31514,2.29615,1.43045,,2020
GBPJPY,-1,2020-06-01 07:00:00,2020-06-01 16:00:00,133.315,133.7988,133.7988,132.3474,0.2454,-48.4,-108.04,-108.12,9,stop_loss,28.11583,0.32253,2.03424,1.78529,london,2020
GBPJPY,-1,2020-06-03 04:00:00,2020-06-03 14:00:00,136.899,136.421,137.36678,135.96345,0.2513,47.8,109.31,109.23,10,time_exit,57.62203,0.31185,6.25495,5.80898,,2020
GBPJPY,-1,2020-06-04 02:00:00,2020-06-04 12:00:00,137.021,136.521,137.43315,136.1967,0.2881,50.0,131.09,131.0,10,time_exit,35.25181,0.27477,3.44707,8.02638,,2020
GBPJPY,-1,2020-06-05 17:00:00,2020-06-05 18:00:00,139.003,139.59371,139.59371,137.82158,0.2034,-59.1,-109.34,-109.4,1,stop_loss,35.49693,0.39381,4.33387,5.79957,new_york,2020
GBPJPY,1,2020-06-08 07:00:00,2020-06-08 12:00:00,139.131,138.64062,138.64062,140.11176,0.2426,-49.0,-108.26,-108.34,5,stop_loss,44.15662,0.32692,3.26119,7.71273,london,2020
GBPJPY,-1,2020-06-11 00:00:00,2020-06-11 07:00:00,136.487,135.54997,136.95551,135.54997,0.2514,93.7,214.37,214.29,7,take_profit,17.70824,0.31234,-2.01916,2.49964,,2020
GBPJPY,1,2020-06-11 21:00:00,2020-06-12 01:00:00,134.718,134.20279,134.20279,135.74842,0.2332,-51.5,-109.33,-106.57,4,stop_loss,50.34301,0.34347,-4.38964,-0.05451,new_york,2020
GBPJPY,1,2020-06-12 04:00:00,2020-06-12 08:00:00,133.932,134.91899,133.43851,134.91899,0.241,98.7,216.46,216.38,4,take_profit,59.02062,0.329,-5.6129,-1.03821,,2020
GBPJPY,-1,2020-06-12 22:00:00,2020-06-15 08:00:00,134.199,133.693,134.79958,132.99783,0.202,50.6,93.01,78.55,10,time_exit,32.73901,0.40039,-2.75526,-1.52525,,2020
GBPJPY,1,2020-06-15 15:00:00,2020-06-16 01:00:00,134.71,135.63,134.12396,135.88208,0.2087,92.0,174.72,177.19,10,time_exit,19.94637,0.39069,-0.20854,-2.21291,london,2020
GBPJPY,1,2020-06-16 15:00:00,2020-06-16 17:00:00,135.755,135.18691,135.18691,136.89118,0.2187,-56.8,-113.06,-113.13,2,stop_loss,27.50557,0.37873,1.24585,-0.90416,london,2020
GBPJPY,1,2020-06-16 19:00:00,2020-06-17 05:00:00,135.078,134.527,134.40539,136.42321,0.1829,-55.1,-91.71,-89.55,10,time_exit,24.68422,0.4484,-0.49096,-0.71033,new_york,2020
GBPJPY,-1,2020-06-17 07:00:00,2020-06-17 17:00:00,134.629,134.482,135.14798,133.59103,0.235,14.7,31.44,31.37,10,time_exit,21.14225,0.34599,-1.43794,-1.16799,london,2020
GBPJPY,-1,2020-06-18 00:00:00,2020-06-18 10:00:00,134.35,133.979,134.82092,133.40817,0.2597,37.1,87.68,87.6,10,time_exit,23.96563,0.31394,-1.63431,-1.6811,,2020
GBPJPY,1,2020-06-19 07:00:00,2020-06-19 13:00:00,132.924,132.51897,132.51897,133.73406,0.3044,-40.5,-112.19,-112.29,6,stop_loss,34.68195,0.27002,-2.80024,-4.29292,london,2020
GBPJPY,1,2020-06-19 14:00:00,2020-06-19 19:00:00,132.395,131.97572,131.97572,133.23355,0.2911,-41.9,-111.07,-111.16,5,stop_loss,30.45091,0.27952,-3.83454,-4.418,london,2020
GBPJPY,-1,2020-06-22 13:00:00,2020-06-22 17:00:00,132.597,133.02353,133.02353,131.74395,0.2833,-42.7,-109.96,-110.05,4,stop_loss,23.86993,0.28435,-0.52189,-5.10099,london,2020
GBPJPY,-1,2020-06-23 05:00:00,2020-06-23 10:00:00,133.436,133.87253,133.87253,132.56293,0.274,-43.7,-108.85,-108.94,5,stop_loss,23.2067,0.29102,1.63122,-3.71527,,2020
GBPJPY,1,2020-06-23 17:00:00,2020-06-24 03:00:00,132.652,133.498,132.11022,133.73557,0.2186,84.6,168.29,170.87,10,time_exit,15.29671,0.36119,-1.36609,-2.31565,new_york,2020
GBPJPY,-1,2020-06-25 07:00:00,2020-06-25 11:00:00,133.072,133.43582,133.43582,132.34436,0.3305,-36.4,-109.42,-109.53,4,stop_loss,17.32499,0.24255,-0.18211,-2.47499,london,2020
GBPJPY,1,2020-06-26 09:00:00,2020-06-26 10:00:00,133.043,132.76495,132.76495,133.59911,0.4281,-27.8,-108.32,-108.46,1,stop_loss,8.23103,0.18537,-0.44463,-2.47621,london,2020
GBPJPY,1,2020-06-26 14:00:00,2020-06-26 17:00:00,132.666,132.3489,132.3489,133.3002,0.3717,-31.7,-107.26,-107.38,3,stop_loss,16.64567,0.2114,-1.80555,-2.34228,london,2020
GBPJPY,-1,2020-06-30 08:00:00,2020-06-30 17:00:00,132.506,132.77897,132.77897,131.96006,0.4274,-27.3,-106.17,-106.31,9,stop_loss,14.40058,0.18198,0.05296,-3.51067,london,2020
GBPJPY,-1,2020-07-06 14:00:00,2020-07-07 00:00:00,134.396,134.094,134.64681,133.89439,0.4605,30.2,126.55,115.46,10,time_exit,19.66985,0.1672,1.49589,2.92965,london,2020
GBPJPY,-1,2020-07-08 11:00:00,2020-07-08 16:00:00,134.879,135.16624,135.16624,134.30452,0.4069,-28.7,-106.36,-106.49,5,stop_loss,27.13344,0.19149,1.0386,3.43401,london,2020
GBPJPY,1,2020-07-09 08:00:00,2020-07-09 17:00:00,135.504,135.24017,135.24017,136.03166,0.4386,-26.4,-105.3,-105.44,9,stop_loss,19.62344,0.17589,2.86722,4.27721,london,2020
GBPJPY,-1,2020-07-10 12:00:00,2020-07-10 13:00:00,134.487,134.75814,134.75814,133.94472,0.4225,-27.1,-104.25,-104.38,1,stop_loss,35.78234,0.18076,-2.96949,3.09874,london,2020
GBPJPY,1,2020-07-13 03:00:00,2020-07-13 13:00:00,134.992,134.951,134.71659,135.54281,0.4118,-4.1,-15.36,-15.49,10,time_exit,16.83418,0.1836,0.01458,2.50293,,2020
GBPJPY,1,2020-07-14 02:00:00,2020-07-14 05:00:00,134.728,134.44676,134.44676,135.29047,0.4026,-28.1,-103.04,-103.17,3,stop_loss,17.51616,0.18749,-1.47867,1.98067,,2020
GBPJPY,-1,2020-07-14 16:00:00,2020-07-14 20:00:00,134.338,134.64291,134.64291,133.72818,0.3676,-30.5,-102.0,-102.12,4,stop_loss,23.66922,0.20327,-2.19153,0.81803,new_york,2020
GBPJPY,-1,2020-07-15 09:00:00,2020-07-15 19:00:00,134.89,134.59,135.14354,134.38293,0.4377,30.0,119.49,119.35,10,time_exit,14.83546,0.16902,0.8121,0.73011,london,2020
GBPJPY,-1,2020-07-15 21:00:00,2020-07-16 07:00:00,134.587,134.221,134.92465,133.91169,0.3325,36.6,110.74,86.94,10,time_exit,15.52091,0.2251,-0.7651,0.504,new_york,2020
GBPJPY,-1,2020-07-17 15:00:00,2020-07-20 01:00:00,134.514,134.497,134.79431,133.95337,0.4049,1.7,6.26,-22.73,10,time_exit,18.75516,0.18688,-0.58473,0.00403,london,2020
GBPJPY,-1,2020-07-24 00:00:00,2020-07-24 06:00:00,136.129,135.51144,136.43778,135.51144,0.3678,61.8,206.7,206.58,6,take_profit,18.08021,0.20585,0.01371,3.32694,,2020
GBPJPY,1,2020-07-24 06:00:00,2020-07-24 07:00:00,135.855,135.56906,135.56906,136.42688,0.4051,-28.6,-105.41,-105.54,1,stop_loss,20.76257,0.19063,-1.25314,3.24749,,2020
GBPJPY,-1,2020-07-29 01:00:00,2020-07-29 11:00:00,135.837,136.035,136.12678,135.25745,0.3957,-19.8,-71.3,-71.43,10,time_exit,14.25616,0.19318,0.5236,0.96419,,2020
GBPJPY,-1,2020-07-29 12:00:00,2020-07-29 14:00:00,136.036,136.30048,136.30048,135.50704,0.4306,-26.4,-103.64,-103.78,2,stop_loss,10.839,0.17632,1.48732,1.09174,london,2020
GBPJPY,1,2020-07-31 17:00:00,2020-07-31 18:00:00,139.088,138.64832,138.64832,139.96735,0.2564,-44.0,-102.59,-102.67,1,stop_loss,33.21545,0.29312,7.29043,2.84881,new_york,2020
GBPJPY,-1,2020-07-31 18:00:00,2020-08-03 04:00:00,138.758,138.683,139.23999,137.79403,0.2316,7.5,15.81,-0.77,10,time_exit,35.98287,0.32132,5.40294,2.73745,new_york,2020
GBPJPY,1,2020-08-03 07:00:00,2020-08-03 12:00:00,138.557,138.13734,138.13734,139.39632,0.2664,-42.0,-101.74,-101.82,5,stop_loss,46.08258,0.27977,3.16923,4.37255,london,2020
GBPJPY,-1,2020-08-04 05:00:00,2020-08-04 14:00:00,138.789,138.1425,139.11225,138.1425,0.3423,64.6,201.38,201.27,9,take_profit,20.55175,0.2155,2.91535,6.08395,,2020
GBPJPY,1,2020-08-04 21:00:00,2020-08-05 07:00:00,138.198,138.258,137.87144,138.85112,0.3456,6.0,18.87,22.96,10,time_exit,19.17956,0.21771,-0.22429,5.37852,new_york,2020
GBPJPY,-1,2020-08-05 20:00:00,2020-08-06 06:00:00,138.545,138.58,138.88211,137.87078,0.3354,-3.5,-10.68,-34.69,10,time_exit,13.63936,0.22474,0.8122,4.52322,new_york,2020
GBPJPY,-1,2020-08-06 09:00:00,2020-08-06 10:00:00,138.474,138.73217,138.73217,137.95766,0.4375,-25.8,-102.78,-102.92,1,stop_loss,7.72418,0.17211,0.23691,5.48698,london,2020
GBPJPY,-1,2020-08-11 13:00:00,2020-08-11 14:00:00,138.914,139.14266,139.14266,138.45669,0.489,-22.9,-101.75,-101.91,1,stop_loss,21.58351,0.15244,2.41593,3.3411,london,2020
GBPJPY,1,2020-08-11 16:00:00,2020-08-12 02:00:00,139.021,138.981,138.76695,139.52911,0.4357,-4.0,-15.86,-10.71,10,time_exit,25.6225,0.16937,2.48994,3.14323,new_york,2020
GBPJPY,-1,2020-08-12 17:00:00,2020-08-12 18:00:00,139.16,139.43981,139.43981,138.60037,0.395,-28.0,-100.58,-100.71,1,stop_loss,19.0526,0.18654,0.99736,3.53962,new_york,2020
GBPJPY,1,2020-08-17 10:00:00,2020-08-17 11:00:00,139.591,139.35673,139.35673,140.05955,0.467,-23.4,-99.56,-99.71,1,stop_loss,9.13538,0.15618,0.24279,4.01209,london,2020
GBPJPY,1,2020-08-17 21:00:00,2020-08-18 06:00:00,138.913,138.64311,138.64311,139.45278,0.4013,-27.0,-98.56,-93.81,9,stop_loss,23.00417,0.17993,-2.67247,2.47861,new_york,2020
GBPJPY,1,2020-08-18 09:00:00,2020-08-18 16:00:00,138.757,139.20082,138.53509,139.20082,0.4832,44.4,195.15,195.0,7,take_profit,35.97171,0.14794,-2.8817,1.66605,london,2020
GBPJPY,1,2020-08-18 21:00:00,2020-08-19 07:00:00,139.538,139.742,139.24116,140.13168,0.3684,20.4,68.39,72.75,10,time_exit,27.84279,0.19789,1.77256,1.13209,new_york,2020
GBPJPY,1,2020-08-19 14:00:00,2020-08-19 21:00:00,139.162,138.86496,138.86496,139.75608,0.3707,-29.7,-100.2,-100.32,7,stop_loss,28.05488,0.19803,-1.10126,1.62507,london,2020
GBPJPY,1,2020-08-21 00:00:00,2020-08-21 10:00:00,139.805,139.563,139.4746,140.46579,0.3299,-24.2,-72.65,-72.76,10,time_exit,25.24885,0.22026,2.48253,0.72603,,2020
GBPJPY,-1,2020-08-24 04:00:00,2020-08-24 10:00:00,138.429,138.78156,138.78156,137.72387,0.3069,-35.3,-98.46,-98.56,6,stop_loss,31.5619,0.23504,-2.57627,-0.18985,,2020
GBPJPY,1,2020-08-28 01:00:00,2020-08-28 05:00:00,140.664,141.28228,140.35486,141.28228,0.3465,61.8,194.95,194.84,4,take_profit,32.01461,0.20609,3.00997,2.89483,,2020
GBPJPY,1,2020-08-31 07:00:00,2020-08-31 17:00:00,140.918,141.65764,140.54818,141.65764,0.2954,74.0,198.82,198.73,10,take_profit,14.50811,0.24655,1.6834,2.95008,london,2020
GBPJPY,1,2020-08-31 17:00:00,2020-08-31 18:00:00,141.278,141.97772,140.92814,141.97772,0.3185,70.0,202.8,202.7,1,take_profit,12.87023,0.23324,2.53357,3.36648,new_york,2020
GBPJPY,-1,2020-08-31 22:00:00,2020-09-01 08:00:00,141.632,141.745,142.01944,140.85712,0.2934,-11.3,-30.17,-37.23,10,time_exit,25.28145,0.25829,2.97602,3.39253,,2020
GBPJPY,-1,2020-09-01 08:00:00,2020-09-01 12:00:00,141.778,142.10701,142.10701,141.11998,0.3445,-32.9,-103.14,-103.25,4,stop_loss,32.65727,0.21934,3.07531,4.39954,london,2020
GBPJPY,1,2020-09-01 12:00:00,2020-09-01 14:00:00,141.909,142.57129,141.57786,142.57129,0.3388,66.2,204.19,204.08,2,take_profit,36.00265,0.22076,3.16114,4.55535,london,2020
GBPJPY,1,2020-09-02 09:00:00,2020-09-02 10:00:00,141.892,141.61408,141.61408,142.44784,0.4118,-27.8,-104.15,-104.28,1,stop_loss,19.54122,0.18528,1.26749,5.97307,london,2020
GBPJPY,-1,2020-09-02 11:00:00,2020-09-02 12:00:00,141.455,141.76678,141.76678,140.83144,0.3634,-31.2,-103.1,-103.22,1,stop_loss,21.70078,0.20785,-0.9542,5.20505,london,2020
GBPJPY,-1,2020-09-02 20:00:00,2020-09-03 06:00:00,141.506,141.616,141.88768,140.74263,0.2938,-11.0,-29.41,-50.44,10,time_exit,30.6615,0.25446,-0.49853,3.82101,new_york,2020
GBPJPY,1,2020-09-03 11:00:00,2020-09-03 17:00:00,141.27,140.96456,140.96456,141.88087,0.3661,-30.5,-101.76,-101.88,6,stop_loss,30.11333,0.20362,-1.61033,3.98556,london,2020
GBPJPY,-1,2020-09-04 00:00:00,2020-09-04 10:00:00,140.903,141.129,141.27104,140.16691,0.3008,-22.6,-61.86,-61.96,10,time_exit,31.38363,0.24536,-1.38354,2.21568,,2020
GBPJPY,1,2020-09-04 10:00:00,2020-09-04 11:00:00,140.756,141.37072,140.44864,141.37072,0.3579,61.5,200.21,200.1,1,take_profit,28.54651,0.20491,-2.24983,1.90247,london,2020
GBPJPY,-1,2020-09-04 14:00:00,2020-09-04 17:00:00,141.024,140.29945,141.38628,140.29945,0.3098,72.5,204.26,204.16,3,take_profit,23.146,0.24152,-0.77903,1.53573,london,2020
GBPJPY,1,2020-09-07 22:00:00,2020-09-08 07:00:00,139.967,139.60525,139.60525,140.69049,0.3164,-36.2,-104.16,-100.42,9,stop_loss,39.50454,0.24116,-2.52262,-0.63457,,2020
GBPJPY,1,2020-09-09 08:00:00,2020-09-09 09:00:00,137.321,136.97317,136.97317,138.01665,0.3258,-34.8,-103.12,-103.22,1,stop_loss,72.68921,0.23188,-6.59129,-5.3709,london,2020
GBPJPY,1,2020-09-10 02:00:00,2020-09-10 12:00:00,138.132,138.194,137.69352,139.00895,0.2558,6.2,14.43,14.35,10,time_exit,38.95831,0.29232,-0.51989,-4.83985,,2020
GBPJPY,-1,2020-09-11 16:00:00,2020-09-14 02:00:00,135.99,135.946,136.50305,134.9639,0.2189,4.4,8.76,-6.91,10,time_exit,32.20666,0.34203,-2.60379,-5.47636,new_york,2020
GBPJPY,1,2020-09-15 18:00:00,2020-09-16 04:00:00,135.566,135.895,135.18246,136.33308,0.2931,32.9,87.75,91.22,10,time_exit,19.40748,0.25569,-2.04578,-6.10893,new_york,2020
GBPJPY,1,2020-09-16 21:00:00,2020-09-17 03:00:00,136.155,135.78873,135.78873,136.88753,0.3096,-36.6,-103.19,-92.01,6,stop_loss,14.44216,0.24418,0.47954,-5.01172,new_york,2020
GBPJPY,-1,2020-09-18 15:00:00,2020-09-21 01:00:00,135.385,135.135,135.77491,134.60518,0.2879,25.0,65.5,44.89,10,time_exit,14.54983,0.25994,-1.42672,-3.75034,london,2020
GBPJPY,1,2020-09-21 02:00:00,2020-09-21 10:00:00,135.135,134.78451,134.78451,135.83598,0.3223,-35.0,-102.8,-102.9,8,stop_loss,18.37904,0.23366,-1.76825,-4.37138,,2020
GBPJPY,1,2020-09-21 11:00:00,2020-09-21 12:00:00,134.379,134.01949,134.01949,135.09802,0.3111,-36.0,-101.78,-101.88,1,stop_loss,19.44326,0.23967,-4.24771,-4.33833,london,2020
GBPJPY,1,2020-09-22 01:00:00,2020-09-22 10:00:00,134.091,133.68035,133.68035,134.91229,0.2696,-41.1,-100.75,-100.84,9,stop_loss,26.9142,0.27376,-2.54922,-4.8476,,2020
GBPJPY,1,2020-09-22 21:00:00,2020-09-23 07:00:00,133.605,133.617,133.08513,134.64475,0.2108,1.2,2.3,4.79,10,time_exit,23.28173,0.34658,-1.89477,-4.16855,new_york,2020
GBPJPY,1,2020-09-23 23:00:00,2020-09-24 09:00:00,134.029,133.691,133.5861,134.91479,0.2475,-33.8,-76.13,-76.21,10,time_exit,21.03643,0.29526,0.03827,-4.27369,,2020
GBPJPY,-1,2020-09-24 19:00:00,2020-09-25 05:00:00,134.277,134.502,134.72647,133.37806,0.242,-22.5,-49.55,-55.38,10,time_exit,14.53262,0.29965,0.61394,-3.26917,new_york,2020
GBPJPY,-1,2020-09-30 01:00:00,2020-09-30 11:00:00,135.833,135.453,136.20025,135.09849,0.2947,38.0,101.91,101.82,10,time_exit,32.61133,0.24484,1.5655,1.28768,,2020
GBPJPY,1,2020-09-30 21:00:00,2020-10-01 08:00:00,136.192,136.558,135.76117,137.05366,0.2538,36.6,84.53,93.69,10,time_exit,26.37368,0.28722,1.82895,1.41749,new_york,2020
GBPJPY,1,2020-10-02 03:00:00,2020-10-02 07:00:00,136.007,135.5797,135.5797,136.8616,0.2581,-42.7,-100.36,-100.44,4,stop_loss,15.48473,0.28487,0.10785,1.74043,,2020
GBPJPY,1,2020-10-05 02:00:00,2020-10-05 12:00:00,136.434,136.79,135.97192,137.35816,0.2362,35.6,76.52,76.44,10,time_exit,9.63772,0.30805,1.28904,1.42622,,2020
GBPJPY,1,2020-10-05 21:00:00,2020-10-06 07:00:00,137.148,137.19,136.77455,137.8949,0.2946,4.2,11.26,14.74,10,time_exit,12.56532,0.24897,2.81466,2.61083,new_york,2020
GBPJPY,-1,2020-10-07 03:00:00,2020-10-07 10:00:00,136.105,136.54009,136.54009,135.23481,0.2531,-43.5,-100.21,-100.29,7,stop_loss,28.49801,0.29006,-1.87159,2.00026,,2020
GBPJPY,-1,2020-10-07 10:00:00,2020-10-07 11:00:00,136.463,136.81991,136.81991,135.74917,0.3054,-35.7,-99.19,-99.29,1,stop_loss,26.2741,0.23794,-0.36306,1.97335,london,2020
GBPJPY,1,2020-10-09 10:00:00,2020-10-09 11:00:00,137.232,136.99795,136.99795,137.7001,0.4611,-23.4,-98.21,-98.36,1,stop_loss,8.71963,0.15603,1.66189,3.49803,london,2020
GBPJPY,-1,2020-10-12 00:00:00,2020-10-12 10:00:00,137.73,137.547,138.03512,137.11977,0.3502,18.3,58.32,58.21,10,time_exit,17.14767,0.20341,2.98922,2.99557,,2020
GBPJPY,-1,2020-10-12 16:00:00,2020-10-12 18:00:00,137.432,137.69423,137.69423,136.90755,0.4099,-26.2,-97.81,-97.94,2,stop_loss,13.38869,0.17482,0.60451,3.60801,new_york,2020
GBPJPY,-1,2020-10-16 10:00:00,2020-10-16 13:00:00,136.017,136.35388,136.35388,135.34325,0.3158,-33.7,-96.81,-96.91,3,stop_loss,22.76808,0.22458,-1.4364,-1.3905,london,2020
GBPJPY,-1,2020-10-16 15:00:00,2020-10-16 19:00:00,135.92,136.37899,136.37899,135.00201,0.2295,-45.9,-95.86,-95.93,4,stop_loss,21.90873,0.306,-1.16465,-1.11069,london,2020
GBPJPY,-1,2020-10-16 22:00:00,2020-10-19 08:00:00,136.288,136.406,136.74177,135.38047,0.2298,-11.8,-24.68,-41.13,10,time_exit,15.72711,0.30251,0.13397,-1.11331,,2020
GBPJPY,1,2020-10-21 11:00:00,2020-10-21 12:00:00,137.019,136.74892,136.74892,137.55916,0.3851,-27.0,-94.65,-94.77,1,stop_loss,10.21158,0.18005,2.21515,0.08295,london,2020
GBPJPY,-1,2020-10-22 06:00:00,2020-10-22 16:00:00,137.509,137.21,137.78854,136.94992,0.3683,29.9,100.21,100.09,10,time_exit,33.82191,0.18636,2.69577,1.49707,,2020
GBPJPY,1,2020-10-22 18:00:00,2020-10-23 03:00:00,137.218,136.92714,136.92714,137.79971,0.3578,-29.1,-94.7,-90.47,9,stop_loss,24.94692,0.1939,0.64072,1.6179,new_york,2020
GBPJPY,-1,2020-10-23 06:00:00,2020-10-23 10:00:00,136.873,137.12232,137.12232,136.37436,0.4132,-24.9,-93.75,-93.88,4,stop_loss,25.28388,0.16621,-1.38595,1.66804,,2020
GBPJPY,1,2020-10-23 15:00:00,2020-10-23 17:00:00,136.913,136.63796,136.63796,137.46308,0.3708,-27.5,-92.81,-92.93,2,stop_loss,28.30937,0.18336,-0.64573,1.10286,london,2020
GBPJPY,1,2020-10-26 08:00:00,2020-10-26 10:00:00,136.615,136.35144,136.35144,137.14213,0.383,-26.4,-91.86,-91.98,2,stop_loss,18.53979,0.17571,-1.21862,0.17848,london,2020
GBPJPY,1,2020-10-26 11:00:00,2020-10-26 13:00:00,136.446,136.97315,136.18242,136.97315,0.3792,52.7,181.91,181.79,2,take_profit,18.59603,0.17572,-1.9992,0.04333,london,2020
GBPJPY,1,2020-10-27 13:00:00,2020-10-27 23:00:00,136.238,136.235,136.00656,136.70088,0.4404,-0.3,-1.2,4.01,10,time_exit,30.83863,0.15429,-2.52244,-0.71742,london,2020
GBPJPY,-1,2020-10-28 17:00:00,2020-10-28 18:00:00,135.182,135.52759,135.52759,134.49083,0.2949,-34.6,-92.74,-92.83,1,stop_loss,42.9175,0.23039,-4.06664,-1.88106,new_york,2020
GBPJPY,1,2020-10-29 05:00:00,2020-10-29 11:00:00,135.78,135.46758,135.46758,136.40485,0.3229,-31.2,-91.8,-91.9,6,stop_loss,25.66104,0.20828,-0.52894,-2.61117,,2020
GBPJPY,-1,2020-10-30 07:00:00,2020-10-30 08:00:00,135.03,134.45789,135.31606,134.45789,0.3492,57.2,181.8,181.69,1,take_profit,25.14602,0.1907,-2.30302,-3.67149,london,2020
GBPJPY,-1,2020-10-30 09:00:00,2020-10-30 10:00:00,134.539,134.85666,134.85666,133.90367,0.3207,-31.8,-92.71,-92.81,1,stop_loss,28.36861,0.21178,-4.1023,-3.45627,london,2020
GBPJPY,1,2020-10-30 15:00:00,2020-10-30 18:00:00,135.626,135.24147,135.24147,136.39507,0.2623,-38.5,-91.79,-91.87,3,stop_loss,25.935,0.25636,1.06525,-2.83741,london,2020
GBPJPY,1,2020-10-30 18:00:00,2020-11-02 04:00:00,135.348,135.399,134.95106,136.14188,0.2515,5.1,11.67,20.75,10,time_exit,23.10147,0.26463,-0.06768,-2.63422,new_york,2020
GBPJPY,-1,2020-11-02 05:00:00,2020-11-02 15:00:00,135.398,135.382,135.78073,134.63254,0.2612,1.6,3.8,3.72,10,time_exit,16.51698,0.25515,0.07893,-2.4128,,2020
GBPJPY,-1,2020-11-03 07:00:00,2020-11-03 10:00:00,135.279,135.53619,135.53619,134.76462,0.3888,-25.7,-91.0,-91.12,3,stop_loss,17.45278,0.17146,-0.26405,-2.95757,london,2020
GBPJPY,-1,2020-11-03 17:00:00,2020-11-03 18:00:00,136.315,136.65366,136.65366,135.63768,0.2923,-33.9,-90.08,-90.17,1,stop_loss,27.39409,0.22577,3.62192,-1.47571,new_york,2020
GBPJPY,1,2020-11-09 02:00:00,2020-11-09 12:00:00,136.085,136.303,135.7234,136.80819,0.271,21.8,53.76,53.67,10,time_exit,12.12986,0.24106,0.99945,-0.06012,,2020
GBPJPY,-1,2020-11-11 17:00:00,2020-11-12 03:00:00,139.39,139.116,139.83699,138.49603,0.2206,27.4,55.0,39.21,10,time_exit,38.66483,0.29799,1.4253,5.80375,new_york,2020
GBPJPY,-1,2020-11-12 10:00:00,2020-11-12 11:00:00,138.667,138.97999,138.97999,138.04103,0.3169,-31.3,-90.26,-90.36,1,stop_loss,24.48105,0.20866,-1.91302,7.29028,london,2020
GBPJPY,-1,2020-11-16 21:00:00,2020-11-17 07:00:00,137.929,138.108,138.33878,137.10944,0.2396,-17.9,-39.03,-44.8,10,time_exit,13.07532,0.27319,-0.83359,1.36715,new_york,2020
GBPJPY,-1,2020-11-18 02:00:00,2020-11-18 12:00:00,138.099,138.041,138.37938,137.53824,0.3487,5.8,18.4,18.29,10,time_exit,8.8583,0.18692,-0.05169,1.33623,,2020
GBPJPY,1,2020-11-19 04:00:00,2020-11-19 05:00:00,137.474,137.21064,137.21064,138.00072,0.372,-26.3,-89.15,-89.27,1,stop_loss,18.36516,0.17557,-2.66869,0.44982,,2020
GBPJPY,-1,2020-11-20 00:00:00,2020-11-20 07:00:00,137.564,137.88267,137.88267,136.92666,0.3043,-31.9,-88.24,-88.34,7,stop_loss,17.42591,0.21245,-0.53524,-0.42122,,2020
GBPJPY,1,2020-11-20 19:00:00,2020-11-23 05:00:00,138.004,138.187,137.71927,138.57347,0.3372,18.3,56.15,68.33,10,time_exit,16.32015,0.18982,1.39346,-0.26982,new_york,2020
GBPJPY,-1,2020-11-30 11:00:00,2020-11-30 16:00:00,138.948,139.24188,139.24188,138.36024,0.3288,-29.4,-87.93,-88.03,5,stop_loss,21.52197,0.19592,0.35512,0.70545,london,2020
GBPJPY,1,2020-12-01 14:00:00,2020-12-01 18:00:00,139.114,139.85087,138.74556,139.85087,0.2596,73.7,174.08,174.0,4,take_profit,16.0435,0.24562,-0.07904,1.13468,london,2020
GBPJPY,1,2020-12-02 07:00:00,2020-12-02 09:00:00,140.059,139.7516,139.7516,140.67379,0.3174,-30.7,-88.79,-88.89,2,stop_loss,28.98846,0.20493,2.61674,2.46617,london,2020
GBPJPY,-1,2020-12-02 14:00:00,2020-12-02 16:00:00,139.769,139.03703,140.13499,139.03703,0.2639,73.2,175.78,175.7,2,take_profit,23.11761,0.24399,0.70266,2.15407,london,2020
GBPJPY,-1,2020-12-03 11:00:00,2020-12-03 13:00:00,139.732,140.03513,140.03513,139.12574,0.325,-30.3,-89.65,-89.75,2,stop_loss,12.84855,0.20209,0.52327,2.23071,london,2020
GBPJPY,1,2020-12-03 16:00:00,2020-12-03 17:00:00,140.089,139.76562,139.76562,140.73577,0.3016,-32.3,-88.75,-88.85,1,stop_loss,16.14696,0.21559,1.83617,2.21345,new_york,2020
GBPJPY,-1,2020-12-03 20:00:00,2020-12-04 06:00:00,140.09,139.715,140.46319,139.34363,0.2587,37.5,88.28,82.05,10,time_exit,14.67312,0.24879,1.42516,1.96845,new_york,2020
GBPJPY,1,2020-12-04 13:00:00,2020-12-04 23:00:00,140.029,139.988,139.62359,140.83981,0.2405,-4.1,-8.97,-6.13,10,time_exit,14.81809,0.27027,1.0075,1.58756,london,2020
GBPJPY,1,2020-12-07 06:00:00,2020-12-07 09:00:00,139.576,139.19039,139.19039,140.34722,0.2526,-38.6,-88.64,-88.72,3,stop_loss,19.38372,0.25707,-1.1616,1.6994,,2020
GBPJPY,-1,2020-12-07 11:00:00,2020-12-07 15:00:00,138.099,138.57445,138.57445,137.14811,0.2028,-47.5,-87.74,-87.8,4,stop_loss,25.34813,0.31696,-5.23164,1.03722,london,2020
GBPJPY,1,2020-12-08 01:00:00,2020-12-08 11:00:00,139.093,138.841,138.5965,140.086,0.1923,-25.2,-44.1,-44.16,10,time_exit,30.07658,0.331,-0.74525,0.00473,,2020
GBPJPY,1,2020-12-08 13:00:00,2020-12-08 14:00:00,138.952,138.55241,138.55241,139.75117,0.2377,-40.0,-86.43,-86.51,1,stop_loss,25.86848,0.26639,-0.85576,-0.41946,london,2020
GBPJPY,1,2020-12-09 09:00:00,2020-12-09 11:00:00,139.444,140.08736,139.12232,140.08736,0.2923,64.3,171.13,171.04,2,take_profit,13.14841,0.21445,1.3141,-0.45077,london,2020
GBPJPY,1,2020-12-10 11:00:00,2020-12-10 13:00:00,139.12,138.72407,138.72407,139.91185,0.2422,-39.6,-87.26,-87.34,2,stop_loss,20.56835,0.26395,-1.15289,0.31534,london,2020
GBPJPY,1,2020-12-10 13:00:00,2020-12-10 14:00:00,139.029,138.63557,138.63557,139.81585,0.2413,-39.3,-86.39,-86.47,1,stop_loss,22.91693,0.26228,-1.39573,0.23394,london,2020
GBPJPY,1,2020-12-11 01:00:00,2020-12-11 09:00:00,138.625,138.21044,138.21044,139.45411,0.2267,-41.5,-85.52,-85.59,8,stop_loss,34.13431,0.27637,-1.72491,-0.55463,,2020
GBPJPY,1,2020-12-11 09:00:00,2020-12-11 10:00:00,138.581,138.24324,138.24324,139.25653,0.2755,-33.8,-84.68,-84.77,1,stop_loss,30.1255,0.22518,-1.57837,-1.16849,london,2020
GBPJPY,1,2020-12-11 13:00:00,2020-12-11 15:00:00,137.38,136.92526,136.92526,138.28949,0.2026,-45.5,-83.84,-83.9,2,stop_loss,35.5266,0.30316,-4.49311,-1.29619,london,2020
GBPJPY,-1,2020-12-11 16:00:00,2020-12-11 17:00:00,137.141,137.60466,137.60466,136.21367,0.1967,-46.4,-82.99,-83.05,1,stop_loss,41.46092,0.30911,-4.59777,-1.66377,new_york,2020
GBPJPY,1,2020-12-14 01:00:00,2020-12-14 11:00:00,138.514,139.127,137.94422,139.65355,0.1584,61.3,88.36,88.31,10,time_exit,37.66278,0.37985,0.65449,-1.78939,,2020
GBPJPY,1,2020-12-15 09:00:00,2020-12-15 10:00:00,138.788,138.46981,138.46981,139.42438,0.2867,-31.8,-83.02,-83.11,1,stop_loss,15.55085,0.21213,0.7058,-1.2299,london,2020
GBPJPY,1,2020-12-15 18:00:00,2020-12-16 04:00:00,138.988,139.307,138.56274,139.83851,0.2124,31.9,61.66,64.17,10,time_exit,14.22821,0.2835,1.08238,-0.73243,new_york,2020
GBPJPY,-1,2020-12-16 12:00:00,2020-12-16 14:00:00,139.612,139.97658,139.97658,138.88283,0.2496,-36.5,-82.81,-82.89,2,stop_loss,12.55829,0.24306,2.35565,0.29949,london,2020
GBPJPY,1,2020-12-17 01:00:00,2020-12-17 11:00:00,139.676,140.024,139.29687,140.43425,0.2376,34.8,75.24,75.16,10,time_exit,13.76218,0.25275,1.36497,1.0398,,2020
GBPJPY,-1,2020-12-17 14:00:00,2020-12-17 17:00:00,140.348,139.71258,140.66571,139.71258,0.2861,63.5,165.43,165.34,3,take_profit,22.61482,0.21181,3.53742,1.99824,london,2020
GBPJPY,-1,2020-12-17 17:00:00,2020-12-17 18:00:00,139.975,140.32421,140.32421,139.27658,0.2655,-34.9,-84.37,-84.45,1,stop_loss,20.50429,0.23281,1.42006,1.91227,new_york,2020
GBPJPY,1,2020-12-21 21:00:00,2020-12-21 22:00:00,138.194,139.22209,137.67995,139.22209,0.1786,102.8,167.09,167.03,1,take_profit,40.19757,0.3427,-1.50832,-1.14055,new_york,2020
GBPJPY,-1,2020-12-22 09:00:00,2020-12-22 10:00:00,138.56,139.0325,139.0325,137.61499,0.1981,-47.3,-85.18,-85.24,1,stop_loss,23.82867,0.315,-0.5698,-1.07076,london,2020
GBPJPY,1,2020-12-24 16:00:00,2020-12-24 17:00:00,140.886,140.43167,140.43167,141.79465,0.204,-45.4,-84.34,-84.4,1,stop_loss,50.65263,0.30288,3.82042,1.62576,new_york,2020
GBPJPY,-1,2020-12-30 21:00:00,2020-12-31 07:00:00,140.541,140.519,140.87393,139.87515,0.2756,2.2,5.52,-14.21,10,time_exit,26.08378,0.22195,2.29868,1.7199,new_york,2020
GBPJPY,1,2020-12-31 18:00:00,2021-01-04 00:00:00,141.119,140.73996,140.73996,141.87708,0.2422,-37.9,-83.54,-71.85,3,stop_loss,18.34846,0.25269,2.79891,2.24427,new_york,2020
GBPJPY,-1,2021-01-04 12:00:00,2021-01-04 13:00:00,140.481,140.85405,140.85405,139.73491,0.2436,-37.3,-82.7,-82.78,1,stop_loss,14.61227,0.2487,-0.61808,2.58811,london,2021
GBPJPY,-1,2021-01-06 12:00:00,2021-01-06 22:00:00,140.35,140.223,140.66178,139.72645,0.2886,12.7,33.35,33.26,10,time_exit,22.74111,0.20785,1.43049,0.33953,london,2021
GBPJPY,1,2021-01-07 10:00:00,2021-01-07 20:00:00,140.378,140.891,140.06565,141.0027,0.2892,51.3,135.01,134.92,10,time_exit,10.91415,0.20823,0.92529,0.6982,london,2021
GBPJPY,1,2021-01-08 06:00:00,2021-01-08 16:00:00,140.838,141.37468,140.56966,141.37468,0.3422,53.7,167.12,167.01,10,take_profit,19.3709,0.17889,1.70947,1.97101,,2021
GBPJPY,1,2021-01-08 19:00:00,2021-01-11 00:00:00,141.114,140.82792,140.82792,141.68617,0.3274,-28.6,-85.23,-73.41,5,stop_loss,24.56972,0.19072,1.82906,2.4813,new_york,2021
GBPJPY,1,2021-01-13 21:00:00,2021-01-14 07:00:00,141.632,141.827,141.36196,142.17208,0.3433,19.5,60.92,73.32,10,time_exit,33.61531,0.18003,0.33522,3.98118,new_york,2021
GBPJPY,1,2021-01-14 11:00:00,2021-01-14 21:00:00,142.014,141.995,141.76452,142.51296,0.3743,-1.9,-6.47,-6.59,10,time_exit,22.46464,0.16632,2.03449,4.21496,london,2021
GBPJPY,-1,2021-01-15 04:00:00,2021-01-15 11:00:00,141.949,141.46662,142.19019,141.46662,0.3868,48.2,169.79,169.67,7,take_profit,13.90979,0.16079,0.72732,4.3309,,2021
GBPJPY,1,2021-01-15 16:00:00,2021-01-18 02:00:00,141.168,140.968,140.88965,141.72469,0.3419,-20.0,-62.23,-49.88,10,time_exit,27.95844,0.18556,-3.12282,2.99033,new_york,2021
GBPJPY,1,2021-01-19 04:00:00,2021-01-19 12:00:00,141.245,141.69892,141.01804,141.69892,0.4163,45.4,171.96,171.83,8,take_profit,37.82524,0.15131,1.27313,-0.24859,,2021
GBPJPY,-1,2021-01-19 22:00:00,2021-01-20 08:00:00,141.59,141.68,141.8193,141.13141,0.4203,-9.0,-34.42,-44.54,10,time_exit,32.2154,0.15286,1.86112,0.91277,,2021
GBPJPY,-1,2021-01-20 08:00:00,2021-01-20 09:00:00,141.659,141.84547,141.84547,141.28605,0.5147,-18.6,-87.34,-87.5,1,stop_loss,25.91526,0.12432,1.88075,1.70015,london,2021
GBPJPY,1,2021-01-21 05:00:00,2021-01-21 11:00:00,141.648,142.16489,141.38955,142.16489,0.3677,51.7,172.96,172.84,6,take_profit,23.58713,0.1723,0.73706,1.34351,,2021
GBPJPY,1,2021-01-21 15:00:00,2021-01-22 01:00:00,141.842,142.103,141.5723,142.3814,0.3593,26.1,85.34,89.59,10,time_exit,20.58903,0.1798,1.25225,1.55061,london,2021
GBPJPY,-1,2021-01-22 13:00:00,2021-01-22 18:00:00,141.653,141.92046,141.92046,141.11807,0.3658,-26.7,-89.03,-89.15,5,stop_loss,22.24605,0.17831,-0.9615,2.0053,london,2021
GBPJPY,1,2021-01-26 09:00:00,2021-01-26 13:00:00,141.463,141.88909,141.24995,141.88909,0.4547,42.6,176.31,176.17,4,take_profit,33.95742,0.14203,-2.90601,1.72537,london,2021
GBPJPY,1,2021-01-27 09:00:00,2021-01-27 13:00:00,142.473,142.28506,142.28506,142.84889,0.5257,-18.8,-89.91,-90.08,4,stop_loss,28.95702,0.1253,2.85565,2.88279,london,2021
GBPJPY,-1,2021-01-28 00:00:00,2021-01-28 10:00:00,142.462,142.251,142.75602,141.87396,0.3327,21.1,63.88,63.77,10,time_exit,22.50395,0.19601,1.0645,2.24565,,2021
GBPJPY,1,2021-01-28 19:00:00,2021-01-29 05:00:00,143.177,143.184,142.84276,143.84549,0.2947,0.7,1.88,5.36,10,time_exit,20.28286,0.22283,3.13677,2.18165,new_york,2021
GBPJPY,1,2021-02-01 05:00:00,2021-02-01 15:00:00,143.74,143.538,143.43208,144.35584,0.32,-20.2,-58.82,-58.92,10,time_exit,19.23223,0.20528,2.57639,3.93834,,2021
GBPJPY,1,2021-02-02 08:00:00,2021-02-02 15:00:00,143.674,143.43431,143.43431,144.15337,0.4084,-24.0,-89.08,-89.21,7,stop_loss,17.46771,0.15979,1.24333,4.88533,london,2021
GBPJPY,-1,2021-02-03 03:00:00,2021-02-03 10:00:00,143.452,143.66365,143.66365,143.0287,0.4578,-21.2,-88.17,-88.32,7,stop_loss,15.59249,0.1411,-0.12757,4.54372,,2021
GBPJPY,1,2021-02-03 10:00:00,2021-02-03 11:00:00,143.619,143.41379,143.41379,144.02942,0.4674,-20.5,-87.28,-87.43,1,stop_loss,13.3787,0.13681,1.01348,4.42389,london,2021
GBPJPY,1,2021-02-04 18:00:00,2021-02-05 04:00:00,143.975,144.27,143.64433,144.63634,0.2872,29.5,77.1,80.5,10,time_exit,27.16735,0.22045,2.7062,1.73235,new_york,2021
GBPJPY,1,2021-02-05 08:00:00,2021-02-05 15:00:00,144.354,144.81821,144.1219,144.81821,0.4128,46.4,174.38,174.25,7,take_profit,38.04684,0.15474,3.80182,3.89351,london,2021
GBPJPY,-1,2021-02-09 03:00:00,2021-02-09 11:00:00,144.616,144.22926,144.80937,144.22926,0.5053,38.7,177.83,177.67,8,take_profit,17.1901,0.12891,1.0051,6.23062,,2021
GBPJPY,1,2021-02-10 01:00:00,2021-02-10 11:00:00,144.42,144.82145,144.21927,144.82145,0.4965,40.1,181.38,181.22,10,take_profit,17.80855,0.13382,0.09196,4.41222,,2021
GBPJPY,-1,2021-02-12 10:00:00,2021-02-12 11:00:00,144.721,144.91152,144.91152,144.33996,0.5336,-19.1,-92.51,-92.68,1,stop_loss,16.77118,0.12701,0.37438,3.66957,london,2021
GBPJPY,1,2021-02-15 10:00:00,2021-02-15 20:00:00,146.234,146.454,145.99021,146.72158,0.4128,22.0,82.64,82.51,10,time_exit,61.92785,0.16253,6.18849,4.60141,london,2021
GBPJPY,-1,2021-02-17 04:00:00,2021-02-17 14:00:00,147.118,147.085,147.40842,146.53717,0.3496,3.3,10.5,10.39,10,time_exit,38.97697,0.19361,2.36194,6.98708,,2021
GBPJPY,-1,2021-02-19 10:00:00,2021-02-19 15:00:00,147.662,147.89799,147.89799,147.19002,0.4307,-23.6,-92.49,-92.63,5,stop_loss,24.21543,0.15733,2.67836,7.31159,london,2021
GBPJPY,-1,2021-02-19 16:00:00,2021-02-22 02:00:00,147.91,147.976,148.20387,147.32227,0.3424,-6.6,-20.56,-45.07,10,time_exit,20.65011,0.19591,3.08364,5.7738,new_york,2021
GBPJPY,1,2021-02-22 20:00:00,2021-02-23 06:00:00,147.933,147.871,147.61148,148.57605,0.3123,-6.2,-17.62,-13.93,10,time_exit,19.71196,0.21435,0.85474,5.30774,new_york,2021
GBPJPY,-1,2021-02-24 06:00:00,2021-02-24 09:00:00,149.385,149.75684,149.75684,148.64132,0.2695,-37.2,-91.19,-91.28,3,stop_loss,24.13217,0.24789,4.54146,4.67829,,2021
GBPJPY,1,2021-02-24 13:00:00,2021-02-24 18:00:00,149.713,149.31339,149.31339,150.51222,0.2482,-40.0,-90.26,-90.34,5,stop_loss,36.99955,0.26641,4.18043,4.98663,london,2021
GBPJPY,1,2021-02-26 00:00:00,2021-02-26 02:00:00,148.817,148.34841,148.34841,149.75418,0.2096,-46.9,-89.38,-89.45,2,stop_loss,31.82896,0.31239,-1.89419,4.59622,,2021
GBPJPY,-1,2021-03-02 13:00:00,2021-03-02 14:00:00,148.482,148.88837,148.88837,147.66926,0.2392,-40.6,-88.46,-88.54,1,stop_loss,16.12193,0.27091,-0.54472,1.37733,london,2021
GBPJPY,1,2021-03-02 15:00:00,2021-03-03 01:00:00,148.863,148.967,148.44952,149.68997,0.2328,10.4,22.03,24.78,10,time_exit,16.42054,0.27566,0.78265,1.37984,london,2021
GBPJPY,-1,2021-03-03 08:00:00,2021-03-03 09:00:00,149.102,149.39488,149.39488,148.51624,0.3294,-29.3,-87.79,-87.89,1,stop_loss,11.24017,0.19525,1.37555,2.30531,london,2021
GBPJPY,-1,2021-03-03 21:00:00,2021-03-04 07:00:00,149.427,149.401,149.80301,148.67499,0.254,2.6,6.01,-12.17,10,time_exit,10.31801,0.25067,1.48948,2.19419,new_york,2021
GBPJPY,1,2021-03-04 11:00:00,2021-03-04 16:00:00,149.534,150.14788,149.22706,150.14788,0.3114,61.4,173.96,173.86,5,take_profit,11.8084,0.20463,1.77861,2.74078,london,2021
GBPJPY,-1,2021-03-05 10:00:00,2021-03-05 17:00:00,150.178,149.38637,150.57382,149.38637,0.2463,79.2,177.43,177.35,7,take_profit,16.1882,0.26388,1.88866,2.97222,london,2021
GBPJPY,1,2021-03-05 20:00:00,2021-03-08 06:00:00,149.697,149.818,149.25262,150.58576,0.2237,12.1,24.63,32.71,10,time_exit,13.4391,0.29625,-0.01506,2.4449,new_york,2021
GBPJPY,-1,2021-03-11 09:00:00,2021-03-11 19:00:00,151.597,151.615,151.87112,151.04876,0.3637,-1.8,-5.96,-6.08,10,time_exit,17.11733,0.18275,3.59184,5.07219,london,2021
GBPJPY,-1,2021-03-12 13:00:00,2021-03-12 14:00:00,151.883,151.35143,152.14878,151.35143,0.3748,53.2,181.3,181.18,1,take_profit,30.73316,0.17719,2.07061,6.09086,london,2021
GBPJPY,-1,2021-03-15 03:00:00,2021-03-15 13:00:00,151.998,151.945,152.27878,151.43644,0.3619,5.3,17.45,17.33,10,time_exit,17.67133,0.18719,2.16887,5.30974,,2021
GBPJPY,-1,2021-03-16 04:00:00,2021-03-16 10:00:00,151.661,151.16584,151.90858,151.16584,0.4112,49.5,185.28,185.15,6,take_profit,24.04519,0.16505,-0.29308,5.11109,,2021
GBPJPY,-1,2021-03-16 22:00:00,2021-03-17 08:00:00,151.449,151.547,151.72014,150.90673,0.383,-9.8,-34.16,-43.38,10,time_exit,30.62971,0.18076,-0.27421,3.09021,,2021
GBPJPY,-1,2021-03-18 22:00:00,2021-03-19 08:00:00,151.831,151.531,152.21588,151.06124,0.2688,30.0,73.38,66.91,10,time_exit,11.68188,0.25659,-0.18882,2.27908,,2021
GBPJPY,1,2021-03-19 16:00:00,2021-03-19 17:00:00,151.238,150.87828,150.87828,151.95743,0.2898,-36.0,-94.86,-94.95,1,stop_loss,22.02582,0.23981,-1.99885,1.57115,new_york,2021
GBPJPY,1,2021-03-23 18:00:00,2021-03-23 22:00:00,149.885,149.48556,149.48556,150.68387,0.2584,-39.9,-93.93,-94.01,4,stop_loss,34.54247,0.26629,-2.55822,-1.68668,new_york,2021
GBPJPY,-1,2021-03-24 15:00:00,2021-03-24 17:00:00,148.984,149.3916,149.3916,148.1688,0.2507,-40.8,-92.99,-93.07,2,stop_loss,46.37664,0.27173,-2.72585,-3.43054,london,2021
GBPJPY,-1,2021-03-25 23:00:00,2021-03-26 03:00:00,149.888,150.22093,150.22093,149.22214,0.3038,-33.3,-92.04,-92.14,4,stop_loss,29.02178,0.22195,1.74579,-3.5813,,2021
GBPJPY,1,2021-03-29 13:00:00,2021-03-29 17:00:00,151.573,151.18985,151.18985,152.3393,0.2614,-38.3,-91.14,-91.22,4,stop_loss,34.0897,0.25543,3.57484,0.69949,london,2021
GBPJPY,1,2021-03-30 07:00:00,2021-03-30 17:00:00,151.491,151.19622,151.19622,152.08056,0.3363,-29.5,-90.21,-90.32,10,stop_loss,18.28775,0.19652,2.54025,1.89625,london,2021
GBPJPY,-1,2021-03-31 03:00:00,2021-03-31 04:00:00,151.616,151.90059,151.90059,151.04682,0.3448,-28.5,-89.3,-89.41,1,stop_loss,18.76911,0.18973,1.76948,2.62527,,2021
GBPJPY,-1,2021-04-01 02:00:00,2021-04-01 12:00:00,152.674,152.627,152.98468,152.05263,0.3127,4.7,13.37,13.27,10,time_exit,42.26047,0.20712,3.33853,4.16231,,2021
GBPJPY,-1,2021-04-02 22:00:00,2021-04-05 08:00:00,152.983,152.946,153.22865,152.49169,0.3961,3.7,13.34,-15.02,10,time_exit,18.42308,0.16377,1.39931,6.19345,,2021
GBPJPY,-1,2021-04-06 04:00:00,2021-04-06 11:00:00,153.301,152.85678,153.52311,152.85678,0.4387,44.4,177.34,177.2,7,take_profit,15.54623,0.14807,1.82084,6.29939,,2021
GBPJPY,-1,2021-04-07 18:00:00,2021-04-08 04:00:00,151.148,150.853,151.60079,150.24242,0.2195,29.5,58.92,43.21,10,time_exit,49.1612,0.30186,-3.2196,0.12485,new_york,2021
GBPJPY,-1,2021-04-09 06:00:00,2021-04-09 11:00:00,150.092,150.37793,150.37793,149.52014,0.3498,-28.6,-91.02,-91.13,5,stop_loss,56.57311,0.19062,-3.62757,-4.24613,,2021
GBPJPY,1,2021-04-12 05:00:00,2021-04-12 15:00:00,150.02,150.511,149.6581,150.74379,0.2736,49.1,122.25,122.16,10,time_exit,33.28782,0.24126,-2.07657,-3.37189,,2021
GBPJPY,1,2021-04-14 07:00:00,2021-04-14 17:00:00,149.905,150.212,149.62193,150.47113,0.3546,30.7,99.06,98.95,10,time_exit,35.29936,0.18871,-1.5077,-3.71651,london,2021
GBPJPY,1,2021-04-19 00:00:00,2021-04-19 03:00:00,150.427,150.17506,150.17506,150.93088,0.4027,-25.2,-92.33,-92.46,3,stop_loss,25.35667,0.16796,2.99854,-2.39606,,2021
GBPJPY,-1,2021-04-20 14:00:00,2021-04-20 17:00:00,151.465,150.78965,151.80268,150.78965,0.2974,67.5,182.77,182.68,3,take_profit,33.98703,0.22512,2.44945,1.21031,london,2021
GBPJPY,-1,2021-04-21 01:00:00,2021-04-21 11:00:00,150.618,150.92924,150.92924,149.99551,0.3291,-31.1,-93.21,-93.31,10,stop_loss,31.03076,0.2075,-1.27874,1.06085,,2021
GBPJPY,-1,2021-04-21 12:00:00,2021-04-21 16:00:00,150.726,150.08194,151.04803,150.08194,0.3149,64.4,184.56,184.46,4,take_profit,30.82973,0.21469,-0.21263,0.55154,london,2021
GBPJPY,-1,2021-04-22 01:00:00,2021-04-22 11:00:00,150.516,150.161,150.80465,149.9387,0.3583,35.5,115.75,115.64,10,time_exit,18.31491,0.19243,-0.79595,0.19295,,2021
GBPJPY,1,2021-04-23 03:00:00,2021-04-23 13:00:00,149.44,149.805,149.14793,150.02415,0.3585,36.5,119.08,118.97,10,time_exit,35.10684,0.19472,-3.7646,-1.63365,,2021
GBPJPY,-1,2021-04-23 22:00:00,2021-04-26 08:00:00,149.768,149.802,150.09565,149.11271,0.3235,-3.4,-10.01,-33.17,10,time_exit,19.29464,0.21843,-0.47658,-2.13264,,2021
GBPJPY,1,2021-04-26 12:00:00,2021-04-26 22:00:00,149.765,150.36146,149.46677,150.36146,0.3551,59.6,192.74,192.63,10,take_profit,15.40312,0.19882,-0.35098,-2.15959,london,2021
GBPJPY,-1,2021-04-27 17:00:00,2021-04-27 18:00:00,150.716,151.04425,151.04425,150.05949,0.329,-32.8,-98.28,-98.38,1,stop_loss,23.89108,0.21884,2.50147,-0.44108,new_york,2021
GBPJPY,1,2021-04-28 04:00:00,2021-04-28 14:00:00,151.256,151.133,150.98629,151.79543,0.3964,-12.3,-44.37,-44.5,10,time_exit,34.76938,0.17981,4.08374,0.89659,,2021
GBPJPY,1,2021-05-03 01:00:00,2021-05-03 10:00:00,150.921,151.54167,150.61067,151.54167,0.343,62.1,193.73,193.62,9,take_profit,32.9527,0.20689,-2.35375,2.26825,,2021
GBPJPY,1,2021-05-05 08:00:00,2021-05-05 11:00:00,152.067,151.80927,151.80927,152.58246,0.4212,-25.8,-98.79,-98.92,3,stop_loss,14.33037,0.17182,2.07452,2.65251,london,2021
GBPJPY,-1,2021-05-06 04:00:00,2021-05-06 14:00:00,151.921,151.43653,152.16323,151.43653,0.4437,48.4,195.61,195.47,10,take_profit,9.25449,0.16149,0.5194,2.83358,,2021
GBPJPY,-1,2021-05-07 14:00:00,2021-05-07 15:00:00,151.855,151.34205,152.11147,151.34205,0.4274,51.3,199.5,199.36,1,take_profit,23.75675,0.17098,0.51212,1.64503,london,2021
GBPJPY,1,2021-05-10 05:00:00,2021-05-10 11:00:00,152.725,153.38202,152.39649,153.38202,0.3404,65.7,203.52,203.41,6,take_profit,18.74551,0.21901,3.7116,1.58737,,2021
GBPJPY,-1,2021-05-12 15:00:00,2021-05-12 16:00:00,153.676,153.93957,153.93957,153.14885,0.4327,-26.4,-103.78,-103.92,1,stop_loss,12.67776,0.17572,1.02467,5.83285,london,2021
GBPJPY,1,2021-05-12 23:00:00,2021-05-13 09:00:00,154.062,153.98,153.75781,154.67038,0.3711,-8.2,-27.69,-27.81,10,time_exit,24.11373,0.20279,1.9351,5.28036,,2021
GBPJPY,1,2021-05-13 12:00:00,2021-05-13 22:00:00,153.729,153.774,153.40619,154.37461,0.3488,4.5,14.28,14.17,10,time_exit,22.7091,0.2152,-0.58368,4.95566,london,2021
GBPJPY,1,2021-05-13 22:00:00,2021-05-14 08:00:00,153.693,153.888,153.36936,154.34028,0.3484,19.5,61.82,65.94,10,time_exit,24.83296,0.21576,-0.55859,4.34854,,2021
GBPJPY,-1,2021-05-14 09:00:00,2021-05-14 16:00:00,153.89,154.12941,154.12941,153.41118,0.4737,-23.9,-103.2,-103.35,7,stop_loss,20.03126,0.15961,0.38273,5.31897,london,2021
GBPJPY,1,2021-05-14 19:00:00,2021-05-17 00:00:00,154.158,153.88821,153.88821,154.69757,0.4162,-27.0,-102.18,-87.15,5,stop_loss,18.42848,0.17986,1.60984,4.44588,new_york,2021
GBPJPY,-1,2021-05-17 05:00:00,2021-05-17 15:00:00,154.007,153.947,154.26505,153.4909,0.4307,6.0,23.52,23.38,10,time_exit,16.41106,0.17203,0.26532,4.58437,,2021
GBPJPY,-1,2021-05-18 03:00:00,2021-05-18 06:00:00,154.548,154.78654,154.78654,154.07091,0.467,-23.9,-101.37,-101.52,3,stop_loss,15.74865,0.15903,2.86026,4.58205,,2021
GBPJPY,1,2021-05-19 20:00:00,2021-05-20 06:00:00,154.059,154.035,153.69531,154.78638,0.3033,-2.4,-6.62,4.33,10,time_exit,25.15387,0.24246,-1.45658,2.67676,new_york,2021
GBPJPY,1,2021-05-20 14:00:00,2021-05-21 00:00:00,154.003,154.346,153.68992,154.62917,0.352,34.3,109.87,114.03,10,time_exit,30.44465,0.20872,-1.04032,1.96103,london,2021
GBPJPY,1,2021-05-21 18:00:00,2021-05-24 00:00:00,154.309,154.04733,154.04733,154.83234,0.4258,-26.2,-101.39,-86.01,6,stop_loss,13.1288,0.17445,0.18279,2.01318,new_york,2021
GBPJPY,-1,2021-05-24 08:00:00,2021-05-24 18:00:00,153.992,153.926,154.19638,153.58324,0.5397,6.6,32.41,32.24,10,time_exit,22.0695,0.13625,-1.48786,1.81181,london,2021
GBPJPY,1,2021-05-25 04:00:00,2021-05-25 14:00:00,154.117,154.196,153.90952,154.53197,0.5333,7.9,38.34,38.17,10,time_exit,11.27524,0.13832,0.25764,0.91802,,2021
GBPJPY,1,2021-05-26 04:00:00,2021-05-26 12:00:00,153.896,154.30254,153.69273,154.30254,0.5464,40.7,202.14,201.97,8,take_profit,17.83207,0.13551,-1.01401,0.46523,,2021
GBPJPY,1,2021-05-28 02:00:00,2021-05-28 12:00:00,156.014,155.861,155.70381,156.63438,0.3652,-15.3,-50.85,-50.97,10,time_exit,48.83132,0.20679,6.46695,2.3951,,2021
GBPJPY,1,2021-05-28 16:00:00,2021-05-31 02:00:00,155.835,155.844,155.57617,156.35266,0.4355,0.9,3.57,19.3,10,time_exit,43.76632,0.17255,3.64701,4.61609,new_york,2021
GBPJPY,-1,2021-05-31 12:00:00,2021-05-31 19:00:00,155.395,155.61048,155.61048,154.96405,0.5233,-21.5,-102.61,-102.78,7,stop_loss,23.62061,0.14365,-0.63647,5.85193,london,2021
GBPJPY,1,2021-06-02 02:00:00,2021-06-02 12:00:00,154.904,155.259,154.66874,155.37452,0.4745,35.5,153.29,153.14,10,time_exit,39.63878,0.15684,-2.93171,3.02131,,2021
GBPJPY,1,2021-06-04 09:00:00,2021-06-04 15:00:00,155.343,155.74252,155.14324,155.74252,0.5673,40.0,206.25,206.07,6,take_profit,15.71765,0.13317,-0.59314,2.42025,london,2021
GBPJPY,1,2021-06-07 01:00:00,2021-06-07 07:00:00,155.008,154.7727,154.7727,155.4786,0.4912,-23.5,-105.18,-105.34,6,stop_loss,19.27116,0.15687,-2.29583,1.40113,,2021
GBPJPY,-1,2021-06-07 20:00:00,2021-06-08 06:00:00,154.96,154.94,155.20115,154.47771,0.4745,2.0,8.64,-2.78,10,time_exit,29.44406,0.16076,-0.85025,0.04604,new_york,2021
GBPJPY,1,2021-06-08 17:00:00,2021-06-08 21:00:00,154.573,155.01292,154.35304,155.01292,0.5206,44.0,208.41,208.24,4,take_profit,25.60357,0.14664,-2.65691,-0.57847,new_york,2021
GBPJPY,-1,2021-06-09 01:00:00,2021-06-09 09:00:00,154.889,155.10278,155.10278,154.46144,0.5463,-21.4,-106.28,-106.45,8,stop_loss,22.43995,0.14252,-0.47422,-0.5889,,2021
GBPJPY,-1,2021-06-10 02:00:00,2021-06-10 10:00:00,154.704,154.29192,154.91004,154.29192,0.5612,41.2,210.44,210.26,8,take_profit,23.88223,0.13736,-1.39232,-0.80861,,2021
GBPJPY,1,2021-06-11 15:00:00,2021-06-11 19:00:00,155.053,154.82979,154.82979,155.49941,0.5284,-22.3,-107.33,-107.5,4,stop_loss,15.56066,0.1488,0.84519,-0.27178,london,2021
GBPJPY,1,2021-06-11 19:00:00,2021-06-11 20:00:00,154.886,154.64853,154.64853,155.36093,0.4917,-23.7,-106.25,-106.41,1,stop_loss,14.46962,0.15831,-0.28823,-0.21608,new_york,2021
GBPJPY,1,2021-06-14 00:00:00,2021-06-14 10:00:00,154.588,154.69,154.37606,155.01187,0.5453,10.2,50.61,50.44,10,time_exit,18.56166,0.14129,-0.91005,-0.39573,,2021
GBPJPY,1,2021-06-15 02:00:00,2021-06-15 12:00:00,155.267,155.07066,155.07066,155.65968,0.5915,-19.6,-105.68,-105.87,10,stop_loss,19.66071,0.13089,2.17597,0.13136,,2021
GBPJPY,1,2021-06-16 00:00:00,2021-06-16 10:00:00,154.94,155.207,154.71084,155.39832,0.5017,26.7,121.9,121.74,10,time_exit,21.10969,0.15277,-0.20589,0.3487,,2021
GBPJPY,1,2021-06-17 00:00:00,2021-06-17 10:00:00,154.807,154.56002,154.56002,155.30096,0.4709,-24.7,-105.84,-105.99,10,stop_loss,19.54165,0.16465,-1.3693,0.17982,,2021
GBPJPY,-1,2021-06-18 11:00:00,2021-06-18 12:00:00,152.791,153.14432,153.14432,152.08435,0.3259,-35.3,-104.79,-104.89,1,stop_loss,56.26135,0.23555,-5.45912,-2.61358,london,2021
GBPJPY,-1,2021-06-18 23:00:00,2021-06-21 06:00:00,152.115,151.34564,152.49968,151.34564,0.2963,76.9,207.44,193.27,7,take_profit,54.20485,0.25645,-5.34643,-3.76181,,2021
GBPJPY,1,2021-06-22 13:00:00,2021-06-22 17:00:00,153.203,153.90948,152.84976,153.90948,0.3291,70.6,211.58,211.48,4,take_profit,24.61466,0.23549,-0.07428,-3.25063,london,2021
GBPJPY,-1,2021-06-23 07:00:00,2021-06-23 09:00:00,154.292,154.57592,154.57592,153.72416,0.4176,-28.4,-107.89,-108.02,2,stop_loss,27.39018,0.18928,3.06417,-1.57693,london,2021
GBPJPY,-1,2021-06-23 12:00:00,2021-06-23 22:00:00,154.928,154.888,155.23677,154.31046,0.3802,4.0,13.84,13.72,10,time_exit,33.02945,0.20585,5.03681,-0.74052,london,2021
GBPJPY,-1,2021-06-24 13:00:00,2021-06-24 14:00:00,154.773,154.1827,155.06815,154.1827,0.3982,59.0,213.9,213.77,1,take_profit,17.4494,0.19677,1.25399,1.49081,london,2021
GBPJPY,1,2021-06-25 08:00:00,2021-06-25 10:00:00,154.36,154.10397,154.10397,154.87206,0.4682,-25.6,-109.09,-109.24,2,stop_loss,27.05442,0.17069,-0.44505,1.06265,london,2021
GBPJPY,1,2021-06-30 07:00:00,2021-06-30 10:00:00,153.045,152.80398,152.80398,153.52704,0.4924,-24.1,-108.0,-108.16,3,stop_loss,34.30901,0.16068,-1.86721,-3.20138,london,2021
GBPJPY,-1,2021-06-30 14:00:00,2021-06-30 20:00:00,153.156,153.43526,153.43526,152.59748,0.4207,-27.9,-106.91,-107.04,6,stop_loss,31.33203,0.18617,-0.56387,-2.894,london,2021
GBPJPY,1,2021-07-01 02:00:00,2021-07-01 04:00:00,153.647,153.3675,153.3675,154.20601,0.4161,-28.0,-105.83,-105.96,2,stop_loss,21.49419,0.18634,1.71217,-2.31258,,2021
GBPJPY,-1,2021-07-01 11:00:00,2021-07-01 21:00:00,153.778,153.535,154.03374,153.26653,0.4503,24.3,99.57,99.43,10,time_exit,15.87319,0.17049,2.245,-2.02109,london,2021
GBPJPY,1,2021-07-02 02:00:00,2021-07-02 12:00:00,153.483,153.303,153.22523,153.99855,0.4509,-18.0,-73.86,-74.0,10,time_exit,12.30407,0.17185,-0.08059,-1.33076,,2021
GBPJPY,-1,2021-07-02 18:00:00,2021-07-02 21:00:00,153.403,153.68547,153.68547,152.83806,0.4086,-28.2,-105.03,-105.16,3,stop_loss,14.26881,0.18831,-0.32657,-1.16727,new_york,2021
GBPJPY,-1,2021-07-05 05:00:00,2021-07-05 15:00:00,153.57,153.583,153.80976,153.09049,0.4766,-1.3,-5.64,-5.79,10,time_exit,14.99022,0.15984,0.353,-1.00823,,2021
GBPJPY,-1,2021-07-07 15:00:00,2021-07-07 17:00:00,153.077,152.34831,153.44135,152.34831,0.3134,72.9,207.82,207.72,2,take_profit,28.26405,0.2429,0.04754,-1.63859,london,2021
GBPJPY,-1,2021-07-08 04:00:00,2021-07-08 09:00:00,152.431,151.81913,152.73694,151.81913,0.3807,61.2,211.98,211.86,5,take_profit,23.92835,0.20396,-2.26992,-2.30491,,2021
GBPJPY,-1,2021-07-08 23:00:00,2021-07-09 09:00:00,151.321,151.52,151.74787,150.46725,0.2783,-19.9,-50.4,-50.49,10,time_exit,48.84191,0.28458,-2.81015,-3.23703,,2021
GBPJPY,1,2021-07-09 17:00:00,2021-07-12 03:00:00,152.588,153.07,152.2001,153.36381,0.3048,48.2,133.69,144.7,10,time_exit,31.34597,0.2586,2.64383,-3.51185,new_york,2021
GBPJPY,-1,2021-07-15 02:00:00,2021-07-15 05:00:00,152.418,151.92707,152.66347,151.92707,0.4877,49.1,217.88,217.72,3,take_profit,23.95389,0.16364,-1.86214,-0.6901,,2021
GBPJPY,-1,2021-07-19 00:00:00,2021-07-19 10:00:00,151.481,150.80108,151.82096,150.80108,0.3592,68.0,222.25,222.14,10,take_profit,15.57128,0.22664,-2.51909,-1.94604,,2021
GBPJPY,1,2021-07-19 10:00:00,2021-07-19 11:00:00,151.256,150.96423,150.96423,151.83954,0.4269,-29.2,-113.35,-113.49,1,stop_loss,25.7809,0.19451,-2.82664,-3.10648,london,2021
GBPJPY,-1,2021-07-20 00:00:00,2021-07-20 10:00:00,149.584,149.503,150.03951,148.67298,0.2707,8.1,19.95,19.86,10,time_exit,48.54914,0.30367,-4.36976,-3.57752,,2021
GBPJPY,-1,2021-07-20 13:00:00,2021-07-20 23:00:00,149.369,149.713,149.8399,148.42721,0.2623,-34.4,-82.11,-88.43,10,time_exit,44.36882,0.31393,-3.42833,-4.2956,london,2021
GBPJPY,-1,2021-07-22 10:00:00,2021-07-22 11:00:00,151.278,151.58834,151.58834,150.65731,0.3951,-31.0,-111.58,-111.71,1,stop_loss,21.74106,0.2069,3.53203,-3.45258,london,2021
GBPJPY,1,2021-07-22 19:00:00,2021-07-23 05:00:00,151.373,151.732,150.96502,152.18896,0.2975,35.9,97.19,100.71,10,time_exit,28.93811,0.27199,1.89665,-1.58026,new_york,2021
GBPJPY,1,2021-07-26 07:00:00,2021-07-26 12:00:00,151.674,152.2071,151.40745,152.2071,0.4594,53.3,222.86,222.71,5,take_profit,19.04,0.1777,0.34785,0.92737,london,2021
GBPJPY,-1,2021-07-26 12:00:00,2021-07-26 13:00:00,151.754,152.05658,152.05658,151.14884,0.4127,-30.3,-113.64,-113.77,1,stop_loss,22.24356,0.20172,0.61297,0.83542,london,2021
GBPJPY,-1,2021-07-28 02:00:00,2021-07-28 11:00:00,152.371,152.68178,152.68178,151.74945,0.3978,-31.1,-112.5,-112.63,9,stop_loss,17.85996,0.20718,1.24376,1.92594,,2021
GBPJPY,-1,2021-07-28 16:00:00,2021-07-29 02:00:00,152.754,152.809,153.06379,152.13441,0.3951,-5.5,-19.77,-48.06,10,time_exit,19.79359,0.20653,2.21751,2.30388,new_york,2021
GBPJPY,-1,2021-07-29 08:00:00,2021-07-29 10:00:00,152.912,153.19042,153.19042,152.35516,0.4388,-27.8,-111.17,-111.31,2,stop_loss,16.98758,0.18561,2.03349,3.07138,london,2021
GBPJPY,-1,2021-07-29 15:00:00,2021-07-29 22:00:00,153.377,152.83644,153.64728,152.83644,0.4475,54.1,220.13,219.99,7,take_profit,23.35153,0.18019,3.7859,3.59683,london,2021
GBPJPY,-1,2021-07-30 02:00:00,2021-07-30 12:00:00,152.892,153.14429,153.14429,152.38741,0.489,-25.2,-112.27,-112.43,10,stop_loss,17.86491,0.1682,0.58183,3.86103,,2021
GBPJPY,1,2021-07-30 12:00:00,2021-07-30 17:00:00,153.037,152.77414,152.77414,153.56272,0.4646,-26.3,-111.13,-111.28,5,stop_loss,15.91225,0.17524,1.31529,3.40276,london,2021
GBPJPY,-1,2021-08-02 00:00:00,2021-08-02 10:00:00,152.412,152.68013,152.68013,151.87574,0.4509,-26.8,-110.02,-110.16,10,stop_loss,23.81168,0.17875,-1.57132,2.84969,,2021
GBPJPY,1,2021-08-02 17:00:00,2021-08-02 18:00:00,152.265,151.97064,151.97064,152.85372,0.4066,-29.4,-108.92,-109.05,1,stop_loss,21.09557,0.19624,-1.75603,1.54552,new_york,2021
GBPJPY,1,2021-08-03 20:00:00,2021-08-04 06:00:00,151.785,151.854,151.4323,152.49039,0.336,6.9,21.1,25.07,10,time_exit,24.23891,0.23513,-1.13048,-0.52061,new_york,2021
GBPJPY,1,2021-08-04 13:00:00,2021-08-04 14:00:00,152.138,151.87405,151.87405,152.66591,0.4498,-26.4,-108.04,-108.18,1,stop_loss,16.9391,0.17597,0.98813,-0.90187,london,2021
GBPJPY,1,2021-08-09 13:00:00,2021-08-09 14:00:00,152.996,152.74958,152.74958,153.48884,0.4769,-24.6,-106.94,-107.09,1,stop_loss,15.4574,0.16428,1.45637,2.09968,london,2021
GBPJPY,1,2021-08-10 10:00:00,2021-08-10 17:00:00,152.884,153.29065,152.68068,153.29065,0.5722,40.7,211.74,211.56,7,take_profit,9.64632,0.13555,0.86817,2.10122,london,2021
GBPJPY,1,2021-08-10 20:00:00,2021-08-11 06:00:00,152.982,152.999,152.73278,153.48044,0.4762,1.7,7.37,13.0,10,time_exit,19.00426,0.16615,0.7065,1.98299,new_york,2021
GBPJPY,-1,2021-08-11 21:00:00,2021-08-12 07:00:00,153.201,153.125,153.41657,152.76985,0.5509,7.6,38.1,-1.34,10,time_exit,21.85706,0.14372,1.361,2.40678,new_york,2021
GBPJPY,-1,2021-08-12 17:00:00,2021-08-12 20:00:00,152.894,152.52013,153.08093,152.52013,0.6375,37.4,216.89,216.69,3,take_profit,14.2691,0.12462,-1.08945,2.42077,new_york,2021
GBPJPY,1,2021-08-13 07:00:00,2021-08-13 09:00:00,152.516,152.34501,152.34501,152.85798,0.7108,-17.1,-110.6,-110.83,2,stop_loss,41.12199,0.11399,-2.51745,0.91902,london,2021
GBPJPY,-1,2021-08-13 23:00:00,2021-08-16 01:00:00,151.961,152.17049,152.17049,151.54202,0.5744,-20.9,-109.5,-136.98,2,stop_loss,49.84506,0.13966,-4.01234,-0.76106,,2021
GBPJPY,-1,2021-08-17 13:00:00,2021-08-17 23:00:00,150.856,150.535,151.14446,150.27907,0.4129,32.1,120.61,110.67,10,time_exit,48.95169,0.19231,-3.44003,-3.64211,london,2021
GBPJPY,1,2021-08-19 17:00:00,2021-08-19 18:00:00,150.23,149.8461,149.8461,150.99779,0.3137,-38.4,-109.59,-109.69,1,stop_loss,36.87056,0.25593,-2.22086,-3.18986,new_york,2021
GBPJPY,-1,2021-08-19 21:00:00,2021-08-20 07:00:00,149.82,149.618,150.20274,149.05452,0.3115,20.2,57.26,49.76,10,time_exit,42.43496,0.25516,-3.31714,-3.45433,new_york,2021
GBPJPY,-1,2021-08-20 19:00:00,2021-08-23 03:00:00,149.573,149.91843,149.91843,148.88215,0.347,-34.5,-109.08,-133.92,8,stop_loss,42.2022,0.23028,-1.77477,-5.04565,new_york,2021
GBPJPY,-1,2021-08-23 05:00:00,2021-08-23 09:00:00,149.935,150.23478,150.23478,149.33545,0.3958,-30.0,-107.97,-108.1,4,stop_loss,24.50056,0.19985,0.30154,-5.64847,,2021
GBPJPY,1,2021-08-23 22:00:00,2021-08-24 08:00:00,150.595,150.911,150.29627,151.19245,0.3932,31.6,113.07,117.72,10,time_exit,27.66598,0.19915,2.34303,-3.87593,,2021
GBPJPY,1,2021-08-25 04:00:00,2021-08-25 14:00:00,150.666,150.715,150.39493,151.20815,0.4379,4.9,19.53,19.39,10,time_exit,10.48662,0.18072,1.32211,-2.13108,,2021
GBPJPY,1,2021-08-26 07:00:00,2021-08-26 17:00:00,151.178,150.94016,150.94016,151.65368,0.5,-23.8,-108.22,-108.38,10,stop_loss,30.8727,0.15856,2.05708,-0.02902,london,2021
GBPJPY,1,2021-08-27 04:00:00,2021-08-27 14:00:00,150.578,151.09265,150.32068,151.09265,0.4575,51.5,214.26,214.11,10,take_profit,27.7571,0.17155,-1.9766,0.17479,,2021
GBPJPY,-1,2021-08-27 17:00:00,2021-08-30 03:00:00,151.357,151.012,151.64955,150.7719,0.4104,34.5,128.85,99.47,10,time_exit,25.93129,0.19503,2.2933,0.1206,new_york,2021
GBPJPY,1,2021-08-30 14:00:00,2021-08-31 00:00:00,151.064,151.111,150.8445,151.503,0.5535,4.7,23.67,30.21,10,time_exit,15.49506,0.14633,0.15091,0.72482,london,2021
GBPJPY,1,2021-08-31 07:00:00,2021-08-31 15:00:00,151.351,151.1523,151.1523,151.7484,0.6127,-19.9,-110.79,-110.99,8,stop_loss,12.20794,0.13247,1.68728,1.14015,london,2021
GBPJPY,1,2021-09-01 05:00:00,2021-09-01 10:00:00,151.401,151.82257,151.19021,151.82257,0.5718,42.2,219.36,219.18,5,take_profit,13.48674,0.14052,1.12826,1.39273,,2021
GBPJPY,-1,2021-09-01 14:00:00,2021-09-02 00:00:00,151.746,151.464,151.98232,151.27336,0.5202,28.2,133.49,96.25,10,time_exit,23.16865,0.15755,2.47887,1.65509,london,2021
GBPJPY,1,2021-09-02 04:00:00,2021-09-02 14:00:00,151.485,151.685,151.25118,151.95264,0.532,20.0,96.82,96.65,10,time_exit,19.11343,0.15588,0.21298,1.88055,,2021
GBPJPY,1,2021-09-02 14:00:00,2021-09-02 17:00:00,151.699,152.12099,151.488,152.12099,0.5946,42.2,228.34,228.15,3,take_profit,17.19148,0.14066,1.41421,2.13496,london,2021
GBPJPY,1,2021-09-02 23:00:00,2021-09-03 09:00:00,152.109,152.147,151.89083,152.54533,0.5865,3.8,20.28,20.09,10,time_exit,30.67681,0.14544,3.07871,2.68637,,2021
GBPJPY,1,2021-09-03 11:00:00,2021-09-03 13:00:00,152.119,151.92039,151.92039,152.51623,0.6454,-19.9,-116.65,-116.86,2,stop_loss,34.90901,0.13241,2.04136,3.61026,london,2021
GBPJPY,-1,2021-09-06 09:00:00,2021-09-06 19:00:00,152.077,151.955,152.31419,151.60262,0.535,12.2,59.4,59.23,10,time_exit,15.68066,0.15813,0.57332,3.02666,london,2021
GBPJPY,1,2021-09-06 23:00:00,2021-09-07 09:00:00,151.945,152.03,151.74803,152.33893,0.6475,8.5,50.08,49.87,10,time_exit,14.90252,0.13131,-0.34477,3.16676,,2021
GBPJPY,-1,2021-09-07 16:00:00,2021-09-07 17:00:00,151.702,151.94337,151.94337,151.21925,0.5307,-24.1,-116.57,-116.74,1,stop_loss,18.0316,0.16092,-1.50494,1.96132,new_york,2021
GBPJPY,1,2021-09-08 22:00:00,2021-09-09 03:00:00,151.896,151.64376,151.64376,152.40048,0.5027,-25.2,-115.39,-97.24,5,stop_loss,25.98804,0.16816,0.00092,1.17522,,2021
GBPJPY,-1,2021-09-10 09:00:00,2021-09-10 10:00:00,152.201,152.41263,152.41263,151.77775,0.5932,-21.2,-114.24,-114.43,1,stop_loss,17.68037,0.14108,2.07762,1.06785,london,2021
GBPJPY,-1,2021-09-10 17:00:00,2021-09-13 00:00:00,152.396,151.91222,152.63789,151.91222,0.5138,48.4,226.2,189.42,7,take_profit,24.81,0.16126,2.09018,1.58982,new_york,2021
GBPJPY,1,2021-09-14 18:00:00,2021-09-14 21:00:00,151.876,151.54748,151.54748,152.53303,0.3858,-32.9,-115.33,-115.45,3,stop_loss,15.12087,0.21901,-1.84414,1.36331,new_york,2021
GBPJPY,-1,2021-09-15 07:00:00,2021-09-15 17:00:00,151.325,151.143,151.59753,150.77993,0.4604,18.2,76.25,76.1,10,time_exit,36.70285,0.18169,-3.40306,0.13918,london,2021
GBPJPY,-1,2021-09-20 13:00:00,2021-09-20 19:00:00,149.932,149.29282,150.25159,149.29282,0.3953,63.9,229.93,229.8,6,take_profit,38.18782,0.21306,-5.19549,-2.19805,london,2021
GBPJPY,-1,2021-09-21 18:00:00,2021-09-21 19:00:00,149.007,149.42408,149.42408,148.17284,0.3089,-41.7,-117.24,-117.34,1,stop_loss,27.74327,0.27805,-3.7992,-3.48534,new_york,2021
GBPJPY,1,2021-09-22 15:00:00,2021-09-23 01:00:00,149.397,149.548,149.06374,150.06351,0.3827,15.1,52.59,66.41,10,time_exit,19.33387,0.22217,-1.13193,-4.76237,london,2021
GBPJPY,1,2021-09-23 16:00:00,2021-09-24 02:00:00,151.071,151.375,150.66412,151.88477,0.3149,30.4,87.11,90.83,10,time_exit,39.28327,0.27126,4.55765,-2.52053,new_york,2021
GBPJPY,-1,2021-09-28 19:00:00,2021-09-29 03:00:00,150.696,151.09335,151.09335,149.9013,0.3249,-39.7,-117.48,-125.3,8,stop_loss,34.70345,0.2649,-3.54565,1.95655,new_york,2021
GBPJPY,1,2021-09-29 21:00:00,2021-09-30 07:00:00,150.362,150.528,149.97821,151.12957,0.333,16.6,50.3,62.32,10,time_exit,41.62038,0.25586,-2.35832,-0.19812,new_york,2021
GBPJPY,1,2021-09-30 20:00:00,2021-10-01 06:00:00,150.0,149.57622,149.57622,150.84756,0.3028,-42.4,-116.77,-113.19,10,stop_loss,21.86046,0.28252,-2.27699,-0.89053,new_york,2021
GBPJPY,-1,2021-10-04 23:00:00,2021-10-05 09:00:00,150.997,151.195,151.42071,150.14958,0.2998,-19.8,-54.02,-54.12,10,time_exit,16.04742,0.28247,1.36271,-0.35905,,2021
GBPJPY,-1,2021-10-05 13:00:00,2021-10-05 17:00:00,151.466,151.81906,151.81906,150.75988,0.3582,-35.3,-115.08,-115.19,4,stop_loss,18.74884,0.23537,2.69637,0.28655,london,2021
GBPJPY,1,2021-10-06 02:00:00,2021-10-06 10:00:00,151.939,151.64525,151.64525,152.52649,0.4262,-29.4,-113.93,-114.07,8,stop_loss,38.86657,0.19583,3.55831,1.77758,,2021
GBPJPY,1,2021-10-06 19:00:00,2021-10-07 05:00:00,151.048,151.417,150.68923,151.76554,0.3454,36.9,115.98,128.45,10,time_exit,37.64043,0.23918,-1.27544,1.5101,new_york,2021
GBPJPY,-1,2021-10-07 05:00:00,2021-10-07 15:00:00,151.437,151.521,151.73909,150.83282,0.4144,-8.4,-31.68,-31.81,10,time_exit,24.75305,0.20139,0.44,1.6102,,2021
GBPJPY,1,2021-10-07 15:00:00,2021-10-08 01:00:00,151.51,152.035,151.18651,152.15698,0.3859,52.5,184.36,188.92,10,time_exit,19.39395,0.21566,0.68007,1.41137,london,2021
GBPJPY,-1,2021-10-08 15:00:00,2021-10-08 16:00:00,152.238,152.50415,152.50415,151.7057,0.4767,-26.6,-115.46,-115.61,1,stop_loss,31.25104,0.17743,2.27692,3.13245,london,2021
GBPJPY,1,2021-10-12 19:00:00,2021-10-13 02:00:00,154.653,154.21045,154.21045,155.5381,0.2838,-44.3,-114.29,-110.93,7,stop_loss,23.9155,0.29503,3.01226,4.89483,new_york,2021
GBPJPY,1,2021-10-15 02:00:00,2021-10-15 08:00:00,155.518,156.03908,155.25746,156.03908,0.4772,52.1,226.28,226.13,6,take_profit,31.20285,0.17369,2.94878,9.00412,,2021
GBPJPY,1,2021-10-15 11:00:00,2021-10-15 13:00:00,156.546,157.14248,156.24776,157.14248,0.4252,59.6,230.8,230.66,2,take_profit,42.95169,0.19883,6.22015,8.28587,london,2021
GBPJPY,1,2021-10-18 05:00:00,2021-10-18 15:00:00,156.742,156.928,156.39395,157.4381,0.3717,18.6,62.91,62.79,10,time_exit,45.48711,0.23203,2.18514,8.64085,,2021
GBPJPY,1,2021-10-18 21:00:00,2021-10-19 07:00:00,156.887,157.226,156.55025,157.5605,0.3862,33.9,119.14,123.71,10,time_exit,19.11006,0.2245,1.44806,8.6088,new_york,2021
GBPJPY,1,2021-10-19 18:00:00,2021-10-20 04:00:00,157.671,158.032,157.33422,158.34455,0.39,36.1,128.12,132.73,10,time_exit,23.46978,0.22452,3.00116,8.29898,new_york,2021
GBPJPY,1,2021-10-20 04:00:00,2021-10-20 09:00:00,158.165,157.87238,157.87238,158.75025,0.4537,-29.3,-120.81,-120.95,5,stop_loss,29.90479,0.19508,4.61665,9.6393,,2021
GBPJPY,-1,2021-10-20 18:00:00,2021-10-21 04:00:00,157.91,158.111,158.30713,157.11573,0.3309,-20.1,-60.52,-84.21,10,time_exit,28.3832,0.26476,1.70182,6.67475,new_york,2021
GBPJPY,-1,2021-10-21 14:00:00,2021-10-22 00:00:00,157.382,157.218,157.77571,156.59459,0.3321,16.4,49.56,41.56,10,time_exit,25.96449,0.26247,-0.93996,5.91745,london,2021
GBPJPY,-1,2021-10-22 07:00:00,2021-10-22 17:00:00,157.363,156.58366,157.75267,156.58366,0.3369,77.9,238.93,238.82,10,take_profit,21.40317,0.25978,-0.26308,4.53513,london,2021
GBPJPY,1,2021-10-25 12:00:00,2021-10-25 22:00:00,156.416,156.525,156.02341,157.20117,0.3411,10.9,33.83,33.72,10,time_exit,22.06601,0.26172,-1.57091,1.85458,london,2021
GBPJPY,1,2021-10-26 08:00:00,2021-10-26 13:00:00,156.797,157.36323,156.51388,157.36323,0.4743,56.6,244.39,244.24,5,take_profit,15.80315,0.18874,0.53883,1.66654,london,2021
GBPJPY,-1,2021-10-26 21:00:00,2021-10-27 07:00:00,157.139,157.028,157.49337,156.43026,0.3865,11.1,39.04,29.73,10,time_exit,33.8776,0.23625,0.90249,1.85971,new_york,2021
GBPJPY,-1,2021-10-27 09:00:00,2021-10-27 10:00:00,157.003,156.44963,157.27968,156.44963,0.4966,55.3,250.07,249.91,1,take_profit,22.59668,0.18446,0.0767,2.32717,london,2021
GBPJPY,-1,2021-10-27 23:00:00,2021-10-28 09:00:00,156.363,156.311,156.78194,155.52511,0.3345,5.2,15.83,15.72,10,time_exit,23.77565,0.2793,-1.09857,0.56457,,2021
GBPJPY,-1,2021-10-28 21:00:00,2021-10-29 03:00:00,156.487,156.85734,156.85734,155.74633,0.3789,-37.0,-127.69,-136.81,6,stop_loss,13.44326,0.24689,0.07927,-0.02913,new_york,2021
GBPJPY,1,2021-10-29 20:00:00,2021-11-01 06:00:00,155.99,156.217,155.57895,156.81211,0.3379,22.7,69.8,82.0,10,time_exit,16.44858,0.27404,-2.007,0.14498,new_york,2021
GBPJPY,-1,2021-11-01 21:00:00,2021-11-02 07:00:00,155.838,155.241,156.22466,155.06468,0.3612,59.7,196.23,187.53,10,time_exit,11.61549,0.25777,-1.70405,-0.54994,new_york,2021
GBPJPY,-1,2021-11-02 10:00:00,2021-11-02 16:00:00,155.18,155.51301,155.51301,154.51399,0.4259,-33.3,-129.06,-129.2,6,stop_loss,27.16467,0.222,-3.63114,-1.48651,london,2021
GBPJPY,1,2021-11-03 09:00:00,2021-11-03 17:00:00,155.192,155.72004,154.92798,155.72004,0.5318,52.8,255.54,255.37,8,take_profit,19.61817,0.17601,-1.52784,-3.44587,london,2021
GBPJPY,-1,2021-11-04 02:00:00,2021-11-04 11:00:00,156.053,155.47605,156.34148,155.47605,0.4964,57.7,260.62,260.46,9,take_profit,29.29553,0.19232,2.59341,-2.29076,,2021
GBPJPY,-1,2021-11-05 04:00:00,2021-11-05 14:00:00,153.516,153.015,153.9195,152.70899,0.362,50.1,165.04,164.92,10,time_exit,43.36495,0.269,-4.84197,-3.22036,,2021
GBPJPY,-1,2021-11-05 14:00:00,2021-11-08 00:00:00,153.054,152.964,153.47102,152.21996,0.3546,9.0,29.04,3.65,10,time_exit,43.33185,0.27801,-4.50679,-4.13684,london,2021
GBPJPY,1,2021-11-09 00:00:00,2021-11-09 04:00:00,153.5,153.17031,153.17031,154.15938,0.4495,-33.0,-134.86,-135.0,4,stop_loss,14.39493,0.21979,0.33849,-5.81613,,2021
GBPJPY,-1,2021-11-09 10:00:00,2021-11-09 11:00:00,153.097,153.41932,153.41932,152.45236,0.4551,-32.2,-133.49,-133.63,1,stop_loss,19.73791,0.21488,-1.57203,-5.70336,london,2021
GBPJPY,1,2021-11-09 16:00:00,2021-11-10 02:00:00,153.032,153.002,152.67311,153.74978,0.4047,-3.0,-11.05,-6.26,10,time_exit,15.672,0.23926,-1.5866,-4.93165,new_york,2021
GBPJPY,-1,2021-11-10 03:00:00,2021-11-10 09:00:00,153.002,153.31227,153.31227,152.38146,0.4677,-31.0,-132.05,-132.2,6,stop_loss,21.7185,0.20685,-1.24994,-5.58072,,2021
GBPJPY,-1,2021-11-10 12:00:00,2021-11-10 16:00:00,153.239,153.55867,153.55867,152.59965,0.4494,-32.0,-130.73,-130.87,4,stop_loss,19.06764,0.21312,0.1341,-5.11583,london,2021
GBPJPY,-1,2021-11-11 03:00:00,2021-11-11 13:00:00,152.799,152.684,153.16779,152.06141,0.3856,11.5,40.35,40.23,10,time_exit,18.83801,0.24586,-1.28691,-4.10176,,2021
GBPJPY,1,2021-11-11 21:00:00,2021-11-12 07:00:00,152.502,152.684,152.18201,153.14198,0.4458,18.2,73.83,79.1,10,time_exit,16.48144,0.21333,-1.90249,-4.62031,new_york,2021
GBPJPY,1,2021-11-12 12:00:00,2021-11-12 16:00:00,152.735,152.45776,152.45776,153.28947,0.5174,-27.7,-130.53,-130.69,4,stop_loss,14.69391,0.18482,-0.26216,-5.04392,london,2021
GBPJPY,1,2021-11-12 22:00:00,2021-11-15 08:00:00,152.868,153.058,152.59343,153.41714,0.5172,19.0,89.42,108.1,10,time_exit,12.98092,0.18305,0.51935,-4.66277,,2021
GBPJPY,1,2021-11-15 23:00:00,2021-11-16 09:00:00,153.055,153.586,152.7895,153.586,0.5386,53.1,260.26,260.09,10,take_profit,23.53676,0.177,0.8104,-3.20665,,2021
GBPJPY,1,2021-11-16 16:00:00,2021-11-17 02:00:00,153.996,154.117,153.67008,154.64784,0.4475,12.1,49.27,54.56,10,time_exit,28.12752,0.21728,3.70599,-1.27723,new_york,2021
GBPJPY,-1,2021-11-18 01:00:00,2021-11-18 11:00:00,154.008,154.062,154.35522,153.31357,0.4216,-5.4,-20.72,-20.85,10,time_exit,22.98297,0.23148,0.44488,0.96726,,2021
GBPJPY,-1,2021-11-19 05:00:00,2021-11-19 11:00:00,154.217,153.73047,154.46026,153.73047,0.6008,48.7,266.0,265.81,6,take_profit,9.36645,0.16218,1.08905,1.69185,,2021
GBPJPY,-1,2021-11-23 02:00:00,2021-11-23 04:00:00,153.785,154.08753,154.08753,153.17995,0.4928,-30.3,-135.67,-135.83,2,stop_loss,26.40092,0.20168,0.73528,-0.19675,,2021
GBPJPY,1,2021-11-24 14:00:00,2021-11-25 00:00:00,153.763,153.809,153.40521,154.47859,0.4125,4.6,17.27,32.17,10,time_exit,17.52714,0.23853,-0.03343,0.21456,london,2021
GBPJPY,-1,2021-11-25 20:00:00,2021-11-26 01:00:00,153.697,153.24361,153.92369,153.24361,0.6519,45.3,268.96,253.26,5,take_profit,19.46947,0.15113,-0.53274,0.24123,new_york,2021
GBPJPY,1,2021-11-26 07:00:00,2021-11-26 08:00:00,152.639,152.30746,152.30746,153.30207,0.4546,-33.2,-137.15,-137.29,1,stop_loss,34.26364,0.22102,-4.11853,-0.60253,london,2021
GBPJPY,1,2021-11-26 12:00:00,2021-11-26 17:00:00,151.736,151.21024,151.21024,152.78751,0.2838,-52.6,-135.78,-135.87,5,stop_loss,47.1972,0.3505,-4.44588,-0.8969,london,2021
GBPJPY,1,2021-11-26 20:00:00,2021-11-29 06:00:00,150.767,151.414,150.17895,151.9431,0.2512,64.7,147.9,156.97,10,time_exit,55.9257,0.39203,-5.16159,-1.67381,new_york,2021
GBPJPY,1,2021-11-29 06:00:00,2021-11-29 08:00:00,151.578,150.96539,150.96539,152.80322,0.2438,-61.3,-135.91,-135.99,2,stop_loss,45.16228,0.40841,-1.79946,-2.28151,,2021
GBPJPY,1,2021-12-01 11:00:00,2021-12-01 17:00:00,150.831,150.36603,150.36603,151.76094,0.318,-46.5,-134.55,-134.65,6,stop_loss,24.36711,0.30998,-0.64957,-4.06941,london,2021
GBPJPY,1,2021-12-01 23:00:00,2021-12-02 09:00:00,149.626,150.47,149.12793,150.62213,0.2939,84.4,225.73,225.64,10,time_exit,25.93486,0.33204,-3.50135,-3.90609,,2021
GBPJPY,1,2021-12-02 20:00:00,2021-12-03 06:00:00,150.565,150.452,150.13676,151.42148,0.3476,-11.3,-35.74,-31.63,10,time_exit,15.36775,0.28549,0.02605,-4.40909,new_york,2021
GBPJPY,-1,2021-12-03 17:00:00,2021-12-03 18:00:00,150.237,149.39759,150.65671,149.39759,0.3537,83.9,270.18,270.07,1,take_profit,9.51779,0.2798,-0.92139,-3.79542,new_york,2021
GBPJPY,-1,2021-12-06 15:00:00,2021-12-06 20:00:00,150.114,150.49699,150.49699,149.34802,0.3953,-38.3,-137.77,-137.9,5,stop_loss,22.82132,0.25533,0.35599,-4.51707,london,2021
GBPJPY,-1,2021-12-07 08:00:00,2021-12-07 13:00:00,151.077,150.43326,151.39887,150.43326,0.4657,64.4,272.81,272.66,5,take_profit,26.85999,0.21458,3.72089,-3.6842,london,2021
GBPJPY,-1,2021-12-07 16:00:00,2021-12-08 02:00:00,150.47,150.376,150.83055,149.7489,0.424,9.4,36.27,26.06,10,time_exit,22.68774,0.24037,0.34782,-2.72972,new_york,2021
GBPJPY,1,2021-12-08 20:00:00,2021-12-08 23:00:00,150.453,149.98195,149.98195,151.3951,0.3254,-47.1,-139.48,-127.73,3,stop_loss,33.506,0.31403,0.2652,-1.61246,new_york,2021
GBPJPY,1,2021-12-09 16:00:00,2021-12-10 02:00:00,149.685,149.881,149.32209,150.41081,0.4181,19.6,74.57,79.51,10,time_exit,44.65699,0.24194,-1.95196,-2.33145,new_york,2021
GBPJPY,-1,2021-12-10 04:00:00,2021-12-10 14:00:00,149.984,150.182,150.30896,149.33408,0.4695,-19.8,-84.59,-84.74,10,time_exit,27.12941,0.21664,-0.39223,-2.5931,,2021
GBPJPY,-1,2021-12-14 15:00:00,2021-12-15 01:00:00,150.467,150.471,150.73918,149.92265,0.5571,-0.4,-2.03,-15.44,10,time_exit,17.81789,0.18145,1.46395,-1.37635,london,2021
GBPJPY,1,2021-12-15 12:00:00,2021-12-15 16:00:00,150.822,150.56277,150.56277,151.34045,0.5848,-25.9,-137.95,-138.14,4,stop_loss,12.59377,0.17282,2.48821,-0.40915,london,2021
GBPJPY,-1,2021-12-16 04:00:00,2021-12-16 10:00:00,151.219,151.57192,151.57192,150.51315,0.4252,-35.3,-136.56,-136.7,6,stop_loss,21.48031,0.23528,2.39922,0.52874,,2021
GBPJPY,-1,2021-12-16 10:00:00,2021-12-16 11:00:00,151.369,151.66626,151.66626,150.77447,0.4998,-29.7,-135.2,-135.36,1,stop_loss,20.24273,0.19818,2.97256,1.05195,london,2021
GBPJPY,1,2021-12-16 14:00:00,2021-12-16 15:00:00,151.575,152.23332,151.24584,152.23332,0.4469,65.8,267.73,267.59,1,take_profit,24.23794,0.21944,3.02642,1.35097,london,2021
GBPJPY,1,2021-12-20 00:00:00,2021-12-20 07:00:00,150.338,149.968,149.968,151.07801,0.4055,-37.0,-136.53,-136.66,7,stop_loss,21.60424,0.24667,-2.1198,0.95241,,2021
GBPJPY,-1,2021-12-20 11:00:00,2021-12-20 13:00:00,149.759,150.10566,150.10566,149.06568,0.4284,-34.7,-135.14,-135.28,2,stop_loss,40.19938,0.23111,-3.9815,-0.09066,london,2021
GBPJPY,1,2021-12-21 06:00:00,2021-12-21 15:00:00,150.172,150.79033,149.86284,150.79033,0.4756,61.8,267.61,267.46,9,take_profit,25.26352,0.20611,-0.91506,-1.12892,,2021
GBPJPY,-1,2021-12-21 16:00:00,2021-12-21 18:00:00,150.783,151.10287,151.10287,150.14325,0.4688,-32.0,-136.46,-136.61,2,stop_loss,18.93887,0.21325,1.77302,-0.829,new_york,2021
GBPJPY,1,2021-12-21 20:00:00,2021-12-22 06:00:00,151.313,151.268,150.97711,151.98477,0.442,-4.5,-18.1,-12.87,10,time_exit,23.53473,0.22392,3.61022,-0.43027,new_york,2021
GBPJPY,1,2021-12-22 20:00:00,2021-12-23 06:00:00,152.552,152.365,152.21933,153.21735,0.4457,-18.7,-75.84,-59.75,10,time_exit,36.71204,0.22178,5.64656,2.08019,new_york,2021
GBPJPY,-1,2021-12-23 12:00:00,2021-12-23 13:00:00,153.213,153.49988,153.49988,152.63923,0.5139,-28.7,-134.16,-134.32,1,stop_loss,43.83347,0.19126,6.92962,4.19345,london,2021
GBPJPY,1,2021-12-23 14:00:00,2021-12-23 16:00:00,153.529,153.22738,153.22738,154.13225,0.4839,-30.2,-132.82,-132.97,2,stop_loss,48.17211,0.20108,7.57126,4.3523,london,2021
GBPJPY,-1,2021-12-28 15:00:00,2021-12-28 17:00:00,154.46,154.02637,154.67681,154.02637,0.6664,43.4,262.96,262.75,2,take_profit,39.0333,0.14454,3.84579,9.97872,london,2021
GBPJPY,-1,2021-12-29 15:00:00,2021-12-29 16:00:00,154.359,154.58631,154.58631,153.90437,0.6483,-22.7,-134.1,-134.31,1,stop_loss,12.10014,0.15154,1.51322,8.47545,london,2021
GBPJPY,-1,2021-12-29 18:00:00,2021-12-30 03:00:00,155.008,155.30507,155.30507,154.41386,0.4911,-29.7,-132.76,-167.92,9,stop_loss,19.80463,0.19805,4.04209,6.58057,new_york,2021
GBPJPY,1,2021-12-30 03:00:00,2021-12-30 10:00:00,155.214,154.97358,154.97358,155.69485,0.6007,-24.0,-131.43,-131.62,7,stop_loss,34.75022,0.16028,4.65615,8.59954,,2021
GBPJPY,1,2021-12-30 18:00:00,2021-12-31 04:00:00,155.434,155.386,155.15247,155.99705,0.5079,-4.8,-22.19,-16.18,10,time_exit,32.77192,0.18768,3.29432,7.625,new_york,2021
GBPJPY,-1,2022-01-03 05:00:00,2022-01-03 15:00:00,155.669,155.299,155.97991,155.04718,0.4591,37.0,154.58,154.43,10,time_exit,29.06121,0.20727,1.64995,6.64377,,2022
GBPJPY,1,2022-01-05 05:00:00,2022-01-05 12:00:00,156.948,156.61029,156.61029,157.62342,0.4277,-33.8,-131.44,-131.58,7,stop_loss,39.29213,0.22514,2.78701,6.68058,,2022
GBPJPY,-1,2022-01-05 21:00:00,2022-01-06 04:00:00,157.619,156.88944,157.98378,156.88944,0.392,73.0,260.25,232.19,7,take_profit,27.13324,0.24319,3.95389,6.2358,new_york,2022
GBPJPY,-1,2022-01-07 00:00:00,2022-01-07 02:00:00,156.7,157.04701,157.04701,156.00598,0.4203,-34.7,-132.72,-132.85,2,stop_loss,14.57392,0.23134,0.16732,5.2413,,2022
GBPJPY,1,2022-01-10 19:00:00,2022-01-11 05:00:00,156.202,156.85152,155.87724,156.85152,0.4446,65.0,262.79,268.05,10,take_profit,29.97964,0.21651,-3.05247,3.8472,new_york,2022
GBPJPY,-1,2022-01-11 23:00:00,2022-01-12 09:00:00,157.147,157.283,157.446,156.549,0.4925,-13.6,-60.95,-61.11,10,time_exit,17.81815,0.19933,1.46743,3.20992,,2022
GBPJPY,-1,2022-01-12 16:00:00,2022-01-12 18:00:00,157.569,157.04616,157.83042,157.04616,0.5607,52.3,266.77,266.59,2,take_profit,18.76226,0.17428,2.80311,3.98383,new_york,2022
GBPJPY,-1,2022-01-13 06:00:00,2022-01-13 11:00:00,157.048,157.34094,157.34094,156.46213,0.5104,-29.3,-136.06,-136.22,5,stop_loss,15.04571,0.19529,-0.22571,3.1369,,2022
GBPJPY,-1,2022-01-14 12:00:00,2022-01-14 15:00:00,156.448,155.81164,156.76618,155.81164,0.4652,63.6,269.39,269.24,3,take_profit,37.38859,0.21212,-1.14741,0.8424,london,2022
GBPJPY,1,2022-01-14 18:00:00,2022-01-17 03:00:00,155.7,156.4921,155.30395,156.4921,0.3812,79.2,274.77,288.54,9,take_profit,40.90835,0.26403,-3.11104,0.16644,new_york,2022
GBPJPY,1,2022-01-19 11:00:00,2022-01-19 13:00:00,155.578,156.155,155.2895,156.155,0.5338,57.7,280.28,280.11,2,take_profit,29.27628,0.19233,-2.28115,-1.50398,london,2022
GBPJPY,1,2022-01-19 15:00:00,2022-01-19 17:00:00,156.061,155.75162,155.75162,156.67977,0.5077,-30.9,-142.94,-143.1,2,stop_loss,24.80904,0.20626,0.19292,-1.34544,london,2022
GBPJPY,-1,2022-01-19 22:00:00,2022-01-20 07:00:00,155.658,155.95439,155.95439,155.06522,0.5246,-29.6,-141.49,-179.05,9,stop_loss,18.4468,0.19759,-1.58066,-1.49841,,2022
GBPJPY,-1,2022-01-25 22:00:00,2022-01-26 08:00:00,153.993,153.894,154.43179,153.11541,0.3508,9.9,31.6,23.15,10,time_exit,16.98395,0.29253,0.61411,-3.99925,,2022
GBPJPY,-1,2022-01-26 11:00:00,2022-01-26 15:00:00,154.051,154.38203,154.38203,153.38894,0.4661,-33.1,-140.41,-140.56,4,stop_loss,11.80136,0.22069,0.98983,-4.59344,london,2022
GBPJPY,1,2022-01-28 14:00:00,2022-01-28 17:00:00,154.842,154.48798,154.48798,155.55005,0.4314,-35.4,-138.98,-139.12,3,stop_loss,12.24223,0.23602,1.85284,-1.15325,london,2022
GBPJPY,-1,2022-01-31 20:00:00,2022-02-01 06:00:00,154.69,154.598,155.10211,153.86578,0.3669,9.2,30.72,21.89,10,time_exit,18.71244,0.27474,0.03441,-0.06923,new_york,2022
GBPJPY,1,2022-02-01 06:00:00,2022-02-01 16:00:00,154.549,154.909,154.21841,155.21018,0.4584,36.0,150.17,150.02,10,time_exit,17.59568,0.22039,-0.6287,-0.05705,,2022
GBPJPY,1,2022-02-01 21:00:00,2022-02-02 07:00:00,154.944,155.15,154.6247,155.58261,0.4797,20.6,89.92,95.59,10,time_exit,13.21642,0.21287,0.90432,0.16735,new_york,2022
GBPJPY,-1,2022-02-02 20:00:00,2022-02-03 06:00:00,155.228,155.189,155.5228,154.6384,0.523,3.9,18.56,-18.88,10,time_exit,10.18352,0.19653,1.35266,0.85339,new_york,2022
GBPJPY,-1,2022-02-03 18:00:00,2022-02-04 04:00:00,156.357,156.426,156.76536,155.54028,0.378,-6.9,-23.73,-32.83,10,time_exit,28.21656,0.27224,3.90093,1.34118,new_york,2022
GBPJPY,-1,2022-02-04 22:00:00,2022-02-07 08:00:00,155.931,155.999,156.27456,155.24388,0.4486,-6.8,-27.76,-59.88,10,time_exit,23.34339,0.22904,0.3521,2.71162,,2022
GBPJPY,-1,2022-02-08 07:00:00,2022-02-08 11:00:00,156.067,156.32793,156.32793,155.54514,0.5894,-26.1,-139.95,-140.14,4,stop_loss,14.30876,0.17395,1.35504,2.52077,london,2022
GBPJPY,1,2022-02-08 13:00:00,2022-02-08 23:00:00,156.217,156.541,155.92693,156.79714,0.5249,32.4,154.76,160.97,10,time_exit,17.47511,0.19338,1.57448,2.44553,london,2022
GBPJPY,1,2022-02-08 23:00:00,2022-02-09 09:00:00,156.563,156.398,156.27776,157.13347,0.5397,-16.5,-81.04,-81.21,10,time_exit,20.33568,0.19016,2.48551,2.92522,,2022
GBPJPY,-1,2022-02-09 11:00:00,2022-02-09 12:00:00,156.573,156.84465,156.84465,156.02971,0.5634,-27.2,-139.27,-139.45,1,stop_loss,14.081,0.1811,1.80735,3.32018,london,2022
GBPJPY,1,2022-02-09 15:00:00,2022-02-09 17:00:00,156.725,156.44529,156.44529,157.28442,0.5417,-28.0,-137.88,-138.05,2,stop_loss,15.58631,0.18647,2.20895,3.36007,london,2022
GBPJPY,-1,2022-02-09 19:00:00,2022-02-10 05:00:00,156.31,156.353,156.60363,155.72273,0.5109,-4.3,-19.99,-56.57,10,time_exit,14.57138,0.19576,-0.16074,3.17684,new_york,2022
GBPJPY,-1,2022-02-10 11:00:00,2022-02-10 12:00:00,156.608,156.83673,156.83673,156.15055,0.6549,-22.9,-136.31,-136.52,1,stop_loss,15.31991,0.15248,1.50391,3.66271,london,2022
GBPJPY,-1,2022-02-10 16:00:00,2022-02-10 17:00:00,157.367,157.65412,157.65412,156.79276,0.5164,-28.7,-134.92,-135.08,1,stop_loss,28.0758,0.19141,4.4185,3.35121,new_york,2022
GBPJPY,1,2022-02-11 18:00:00,2022-02-11 20:00:00,157.627,157.25315,157.25315,158.37471,0.3927,-37.4,-133.6,-133.73,2,stop_loss,19.47427,0.24924,2.28859,3.33055,new_york,2022
GBPJPY,-1,2022-02-17 10:00:00,2022-02-17 20:00:00,156.756,156.765,157.16971,155.92859,0.3513,-0.9,-2.88,-2.99,10,time_exit,19.91603,0.2758,0.34924,0.89114,london,2022
GBPJPY,-1,2022-02-18 16:00:00,2022-02-21 02:00:00,156.577,156.512,156.91792,155.89517,0.4262,6.5,25.21,-5.3,10,time_exit,22.36038,0.22728,-0.42637,0.86949,new_york,2022
GBPJPY,-1,2022-02-22 11:00:00,2022-02-22 17:00:00,155.995,156.36258,156.36258,155.25983,0.396,-36.8,-132.46,-132.59,6,stop_loss,32.41217,0.24506,-1.02063,-0.61243,london,2022
GBPJPY,1,2022-02-23 13:00:00,2022-02-23 17:00:00,156.507,156.19419,156.19419,157.13261,0.4607,-31.3,-131.14,-131.29,4,stop_loss,28.29847,0.20854,0.96849,-0.31935,london,2022
GBPJPY,1,2022-02-23 17:00:00,2022-02-23 18:00:00,156.316,155.9984,155.9984,156.95119,0.4492,-31.8,-129.82,-129.96,1,stop_loss,27.64542,0.21173,-0.04015,-0.2659,new_york,2022
GBPJPY,-1,2022-02-24 01:00:00,2022-02-24 05:00:00,155.72,155.12686,156.01657,155.12686,0.4762,59.3,257.03,256.88,4,take_profit,25.42504,0.19771,-2.32509,-0.76667,,2022
GBPJPY,1,2022-02-25 14:00:00,2022-02-28 00:00:00,154.565,154.12258,154.12258,155.44985,0.3256,-44.2,-131.09,-119.33,10,stop_loss,18.34034,0.29495,-1.01152,-3.06186,london,2022
GBPJPY,1,2022-03-01 18:00:00,2022-03-01 19:00:00,153.282,152.8499,152.8499,154.1462,0.33,-43.2,-129.76,-129.87,1,stop_loss,19.96851,0.28807,-3.72572,-2.95951,new_york,2022
GBPJPY,-1,2022-03-02 07:00:00,2022-03-02 12:00:00,153.138,153.50124,153.50124,152.41153,0.3887,-36.3,-128.48,-128.6,5,stop_loss,30.66301,0.24216,-2.91416,-4.56503,london,2022
GBPJPY,1,2022-03-04 02:00:00,2022-03-04 03:00:00,154.171,153.81784,153.81784,154.87732,0.3957,-35.3,-127.17,-127.3,1,stop_loss,27.16747,0.23544,-0.5291,-1.89134,,2022
GBPJPY,1,2022-03-07 06:00:00,2022-03-07 13:00:00,151.749,151.23524,151.23524,152.77651,0.2693,-51.4,-125.9,-125.99,7,stop_loss,58.73837,0.3425,-3.86842,-3.39404,,2022
GBPJPY,-1,2022-03-09 05:00:00,2022-03-09 11:00:00,151.93,152.3178,152.3178,151.15441,0.3532,-38.8,-124.64,-124.75,6,stop_loss,15.70932,0.25853,0.45889,-5.49752,,2022
GBPJPY,-1,2022-03-09 13:00:00,2022-03-09 23:00:00,152.497,152.784,152.88498,151.72104,0.3495,-28.7,-91.28,-116.3,10,time_exit,23.36485,0.25865,2.37895,-4.86972,london,2022
GBPJPY,-1,2022-03-10 12:00:00,2022-03-10 22:00:00,152.672,151.92085,153.04757,151.92085,0.3584,75.1,244.98,244.87,10,take_profit,31.44446,0.25038,1.16986,-2.66656,london,2022
GBPJPY,1,2022-03-14 03:00:00,2022-03-14 13:00:00,153.373,153.928,152.9856,154.1478,0.3544,55.5,178.99,178.88,10,time_exit,35.2429,0.25827,2.67447,-0.93903,,2022
GBPJPY,1,2022-03-16 15:00:00,2022-03-16 21:00:00,154.817,155.50599,154.47251,155.50599,0.4042,68.9,253.42,253.29,6,take_profit,21.19152,0.22966,3.25089,2.76589,london,2022
GBPJPY,1,2022-03-17 17:00:00,2022-03-18 03:00:00,155.767,156.21,155.24563,156.80974,0.2724,44.3,109.81,113.03,10,time_exit,47.6814,0.34758,1.23531,3.80105,new_york,2022
GBPJPY,-1,2022-03-18 23:00:00,2022-03-21 09:00:00,157.027,156.831,157.369,156.34299,0.4188,19.6,74.7,54.67,10,time_exit,30.87466,0.228,3.98358,6.56931,,2022
GBPJPY,1,2022-03-21 18:00:00,2022-03-22 04:00:00,157.239,157.531,156.90634,157.90433,0.433,29.2,115.06,120.18,10,time_exit,20.524,0.22178,3.24272,6.80213,new_york,2022
GBPJPY,1,2022-03-24 08:00:00,2022-03-24 14:00:00,159.897,160.70538,159.49281,160.70538,0.3595,80.8,264.46,264.35,6,take_profit,22.81597,0.26946,1.42152,9.00767,london,2022
GBPJPY,1,2022-03-25 09:00:00,2022-03-25 11:00:00,160.873,160.37783,160.37783,161.86334,0.2993,-49.5,-134.87,-134.97,2,stop_loss,26.98033,0.33011,1.48529,7.46658,london,2022
GBPJPY,-1,2022-03-25 14:00:00,2022-03-25 16:00:00,160.546,161.1092,161.1092,159.41961,0.2605,-56.3,-133.51,-133.59,2,stop_loss,25.25643,0.37546,0.42391,6.25178,london,2022
GBPJPY,-1,2022-03-25 19:00:00,2022-03-28 04:00:00,160.922,161.50557,161.50557,159.75486,0.2489,-58.4,-132.18,-150.0,9,stop_loss,20.03487,0.38905,1.14735,5.91076,new_york,2022
GBPJPY,1,2022-03-28 15:00:00,2022-03-28 16:00:00,162.686,161.76221,161.76221,164.53358,0.1557,-92.4,-130.89,-130.94,1,stop_loss,30.64447,0.61586,2.20106,4.03051,london,2022
GBPJPY,-1,2022-03-30 18:00:00,2022-03-31 04:00:00,160.715,160.428,161.49449,159.15602,0.1826,28.7,47.69,34.62,10,time_exit,17.46775,0.51966,-0.21471,2.13431,new_york,2022
GBPJPY,1,2022-03-31 09:00:00,2022-03-31 10:00:00,160.232,159.68898,159.68898,161.31805,0.2631,-54.3,-130.01,-130.09,1,stop_loss,13.74522,0.36202,-0.92913,2.14078,london,2022
GBPJPY,1,2022-04-01 22:00:00,2022-04-04 08:00:00,160.706,161.035,160.24262,161.63277,0.3052,32.9,91.37,102.39,10,time_exit,14.43879,0.30892,0.58868,1.76935,,2022
GBPJPY,-1,2022-04-04 14:00:00,2022-04-04 17:00:00,160.813,161.1937,161.1937,160.0516,0.3742,-38.1,-129.64,-129.76,3,stop_loss,8.32776,0.2538,0.59055,2.21009,london,2022
GBPJPY,1,2022-04-06 11:00:00,2022-04-06 21:00:00,161.868,161.758,161.49856,162.60689,0.3817,-11.0,-38.21,-38.33,10,time_exit,37.18835,0.2463,2.03273,3.28894,london,2022
GBPJPY,-1,2022-04-07 04:00:00,2022-04-07 09:00:00,161.626,161.98903,161.98903,160.89995,0.3873,-36.3,-127.95,-128.07,5,stop_loss,22.41044,0.24202,0.02111,3.52431,,2022
GBPJPY,-1,2022-04-07 14:00:00,2022-04-07 15:00:00,161.852,162.20148,162.20148,161.15303,0.3983,-34.9,-126.67,-126.8,1,stop_loss,15.07828,0.23299,0.6652,3.54324,london,2022
GBPJPY,-1,2022-04-07 17:00:00,2022-04-08 01:00:00,161.978,162.3435,162.3435,161.24699,0.377,-36.6,-125.39,-134.47,8,stop_loss,14.65036,0.24367,1.00012,3.40976,new_york,2022
GBPJPY,-1,2022-04-08 03:00:00,2022-04-08 13:00:00,162.173,161.847,162.50567,161.50766,0.41,32.6,121.63,121.5,10,time_exit,14.02189,0.22178,1.5605,3.68895,,2022
GBPJPY,-1,2022-04-11 00:00:00,2022-04-11 01:00:00,161.569,161.88578,161.88578,160.93543,0.4348,-31.7,-125.34,-125.48,1,stop_loss,10.59523,0.21119,0.53638,3.35172,,2022
GBPJPY,-1,2022-04-11 06:00:00,2022-04-11 09:00:00,162.496,162.8918,162.8918,161.70439,0.3445,-39.6,-124.08,-124.19,3,stop_loss,13.27294,0.26387,2.0199,2.72252,,2022
GBPJPY,-1,2022-04-12 23:00:00,2022-04-13 04:00:00,162.954,163.31527,163.31527,162.23147,0.3737,-36.1,-122.85,-122.97,5,stop_loss,22.51747,0.24084,-0.28206,4.51865,,2022
GBPJPY,-1,2022-04-13 17:00:00,2022-04-13 18:00:00,163.702,164.07558,164.07558,162.95484,0.3577,-37.4,-121.6,-121.71,1,stop_loss,21.54705,0.24905,1.69688,4.36806,new_york,2022
GBPJPY,1,2022-04-14 19:00:00,2022-04-15 04:00:00,164.34,165.08589,163.96705,165.08589,0.3547,74.6,240.76,244.95,9,take_profit,19.76496,0.24863,1.0881,5.41987,new_york,2022
GBPJPY,1,2022-04-20 14:00:00,2022-04-21 00:00:00,166.839,167.119,166.23017,168.05667,0.2216,28.0,56.46,64.46,10,time_exit,28.99116,0.40589,0.21347,4.91475,london,2022
GBPJPY,1,2022-04-26 12:00:00,2022-04-26 14:00:00,162.663,161.97831,161.97831,164.03238,0.198,-68.5,-123.37,-123.43,2,stop_loss,30.62105,0.45646,-2.76827,-2.13596,london,2022
GBPJPY,1,2022-04-27 03:00:00,2022-04-27 13:00:00,160.102,161.01,159.47534,161.35532,0.2141,90.8,176.91,176.84,10,time_exit,52.21869,0.41777,-5.69836,-4.43837,,2022
GBPJPY,-1,2022-04-27 14:00:00,2022-04-28 00:00:00,161.019,161.096,161.67543,159.70614,0.2074,-7.7,-14.53,-29.38,10,time_exit,37.79933,0.43762,-1.93395,-4.79679,london,2022
GBPJPY,1,2022-04-29 21:00:00,2022-05-02 07:00:00,163.237,163.645,162.60054,164.50993,0.2136,40.8,79.31,87.02,10,time_exit,18.74771,0.42431,1.03197,-1.40771,new_york,2022
GBPJPY,-1,2022-05-02 07:00:00,2022-05-02 17:00:00,163.604,163.032,164.14204,162.52792,0.2543,57.2,132.37,132.29,10,time_exit,14.96712,0.35869,1.68025,-1.10278,london,2022
GBPJPY,-1,2022-05-03 07:00:00,2022-05-03 10:00:00,162.886,163.27417,163.27417,162.10967,0.3563,-38.8,-125.86,-125.97,3,stop_loss,25.44536,0.25878,-0.1871,-1.4242,london,2022
GBPJPY,1,2022-05-03 15:00:00,2022-05-03 21:00:00,162.81,162.36484,162.36484,163.70033,0.3075,-44.5,-124.57,-124.67,6,stop_loss,19.76667,0.29678,-0.38747,-1.17008,london,2022
GBPJPY,1,2022-05-04 02:00:00,2022-05-04 12:00:00,162.618,162.643,162.22495,163.40411,0.3448,2.5,7.84,7.73,10,time_exit,13.97725,0.26204,-0.8098,-1.4465,,2022
GBPJPY,1,2022-05-04 14:00:00,2022-05-04 16:00:00,162.719,162.38567,162.38567,163.38567,0.4069,-33.3,-123.43,-123.56,2,stop_loss,12.79851,0.22222,-0.09652,-1.79717,london,2022
GBPJPY,1,2022-05-05 01:00:00,2022-05-05 04:00:00,163.148,162.60077,162.60077,164.24245,0.2453,-54.7,-122.15,-122.23,3,stop_loss,17.62438,0.36482,1.24553,-1.07312,,2022
GBPJPY,1,2022-05-05 04:00:00,2022-05-05 07:00:00,162.779,162.22638,162.22638,163.88424,0.2405,-55.3,-120.94,-121.02,3,stop_loss,15.4596,0.36841,0.13749,-0.95398,,2022
GBPJPY,1,2022-05-06 01:00:00,2022-05-06 11:00:00,160.875,160.965,160.24775,162.12949,0.2098,9.0,17.18,17.11,10,time_exit,34.05592,0.41816,-2.82985,-1.78817,,2022
GBPJPY,1,2022-05-06 14:00:00,2022-05-06 16:00:00,161.184,160.54949,160.54949,162.45302,0.2077,-63.5,-119.93,-120.0,2,stop_loss,26.69357,0.42301,-1.20766,-2.17645,london,2022
GBPJPY,-1,2022-05-09 04:00:00,2022-05-09 12:00:00,160.99,161.53085,161.53085,159.9083,0.2412,-54.1,-118.71,-118.79,8,stop_loss,21.63673,0.36057,-1.18326,-2.75473,,2022
GBPJPY,1,2022-05-09 13:00:00,2022-05-09 17:00:00,161.565,161.02428,161.02428,162.64644,0.2388,-54.1,-117.5,-117.58,4,stop_loss,19.07084,0.36048,0.71632,-2.73347,london,2022
GBPJPY,-1,2022-05-09 18:00:00,2022-05-09 19:00:00,160.632,161.26097,161.26097,159.37406,0.2033,-62.9,-116.36,-116.42,1,stop_loss,21.8971,0.41931,-1.6757,-2.1856,new_york,2022
GBPJPY,1,2022-05-12 07:00:00,2022-05-12 08:00:00,158.753,158.10663,158.10663,160.04573,0.1958,-64.6,-115.17,-115.23,1,stop_loss,36.45207,0.43091,-3.07355,-2.93612,london,2022
GBPJPY,1,2022-05-16 02:00:00,2022-05-16 05:00:00,158.529,157.90222,157.90222,159.78257,0.1999,-62.7,-114.02,-114.08,3,stop_loss,21.26067,0.41786,1.38216,-4.65028,,2022
GBPJPY,-1,2022-05-16 14:00:00,2022-05-17 00:00:00,158.608,159.016,159.33621,157.15158,0.1703,-40.8,-63.23,-67.33,10,time_exit,15.18597,0.48547,1.0923,-3.45376,london,2022
GBPJPY,-1,2022-05-19 01:00:00,2022-05-19 05:00:00,158.316,158.94761,158.94761,157.05279,0.1953,-63.2,-112.25,-112.31,4,stop_loss,40.89233,0.42107,-3.41705,-0.26197,,2022
GBPJPY,-1,2022-05-20 19:00:00,2022-05-23 05:00:00,159.714,159.73,160.46513,158.21173,0.1626,-1.6,-2.37,-14.01,10,time_exit,15.37995,0.50076,0.54058,-0.44577,new_york,2022
GBPJPY,1,2022-05-24 19:00:00,2022-05-25 05:00:00,158.732,159.092,158.01835,160.1593,0.171,36.0,56.02,58.04,10,time_exit,26.32034,0.47577,-2.38079,0.11486,new_york,2022
GBPJPY,-1,2022-05-25 14:00:00,2022-05-25 16:00:00,158.784,159.34578,159.34578,157.66045,0.2184,-56.2,-111.65,-111.72,2,stop_loss,17.66338,0.37452,-1.71909,-0.66353,london,2022
GBPJPY,1,2022-05-25 20:00:00,2022-05-26 06:00:00,159.744,160.353,159.13518,160.96163,0.1995,60.9,110.56,117.76,10,time_exit,17.28645,0.40588,0.82274,-0.60539,new_york,2022
GBPJPY,1,2022-05-26 15:00:00,2022-05-27 01:00:00,159.999,160.156,159.35911,161.27877,0.1917,15.7,27.39,29.66,10,time_exit,21.6547,0.42659,0.68292,-0.01631,london,2022
GBPJPY,-1,2022-05-27 02:00:00,2022-05-27 12:00:00,160.155,160.169,160.6697,159.1256,0.2389,-1.4,-3.04,-3.12,10,time_exit,15.04445,0.34313,0.90976,0.26779,,2022
GBPJPY,1,2022-05-30 07:00:00,2022-05-30 15:00:00,160.574,161.38215,160.16993,161.38215,0.3042,80.8,223.71,223.61,8,take_profit,9.58287,0.26938,1.203,1.23109,london,2022
GBPJPY,1,2022-05-31 04:00:00,2022-05-31 07:00:00,161.659,161.32545,161.32545,162.3261,0.3759,-33.4,-114.1,-114.22,3,stop_loss,38.03408,0.22237,3.77007,2.99783,,2022
GBPJPY,1,2022-06-01 18:00:00,2022-06-02 04:00:00,162.371,162.26,161.88029,163.35242,0.2529,-11.1,-25.55,-16.42,10,time_exit,38.68703,0.32714,1.14102,3.66752,new_york,2022
GBPJPY,-1,2022-06-02 04:00:00,2022-06-02 10:00:00,162.356,162.77939,162.77939,161.50921,0.2925,-42.3,-112.7,-112.79,6,stop_loss,21.27686,0.28226,0.76837,4.2006,,2022
GBPJPY,-1,2022-06-03 00:00:00,2022-06-03 10:00:00,163.296,163.316,163.66242,162.56316,0.3346,-2.0,-6.09,-6.2,10,time_exit,19.2042,0.24428,3.17655,5.12048,,2022
GBPJPY,-1,2022-06-06 02:00:00,2022-06-06 10:00:00,163.5,163.83872,163.83872,162.82256,0.3617,-33.9,-111.49,-111.61,8,stop_loss,23.45291,0.22581,1.56242,6.01734,,2022
GBPJPY,-1,2022-06-06 22:00:00,2022-06-07 04:00:00,165.451,165.89283,165.89283,164.56734,0.2745,-44.2,-110.37,-116.98,6,stop_loss,38.65388,0.29455,5.78751,5.22045,,2022
GBPJPY,1,2022-06-08 13:00:00,2022-06-08 15:00:00,167.637,168.52717,167.19192,168.52717,0.2698,89.0,218.55,218.46,2,take_profit,46.8028,0.29672,5.02408,8.57207,london,2022
GBPJPY,-1,2022-06-08 20:00:00,2022-06-09 06:00:00,168.209,167.98,168.79424,167.03852,0.2093,22.9,43.62,28.64,10,time_exit,45.91472,0.39016,3.98405,7.00825,new_york,2022
GBPJPY,1,2022-06-10 00:00:00,2022-06-10 08:00:00,167.818,167.21931,167.21931,169.01537,0.2054,-59.9,-111.9,-111.97,8,stop_loss,23.53183,0.39912,1.09736,6.46626,,2022
GBPJPY,1,2022-06-10 17:00:00,2022-06-10 18:00:00,166.046,165.38322,165.38322,167.37156,0.1836,-66.3,-110.74,-110.8,1,stop_loss,31.16657,0.44185,-2.72389,4.54805,new_york,2022
GBPJPY,1,2022-06-13 10:00:00,2022-06-13 11:00:00,165.107,164.51677,164.51677,166.28746,0.2042,-59.0,-109.68,-109.75,1,stop_loss,35.87141,0.39349,-3.29006,2.84035,london,2022
GBPJPY,-1,2022-06-14 02:00:00,2022-06-14 06:00:00,162.984,163.64881,163.64881,161.65439,0.1794,-66.5,-108.53,-108.59,4,stop_loss,45.17492,0.4432,-4.40968,-0.1355,,2022
GBPJPY,1,2022-06-15 09:00:00,2022-06-15 19:00:00,161.833,162.238,161.16389,163.17121,0.1765,40.5,65.05,64.99,10,time_exit,32.48891,0.44607,-3.07108,-2.58815,london,2022
GBPJPY,1,2022-06-17 08:00:00,2022-06-17 18:00:00,164.692,164.904,163.5783,166.9194,0.1067,21.2,20.58,20.55,10,time_exit,22.98038,0.74247,2.0341,-0.87918,london,2022
GBPJPY,1,2022-06-20 14:00:00,2022-06-21 00:00:00,165.234,165.446,164.54547,166.61107,0.1729,21.2,33.36,35.4,10,time_exit,17.00976,0.45902,1.63144,0.71461,london,2022
GBPJPY,1,2022-06-21 02:00:00,2022-06-21 11:00:00,165.57,166.54133,165.08434,166.54133,0.2458,97.1,217.26,217.18,9,take_profit,12.34633,0.32378,2.21336,1.68246,,2022
GBPJPY,1,2022-06-22 08:00:00,2022-06-22 10:00:00,166.638,166.15378,166.15378,167.60643,0.2515,-48.4,-110.82,-110.9,2,stop_loss,29.1949,0.32281,1.14475,4.12358,london,2022
GBPJPY,1,2022-06-22 12:00:00,2022-06-22 22:00:00,166.474,167.083,165.8742,167.67359,0.201,60.9,111.39,111.33,10,time_exit,26.4846,0.39986,0.40383,3.27337,london,2022
GBPJPY,-1,2022-06-22 22:00:00,2022-06-23 05:00:00,167.113,165.85213,167.74344,165.85213,0.1932,126.1,221.68,207.85,7,take_profit,19.05151,0.42029,1.45853,3.13786,,2022
GBPJPY,-1,2022-06-27 05:00:00,2022-06-27 09:00:00,165.309,165.89607,165.89607,164.13486,0.2116,-58.7,-113.04,-113.11,4,stop_loss,12.49615,0.39138,-1.20289,0.96344,,2022
GBPJPY,-1,2022-06-28 08:00:00,2022-06-28 09:00:00,166.027,166.45353,166.45353,165.17394,0.2883,-42.7,-111.9,-111.99,1,stop_loss,14.66107,0.28435,0.19717,1.45053,london,2022
GBPJPY,1,2022-06-29 05:00:00,2022-06-29 09:00:00,166.044,165.58095,165.58095,166.9701,0.2629,-46.3,-110.78,-110.86,4,stop_loss,12.81274,0.3087,-0.15918,1.28714,,2022
GBPJPY,1,2022-06-30 08:00:00,2022-06-30 10:00:00,165.598,165.19109,165.19109,166.41182,0.2962,-40.7,-109.68,-109.77,2,stop_loss,9.69318,0.27127,-0.89129,0.53329,london,2022
GBPJPY,1,2022-06-30 20:00:00,2022-07-01 05:00:00,165.203,164.6607,164.6607,166.28761,0.22,-54.2,-108.57,-105.97,9,stop_loss,17.96331,0.36154,-1.11247,-0.10658,new_york,2022
GBPJPY,-1,2022-07-01 11:00:00,2022-07-01 14:00:00,163.855,162.67577,164.44462,162.67577,0.2003,117.9,214.94,214.88,3,take_profit,30.65907,0.39308,-3.21586,-0.96728,london,2022
GBPJPY,-1,2022-07-05 08:00:00,2022-07-05 11:00:00,165.027,164.06804,165.50648,164.06804,0.2512,95.9,219.21,219.13,3,take_profit,23.78362,0.31965,2.20374,-1.90493,london,2022
GBPJPY,-1,2022-07-06 01:00:00,2022-07-06 09:00:00,162.4,161.1808,163.0096,161.1808,0.2016,121.9,223.67,223.61,8,take_profit,37.45482,0.4064,-2.89267,-2.57819,,2022
GBPJPY,-1,2022-07-06 19:00:00,2022-07-07 05:00:00,161.516,162.203,162.32916,159.88969,0.1541,-68.7,-96.34,-107.37,10,time_exit,29.91987,0.5421,-1.90766,-2.91095,new_york,2022
GBPJPY,-1,2022-07-07 07:00:00,2022-07-07 11:00:00,162.159,162.75473,162.75473,160.96754,0.2086,-59.6,-113.08,-113.15,4,stop_loss,16.13939,0.39715,-0.46623,-3.88497,london,2022
GBPJPY,-1,2022-07-11 14:00:00,2022-07-12 00:00:00,163.917,163.39,164.47762,162.79575,0.2194,52.7,105.22,99.94,10,time_exit,14.89589,0.37375,1.25637,-0.63278,london,2022
GBPJPY,-1,2022-07-12 12:00:00,2022-07-12 19:00:00,162.317,162.86899,162.86899,161.21303,0.2249,-55.2,-112.97,-113.04,7,stop_loss,27.16866,0.36799,-2.5996,-0.85984,london,2022
GBPJPY,1,2022-07-13 01:00:00,2022-07-13 09:00:00,162.639,163.58408,162.16646,163.58408,0.2601,94.5,223.69,223.61,8,take_profit,21.14695,0.31503,-0.99232,-1.58297,,2022
GBPJPY,-1,2022-07-13 09:00:00,2022-07-13 10:00:00,162.972,163.44528,163.44528,162.02543,0.2649,-47.3,-114.09,-114.17,1,stop_loss,18.81277,0.31552,0.06208,-1.48536,london,2022
GBPJPY,-1,2022-07-18 13:00:00,2022-07-18 17:00:00,165.549,166.03852,166.03852,164.56997,0.2536,-49.0,-112.97,-113.05,4,stop_loss,20.29191,0.32634,3.80064,1.49936,london,2022
GBPJPY,1,2022-07-18 19:00:00,2022-07-18 20:00:00,165.728,165.23265,165.23265,166.71869,0.2481,-49.5,-111.83,-111.91,1,stop_loss,34.42857,0.33023,3.38455,2.0627,new_york,2022
GBPJPY,1,2022-07-19 18:00:00,2022-07-20 04:00:00,165.822,165.877,165.29176,166.88249,0.2294,5.5,11.48,14.19,10,time_exit,19.00555,0.3535,2.39327,2.23315,new_york,2022
GBPJPY,-1,2022-07-22 15:00:00,2022-07-25 01:00:00,163.629,163.577,164.24906,162.38888,0.1964,5.2,9.29,-4.77,10,time_exit,35.09268,0.41337,-3.26664,0.61587,london,2022
GBPJPY,1,2022-07-25 04:00:00,2022-07-25 13:00:00,163.321,164.39267,162.78516,164.39267,0.2274,107.2,221.77,221.7,9,take_profit,42.68656,0.35722,-2.89412,-0.59542,,2022
GBPJPY,1,2022-07-28 13:00:00,2022-07-28 15:00:00,164.253,163.69997,163.69997,165.35906,0.2248,-55.3,-113.13,-113.2,2,stop_loss,24.60583,0.36869,-1.87112,0.70608,london,2022
GBPJPY,-1,2022-07-28 23:00:00,2022-07-29 06:00:00,163.375,162.31361,163.9057,162.31361,0.2319,106.1,223.99,223.92,7,take_profit,34.36196,0.3538,-3.02857,-0.33757,,2022
GBPJPY,-1,2022-08-01 16:00:00,2022-08-02 02:00:00,161.734,161.052,162.30245,160.5971,0.2208,68.2,137.03,131.71,10,time_exit,33.94235,0.37897,-2.06277,-3.32603,new_york,2022
GBPJPY,-1,2022-08-02 23:00:00,2022-08-03 04:00:00,161.923,162.601,162.601,160.567,0.1873,-67.8,-115.56,-115.62,5,stop_loss,32.11934,0.452,1.31593,-3.70394,,2022
GBPJPY,-1,2022-08-03 17:00:00,2022-08-04 03:00:00,162.335,162.463,163.04637,160.91226,0.1768,-12.8,-20.59,-33.25,10,time_exit,22.96354,0.47425,1.0285,-2.30343,new_york,2022
GBPJPY,-1,2022-08-04 06:00:00,2022-08-04 10:00:00,162.576,163.1439,163.1439,161.44019,0.221,-56.8,-114.21,-114.28,4,stop_loss,16.59425,0.3786,1.1801,-1.86833,,2022
GBPJPY,-1,2022-08-05 12:00:00,2022-08-05 15:00:00,161.621,162.15761,162.15761,160.54778,0.2315,-53.7,-113.04,-113.11,3,stop_loss,17.99697,0.35774,-1.02368,-1.77946,london,2022
GBPJPY,1,2022-08-08 14:00:00,2022-08-08 19:00:00,163.229,162.73715,162.73715,164.21271,0.2501,-49.2,-111.94,-112.02,5,stop_loss,28.4839,0.3279,1.71719,-0.09513,london,2022
GBPJPY,-1,2022-08-10 10:00:00,2022-08-10 11:00:00,163.075,163.38488,163.38488,162.45524,0.3929,-31.0,-110.79,-110.92,1,stop_loss,6.29257,0.20659,0.12488,0.98557,london,2022
GBPJPY,-1,2022-08-11 04:00:00,2022-08-11 14:00:00,162.095,161.628,162.56363,161.15774,0.2572,46.7,109.3,109.22,10,time_exit,24.23676,0.31242,-2.14687,-0.10284,,2022
GBPJPY,-1,2022-08-12 04:00:00,2022-08-12 10:00:00,162.385,162.79184,162.79184,161.57131,0.2992,-40.7,-110.77,-110.87,6,stop_loss,21.24027,0.27123,0.00592,-1.01591,,2022
GBPJPY,-1,2022-08-12 12:00:00,2022-08-12 22:00:00,162.26,162.008,162.68556,161.40889,0.2832,25.2,64.94,64.85,10,time_exit,16.10388,0.2837,-0.47233,-0.87054,london,2022
GBPJPY,-1,2022-08-15 13:00:00,2022-08-15 23:00:00,160.987,160.686,161.44118,160.07864,0.2669,30.1,73.11,66.68,10,time_exit,23.98032,0.30279,-3.12383,-1.67706,london,2022
GBPJPY,-1,2022-08-16 06:00:00,2022-08-16 11:00:00,160.789,161.23933,161.23933,159.88834,0.271,-45.0,-111.06,-111.15,5,stop_loss,31.94641,0.30022,-1.76164,-2.83518,,2022
GBPJPY,1,2022-08-16 14:00:00,2022-08-16 15:00:00,161.346,162.25196,160.89302,162.25196,0.2667,90.6,219.87,219.79,1,take_profit,25.7034,0.30199,0.40429,-2.81171,london,2022
GBPJPY,-1,2022-08-17 16:00:00,2022-08-17 17:00:00,162.97,163.439,163.439,162.03199,0.2627,-46.9,-112.12,-112.2,1,stop_loss,43.85615,0.31267,2.58957,-0.12217,new_york,2022
GBPJPY,1,2022-08-18 05:00:00,2022-08-18 15:00:00,162.413,162.578,161.97179,163.29542,0.2765,16.5,41.52,41.43,10,time_exit,26.91691,0.29414,0.01055,0.4851,,2022
GBPJPY,-1,2022-08-22 15:00:00,2022-08-23 01:00:00,161.704,161.769,162.20223,160.70753,0.2457,-6.5,-14.53,-20.45,10,time_exit,25.48439,0.33216,-1.14226,-0.3958,london,2022
GBPJPY,1,2022-08-23 18:00:00,2022-08-24 04:00:00,161.497,161.633,160.92413,162.64273,0.2134,13.6,26.41,28.93,10,time_exit,21.66965,0.38191,-0.75245,-0.77521,new_york,2022
GBPJPY,1,2022-08-24 16:00:00,2022-08-25 02:00:00,161.115,161.63,160.69291,161.95917,0.2904,51.5,136.1,146.59,10,time_exit,15.7209,0.28139,-1.68341,-1.32506,new_york,2022
GBPJPY,-1,2022-08-25 06:00:00,2022-08-25 09:00:00,161.635,161.98119,161.98119,160.94263,0.3583,-34.6,-112.88,-112.99,3,stop_loss,14.49966,0.23079,0.13217,-1.36586,,2022
GBPJPY,-1,2022-08-25 13:00:00,2022-08-25 17:00:00,161.482,161.8504,161.8504,160.74521,0.3334,-36.8,-111.77,-111.88,4,stop_loss,16.24337,0.2456,-0.56938,-1.14967,london,2022
GBPJPY,1,2022-08-29 08:00:00,2022-08-29 18:00:00,161.834,162.532,161.44044,162.62111,0.3089,69.8,196.21,196.11,10,time_exit,16.745,0.26237,0.88041,-0.73274,london,2022
GBPJPY,-1,2022-08-30 03:00:00,2022-08-30 13:00:00,162.507,161.981,162.8727,161.77559,0.3383,52.6,161.93,161.82,10,time_exit,33.05769,0.2438,2.25321,0.37261,,2022
GBPJPY,-1,2022-08-30 17:00:00,2022-08-31 03:00:00,161.826,161.735,162.25461,160.96878,0.2928,9.1,24.25,17.2,10,time_exit,19.09235,0.28574,-0.67372,0.4449,new_york,2022
GBPJPY,1,2022-08-31 08:00:00,2022-08-31 10:00:00,161.789,161.4385,161.4385,162.49001,0.3588,-35.1,-114.44,-114.55,2,stop_loss,11.47426,0.23367,-0.41186,0.02739,london,2022
GBPJPY,1,2022-09-01 14:00:00,2022-09-01 21:00:00,160.983,161.79512,160.57694,161.79512,0.3066,81.2,226.59,226.49,7,take_profit,17.35773,0.27071,-2.12154,-0.72602,london,2022
GBPJPY,1,2022-09-06 04:00:00,2022-09-06 08:00:00,162.588,163.36051,162.20175,163.36051,0.3288,77.3,231.14,231.04,4,take_profit,21.20843,0.2575,3.42507,-0.05214,,2022
GBPJPY,1,2022-09-06 19:00:00,2022-09-06 22:00:00,165.075,164.47168,164.47168,166.28164,0.2147,-60.3,-117.87,-117.94,3,stop_loss,56.62057,0.40221,5.91057,1.70574,new_york,2022
GBPJPY,1,2022-09-07 05:00:00,2022-09-07 09:00:00,164.392,165.51981,163.8281,165.51981,0.2274,112.8,233.38,233.31,4,take_profit,54.71866,0.37594,2.85013,2.82466,,2022
GBPJPY,-1,2022-09-07 09:00:00,2022-09-07 19:00:00,165.488,165.873,166.08117,164.30165,0.2205,-38.5,-77.25,-77.32,10,time_exit,53.11169,0.39545,4.756,3.09127,london,2022
GBPJPY,1,2022-09-08 10:00:00,2022-09-08 20:00:00,165.328,165.717,164.79199,166.40002,0.2424,38.9,85.81,85.73,10,time_exit,32.42084,0.35734,1.08695,5.11788,london,2022
GBPJPY,1,2022-09-09 05:00:00,2022-09-09 07:00:00,165.96,165.49792,165.49792,166.88416,0.2832,-46.2,-119.08,-119.17,2,stop_loss,14.09437,0.30805,2.04233,5.7701,,2022
GBPJPY,1,2022-09-09 08:00:00,2022-09-09 13:00:00,165.499,164.96629,164.96629,166.56443,0.2432,-53.3,-117.9,-117.98,5,stop_loss,15.18617,0.35514,0.33562,4.97703,london,2022
GBPJPY,-1,2022-09-12 11:00:00,2022-09-12 21:00:00,166.828,166.687,167.35339,165.77721,0.2441,14.1,31.32,31.24,10,time_exit,20.83545,0.35026,3.58369,4.26932,london,2022
GBPJPY,-1,2022-09-13 03:00:00,2022-09-13 13:00:00,166.663,166.678,167.06517,165.85865,0.3198,-1.5,-4.37,-4.47,10,time_exit,24.90509,0.26812,2.10142,6.10245,,2022
GBPJPY,1,2022-09-15 10:00:00,2022-09-15 12:00:00,165.543,165.09706,165.09706,166.43487,0.2883,-44.6,-116.99,-117.08,2,stop_loss,26.66007,0.29729,-0.28975,2.00798,london,2022
GBPJPY,1,2022-09-16 06:00:00,2022-09-16 09:00:00,164.388,163.98856,163.98856,165.18688,0.3186,-39.9,-115.81,-115.91,3,stop_loss,30.67151,0.26629,-2.54085,0.39361,,2022
GBPJPY,-1,2022-09-19 23:00:00,2022-09-20 09:00:00,163.737,164.12022,164.12022,162.97057,0.3288,-38.3,-114.66,-114.76,10,stop_loss,13.85679,0.25548,0.2238,-2.88524,,2022
GBPJPY,1,2022-09-21 02:00:00,2022-09-21 09:00:00,163.409,162.99356,162.99356,164.23988,0.3002,-41.5,-113.49,-113.59,7,stop_loss,15.95057,0.27696,-1.14342,-1.94441,,2022
GBPJPY,1,2022-09-21 09:00:00,2022-09-21 10:00:00,163.663,163.28629,163.28629,164.41642,0.3278,-37.7,-112.37,-112.47,1,stop_loss,15.38243,0.25114,-0.13727,-2.11333,london,2022
GBPJPY,1,2022-09-22 01:00:00,2022-09-22 05:00:00,162.44,161.91201,161.91201,163.49599,0.2315,-52.8,-111.23,-111.3,4,stop_loss,26.71268,0.352,-2.76445,-1.95067,,2022
GBPJPY,-1,2022-09-22 19:00:00,2022-09-23 05:00:00,160.194,159.533,161.47937,157.62326,0.0941,66.1,56.6,54.33,10,time_exit,32.6925,0.85691,-2.60348,-1.43473,new_york,2022
GBPJPY,-1,2022-09-23 06:00:00,2022-09-23 13:00:00,159.533,157.92935,160.33482,157.92935,0.1517,160.4,221.38,221.33,7,take_profit,35.2638,0.53455,-3.8748,-3.14854,,2022
GBPJPY,1,2022-09-26 18:00:00,2022-09-26 19:00:00,155.732,153.70902,153.70902,159.77796,0.0613,-202.3,-112.85,-112.87,1,stop_loss,42.63313,1.34865,-0.68688,-3.18566,new_york,2022
GBPJPY,1,2022-09-27 16:00:00,2022-09-27 19:00:00,155.857,154.74185,154.74185,158.0873,0.1101,-111.5,-111.73,-111.77,3,stop_loss,16.58088,0.74343,-0.12043,-5.24923,new_york,2022
GBPJPY,1,2022-09-29 01:00:00,2022-09-29 05:00:00,156.847,155.69,155.69,159.16101,0.1051,-115.7,-110.66,-110.69,4,stop_loss,27.69842,0.77134,1.71799,-3.94356,,2022
GBPJPY,-1,2022-10-03 00:00:00,2022-10-03 08:00:00,161.578,162.65858,162.65858,159.41684,0.1114,-108.1,-109.54,-109.58,8,stop_loss,35.79912,0.72039,2.91687,0.7792,,2022
GBPJPY,-1,2022-10-05 20:00:00,2022-10-06 03:00:00,163.427,164.24704,164.24704,161.78692,0.1453,-82.0,-108.43,-118.83,7,stop_loss,26.56553,0.54669,-0.76951,4.55748,new_york,2022
GBPJPY,1,2022-10-11 22:00:00,2022-10-11 23:00:00,160.683,159.82779,159.82779,162.39342,0.1379,-85.5,-107.32,-105.69,1,stop_loss,18.64524,0.57014,-1.215,-0.29445,,2022
GBPJPY,1,2022-10-13 00:00:00,2022-10-13 10:00:00,163.025,162.813,162.19458,164.68583,0.1406,-21.2,-27.12,-27.16,10,time_exit,29.84888,0.55361,2.63286,0.10428,,2022
GBPJPY,-1,2022-10-13 16:00:00,2022-10-13 18:00:00,165.195,166.10521,166.10521,163.37459,0.128,-91.0,-106.02,-106.06,2,stop_loss,38.91549,0.6068,4.59007,1.04654,new_york,2022
GBPJPY,1,2022-10-13 21:00:00,2022-10-14 07:00:00,166.653,166.908,165.57603,168.80693,0.1071,25.5,24.85,26.12,10,time_exit,49.98702,0.71798,4.93919,1.54669,new_york,2022
GBPJPY,1,2022-10-18 02:00:00,2022-10-18 10:00:00,169.233,168.47238,168.47238,170.75425,0.152,-76.1,-105.21,-105.26,8,stop_loss,46.21172,0.50708,3.78076,6.08031,,2022
GBPJPY,1,2022-10-18 13:00:00,2022-10-18 23:00:00,168.027,168.926,167.18924,169.70252,0.1366,89.9,111.75,113.37,10,time_exit,33.64068,0.55851,0.25247,5.66561,london,2022
GBPJPY,1,2022-10-19 04:00:00,2022-10-19 09:00:00,169.18,168.52685,168.52685,170.4863,0.1771,-65.3,-105.26,-105.32,5,stop_loss,15.18274,0.43543,1.96816,6.95697,,2022
GBPJPY,-1,2022-10-20 04:00:00,2022-10-20 14:00:00,168.052,168.60063,168.60063,166.95473,0.2087,-54.9,-104.2,-104.27,10,stop_loss,21.03356,0.36576,-0.6844,6.44239,,2022
GBPJPY,-1,2022-10-21 07:00:00,2022-10-21 16:00:00,168.397,168.95845,168.95845,167.27411,0.2019,-56.1,-103.15,-103.21,9,stop_loss,15.40643,0.3743,0.00668,4.97857,london,2022
GBPJPY,1,2022-10-24 03:00:00,2022-10-24 13:00:00,167.338,168.844,165.5852,170.84361,0.064,150.6,87.71,87.69,10,time_exit,19.17764,1.16854,-0.54684,1.05964,,2022
GBPJPY,-1,2022-10-24 20:00:00,2022-10-25 06:00:00,167.953,168.214,169.11187,165.63525,0.0976,-26.1,-23.18,-25.53,10,time_exit,16.40816,0.77258,-0.46712,1.64074,new_york,2022
GBPJPY,1,2022-10-25 06:00:00,2022-10-25 16:00:00,168.324,169.729,167.50711,169.95778,0.1382,140.5,176.7,176.66,10,time_exit,18.85673,0.54459,0.06218,2.08328,,2022
GBPJPY,-1,2022-10-28 12:00:00,2022-10-28 16:00:00,169.953,170.54544,170.54544,168.76813,0.1938,-59.2,-104.48,-104.54,4,stop_loss,13.52235,0.39496,1.45814,2.44675,london,2022
GBPJPY,1,2022-10-31 14:00:00,2022-10-31 16:00:00,171.557,171.04619,171.04619,172.57862,0.2226,-51.1,-103.47,-103.54,2,stop_loss,25.78876,0.34054,2.73789,4.60573,london,2022
GBPJPY,-1,2022-11-01 21:00:00,2022-11-02 07:00:00,170.247,169.842,170.88228,168.97644,0.1772,40.5,65.31,61.04,10,time_exit,28.42769,0.42352,-0.41857,2.36708,new_york,2022
GBPJPY,-1,2022-11-03 11:00:00,2022-11-03 12:00:00,167.792,166.83506,168.27047,166.83506,0.2367,95.7,206.12,206.04,1,take_profit,53.54278,0.31898,-4.0299,-0.59657,london,2022
GBPJPY,1,2022-11-03 18:00:00,2022-11-04 01:00:00,165.941,165.16066,165.16066,167.50167,0.148,-78.0,-105.1,-103.35,7,stop_loss,66.11926,0.52022,-4.72506,-1.28369,new_york,2022
GBPJPY,-1,2022-11-07 12:00:00,2022-11-07 19:00:00,167.845,168.46294,168.46294,166.60912,0.1851,-61.8,-104.09,-104.15,7,stop_loss,24.69892,0.41196,2.55265,-3.16473,london,2022
GBPJPY,-1,2022-11-08 02:00:00,2022-11-08 11:00:00,168.799,167.75602,169.32049,167.75602,0.2171,104.3,206.05,205.98,9,take_profit,34.90659,0.34766,3.77911,-1.8483,,2022
GBPJPY,1,2022-11-08 16:00:00,2022-11-08 18:00:00,167.53,168.53708,167.02646,168.53708,0.2293,100.7,210.14,210.07,2,take_profit,28.75312,0.33569,-0.79742,-1.0589,new_york,2022
GBPJPY,-1,2022-11-09 07:00:00,2022-11-09 11:00:00,168.021,167.01667,168.52316,167.01667,0.2346,100.4,214.41,214.34,4,take_profit,18.94922,0.33478,0.35933,-0.69346,london,2022
GBPJPY,1,2022-11-10 21:00:00,2022-11-10 23:00:00,165.566,164.85622,164.85622,166.98555,0.1693,-71.0,-109.35,-107.35,2,stop_loss,29.02801,0.47318,-2.45279,-1.90243,new_york,2022
GBPJPY,-1,2022-11-11 19:00:00,2022-11-14 00:00:00,163.921,164.77553,164.77553,162.21194,0.1392,-85.5,-108.25,-118.22,5,stop_loss,40.67195,0.56969,-3.02814,-2.57155,new_york,2022
GBPJPY,-1,2022-11-14 21:00:00,2022-11-15 07:00:00,165.072,165.307,165.78401,163.64797,0.1654,-23.5,-35.37,-39.35,10,time_exit,22.09592,0.47468,0.1084,-3.19211,new_york,2022
GBPJPY,1,2022-11-17 15:00:00,2022-11-18 01:00:00,165.651,166.52,165.05523,166.84254,0.197,86.9,155.79,158.12,10,time_exit,10.27697,0.39718,-0.25632,-0.88346,london,2022
GBPJPY,1,2022-11-22 04:00:00,2022-11-22 10:00:00,168.105,167.70541,167.70541,168.90418,0.2979,-40.0,-108.33,-108.42,6,stop_loss,32.07189,0.26639,3.97019,2.20599,,2022
GBPJPY,-1,2022-11-23 02:00:00,2022-11-23 11:00:00,167.885,168.22638,168.22638,167.20224,0.3453,-34.1,-107.27,-107.38,9,stop_loss,14.65923,0.22759,1.59548,3.45106,,2022
GBPJPY,-1,2022-11-23 16:00:00,2022-11-23 19:00:00,168.851,168.07613,169.23844,168.07613,0.3012,77.5,212.39,212.29,3,take_profit,27.43926,0.25829,3.8563,3.54976,new_york,2022
GBPJPY,1,2022-11-24 02:00:00,2022-11-24 04:00:00,168.152,167.72104,167.72104,169.01392,0.2762,-43.1,-108.32,-108.41,2,stop_loss,19.17216,0.28731,0.61648,3.21962,,2022
GBPJPY,1,2022-11-29 03:00:00,2022-11-29 13:00:00,166.067,165.877,165.52106,167.15889,0.2158,-19.0,-37.31,-37.38,10,time_exit,32.06543,0.36396,-2.91602,-0.34166,,2022
GBPJPY,-1,2022-11-30 10:00:00,2022-11-30 11:00:00,165.771,166.22713,166.22713,164.85875,0.2574,-45.6,-106.84,-106.92,1,stop_loss,19.4404,0.30408,-1.73268,-2.03424,london,2022
GBPJPY,-1,2022-11-30 17:00:00,2022-11-30 18:00:00,167.212,166.14992,167.74304,166.14992,0.2189,106.2,211.57,211.5,1,take_profit,22.28477,0.35403,2.32028,-1.41,new_york,2022
GBPJPY,1,2022-12-01 07:00:00,2022-12-01 09:00:00,165.35,164.71583,164.71583,166.61833,0.1869,-63.4,-107.86,-107.92,2,stop_loss,20.73369,0.42278,-1.97935,-1.39583,london,2022
GBPJPY,1,2022-12-02 01:00:00,2022-12-02 07:00:00,165.862,165.24735,165.24735,167.0913,0.1909,-61.5,-106.78,-106.84,6,stop_loss,15.52381,0.40977,-0.45257,-1.46739,,2022
GBPJPY,1,2022-12-02 21:00:00,2022-12-05 07:00:00,165.236,165.961,164.57899,166.55002,0.1768,72.5,116.64,123.02,10,time_exit,18.44632,0.43801,-0.72804,-1.84174,new_york,2022
GBPJPY,1,2022-12-06 19:00:00,2022-12-07 00:00:00,166.765,166.13959,166.13959,168.01582,0.1878,-62.5,-106.88,-104.66,5,stop_loss,15.1937,0.41694,1.04305,-0.04696,new_york,2022
GBPJPY,-1,2022-12-07 18:00:00,2022-12-08 04:00:00,166.704,166.876,167.30027,165.51145,0.195,-17.2,-30.52,-44.48,10,time_exit,20.13246,0.39752,0.36257,0.36477,new_york,2022
GBPJPY,1,2022-12-08 05:00:00,2022-12-08 13:00:00,166.876,166.37588,166.37588,167.87624,0.2318,-50.0,-105.49,-105.56,8,stop_loss,12.49989,0.33341,0.86989,0.45993,,2022
GBPJPY,1,2022-12-12 09:00:00,2022-12-12 14:00:00,167.351,168.17394,166.93953,168.17394,0.279,82.3,208.94,208.85,5,take_profit,15.15415,0.27431,0.76296,1.53648,london,2022
GBPJPY,-1,2022-12-14 03:00:00,2022-12-14 13:00:00,167.262,166.97,167.79165,166.2027,0.221,29.2,58.72,58.65,10,time_exit,29.66502,0.3531,-2.02027,2.04018,,2022
GBPJPY,1,2022-12-14 19:00:00,2022-12-15 05:00:00,167.448,167.907,166.94188,168.46024,0.2326,45.9,97.15,105.55,10,time_exit,27.93444,0.33741,-0.54252,1.12668,new_york,2022
GBPJPY,1,2022-12-15 18:00:00,2022-12-16 03:00:00,168.106,167.52895,167.52895,169.2601,0.2058,-57.7,-108.07,-105.64,9,stop_loss,17.64209,0.3847,0.4385,1.30735,new_york,2022
GBPJPY,-1,2022-12-16 03:00:00,2022-12-16 10:00:00,167.737,166.70529,168.25286,166.70529,0.228,103.2,214.06,213.99,7,take_profit,13.69626,0.3439,-0.48079,1.2929,,2022
GBPJPY,1,2022-12-16 21:00:00,2022-12-19 00:00:00,166.123,165.50675,165.50675,167.35549,0.1946,-61.6,-109.13,-102.1,3,stop_loss,24.39472,0.41083,-3.0458,-0.01875,new_york,2022
GBPJPY,-1,2022-12-19 06:00:00,2022-12-19 16:00:00,165.992,166.347,166.60497,164.76606,0.1937,-35.5,-62.57,-62.63,10,time_exit,22.99893,0.40865,-2.32083,-0.77435,,2022
GBPJPY,1,2022-12-19 16:00:00,2022-12-20 02:00:00,166.267,166.76,165.72778,167.34544,0.2189,49.3,98.21,100.8,10,time_exit,16.00813,0.35948,-1.01865,-1.41048,new_york,2022
GBPJPY,1,2022-12-20 03:00:00,2022-12-20 05:00:00,166.769,166.28461,166.28461,167.73778,0.2459,-48.4,-108.39,-108.47,2,stop_loss,11.01522,0.32293,0.62817,-1.56322,,2022
GBPJPY,1,2022-12-20 22:00:00,2022-12-21 08:00:00,160.041,160.7,158.94248,162.23804,0.1073,65.9,64.35,65.62,10,time_exit,45.2174,0.73235,-4.85835,-3.35037,,2022
GBPJPY,-1,2022-12-21 08:00:00,2022-12-21 18:00:00,160.824,159.776,161.66532,159.14135,0.141,104.8,134.47,134.43,10,time_exit,36.62335,0.56088,-3.20462,-5.20007,london,2022
GBPJPY,1,2022-12-28 22:00:00,2022-12-29 03:00:00,161.612,161.12543,161.12543,162.58513,0.2468,-48.7,-109.28,-100.37,5,stop_loss,42.57445,0.32438,2.07874,-3.64623,,2022
GBPJPY,1,2022-12-29 05:00:00,2022-12-29 15:00:00,160.978,160.50713,160.50713,161.91973,0.2525,-47.1,-108.19,-108.27,10,stop_loss,32.69046,0.31391,-0.13799,-3.321,,2022
GBPJPY,1,2022-12-29 19:00:00,2022-12-30 02:00:00,160.576,160.07645,160.07645,161.5751,0.2356,-50.0,-107.1,-104.31,7,stop_loss,26.55517,0.33303,-1.02475,-2.94904,new_york,2022
GBPJPY,-1,2022-12-30 03:00:00,2022-12-30 10:00:00,159.801,158.89062,160.25619,158.89062,0.256,91.0,212.08,212.0,7,take_profit,33.7859,0.30346,-3.12683,-3.38553,,2022
GBPJPY,-1,2023-01-03 16:00:00,2023-01-04 02:00:00,156.695,157.083,157.3464,155.39221,0.1825,-38.8,-64.44,-68.83,10,time_exit,34.25127,0.43426,-1.98604,-5.46013,new_york,2023
GBPJPY,-1,2023-01-05 05:00:00,2023-01-05 10:00:00,159.015,159.61193,159.61193,157.82114,0.1979,-59.7,-107.5,-107.56,5,stop_loss,38.56097,0.39795,2.29041,-3.01793,,2023
GBPJPY,1,2023-01-05 10:00:00,2023-01-05 20:00:00,159.092,158.52767,158.52767,160.22067,0.2072,-56.4,-106.41,-106.48,10,stop_loss,35.1104,0.37622,2.04357,-2.62573,london,2023
GBPJPY,-1,2023-01-06 06:00:00,2023-01-06 16:00:00,159.626,159.432,160.14132,158.59536,0.2247,19.4,39.67,39.6,10,time_exit,26.52964,0.34355,2.51077,-1.47564,,2023
GBPJPY,-1,2023-01-06 19:00:00,2023-01-09 05:00:00,159.486,159.57,160.11258,158.23284,0.1855,-8.4,-14.18,-27.46,10,time_exit,16.91934,0.41772,1.01584,-0.57565,new_york,2023
GBPJPY,1,2023-01-10 15:00:00,2023-01-11 01:00:00,160.542,160.55,160.08951,161.44698,0.2565,0.8,1.87,4.9,10,time_exit,19.27721,0.30166,1.16155,1.72533,london,2023
GBPJPY,1,2023-01-11 19:00:00,2023-01-12 01:00:00,160.727,160.27331,160.27331,161.63438,0.2558,-45.4,-105.61,-96.37,6,stop_loss,15.87871,0.30246,0.41605,2.1674,new_york,2023
GBPJPY,-1,2023-01-12 09:00:00,2023-01-12 13:00:00,159.996,159.08483,160.45158,159.08483,0.2522,91.1,209.11,209.03,4,take_profit,27.6067,0.30372,-1.69265,1.63713,london,2023
GBPJPY,1,2023-01-12 15:00:00,2023-01-12 17:00:00,158.565,158.01379,158.01379,159.66741,0.2126,-55.1,-106.64,-106.71,2,stop_loss,38.31704,0.36747,-4.61929,0.80064,london,2023
GBPJPY,-1,2023-01-16 04:00:00,2023-01-16 14:00:00,156.679,156.521,157.25479,155.52743,0.2015,15.8,28.97,28.91,10,time_exit,47.28992,0.38386,-2.41744,-3.79036,,2023
GBPJPY,1,2023-01-16 18:00:00,2023-01-17 04:00:00,156.874,157.19,156.32515,157.97171,0.212,31.6,60.96,63.47,10,time_exit,26.59185,0.3659,-0.85376,-4.25538,new_york,2023
GBPJPY,1,2023-01-17 20:00:00,2023-01-18 03:00:00,157.251,158.34639,156.7033,158.34639,0.2136,109.5,212.92,215.45,7,take_profit,25.4546,0.36513,0.25235,-3.28499,new_york,2023
GBPJPY,1,2023-01-18 17:00:00,2023-01-19 03:00:00,159.028,158.612,158.09379,160.89643,0.1278,-41.6,-48.38,-43.77,10,time_exit,32.04385,0.62281,1.04645,-0.2263,new_york,2023
GBPJPY,1,2023-01-25 00:00:00,2023-01-25 10:00:00,160.439,160.408,159.94868,161.41964,0.2423,-3.1,-6.84,-6.92,10,time_exit,22.48132,0.32688,-0.1622,3.06406,,2023
GBPJPY,-1,2023-01-25 15:00:00,2023-01-25 18:00:00,159.926,160.44727,160.44727,158.88346,0.2278,-52.1,-108.06,-108.13,3,stop_loss,21.97283,0.34751,-1.76577,2.1885,london,2023
GBPJPY,-1,2023-01-26 09:00:00,2023-01-26 10:00:00,160.396,160.82383,160.82383,159.54034,0.2747,-42.8,-106.95,-107.04,1,stop_loss,21.14476,0.28522,-0.25464,2.05414,london,2023
GBPJPY,-1,2023-01-27 16:00:00,2023-01-27 17:00:00,160.457,160.88335,160.88335,159.6043,0.2729,-42.6,-105.88,-105.97,1,stop_loss,20.69297,0.28423,-1.24268,2.22227,new_york,2023
GBPJPY,1,2023-01-27 21:00:00,2023-01-30 06:00:00,160.954,160.50226,160.50226,161.85747,0.255,-45.2,-104.83,-95.62,9,stop_loss,15.48709,0.30116,0.44345,2.01323,new_york,2023
GBPJPY,1,2023-01-30 13:00:00,2023-01-30 23:00:00,161.159,161.101,160.6578,162.16139,0.2275,-5.8,-12.01,-9.32,10,time_exit,16.22788,0.33413,0.86873,1.64707,london,2023
GBPJPY,1,2023-01-31 10:00:00,2023-01-31 15:00:00,160.721,160.3726,160.3726,161.4178,0.3269,-34.8,-103.64,-103.74,5,stop_loss,17.56164,0.23227,-0.95593,2.10607,london,2023
GBPJPY,1,2023-01-31 17:00:00,2023-02-01 03:00:00,159.934,160.057,159.52165,160.7587,0.2735,12.3,30.61,33.84,10,time_exit,26.65311,0.2749,-3.1882,1.31218,new_york,2023
GBPJPY,1,2023-02-01 09:00:00,2023-02-01 10:00:00,160.522,160.16603,160.16603,161.23394,0.3177,-35.6,-102.91,-103.01,1,stop_loss,25.47211,0.23731,-0.10676,0.55068,london,2023
GBPJPY,1,2023-02-02 12:00:00,2023-02-02 13:00:00,159.148,158.70955,158.70955,160.0249,0.2554,-43.8,-101.9,-101.98,1,stop_loss,27.67989,0.2923,-2.19789,-1.38055,london,2023
GBPJPY,-1,2023-02-02 22:00:00,2023-02-03 08:00:00,157.348,157.116,157.91001,156.22397,0.1972,23.2,41.63,36.88,10,time_exit,43.98824,0.37468,-4.77947,-2.21959,,2023
GBPJPY,1,2023-02-03 15:00:00,2023-02-03 16:00:00,157.266,158.17914,156.80943,158.17914,0.2438,91.3,202.59,202.51,1,take_profit,44.11554,0.30438,-2.99763,-4.46013,london,2023
GBPJPY,1,2023-02-03 19:00:00,2023-02-06 05:00:00,158.233,158.973,157.63005,159.4389,0.1883,74.0,126.8,133.6,10,time_exit,38.9832,0.40197,0.13997,-3.24892,new_york,2023
GBPJPY,-1,2023-02-06 13:00:00,2023-02-06 15:00:00,159.036,159.58729,159.58729,157.93343,0.2084,-55.1,-104.55,-104.62,2,stop_loss,39.68948,0.36752,1.46477,-2.35526,london,2023
GBPJPY,1,2023-02-06 23:00:00,2023-02-07 09:00:00,159.448,158.96167,158.96167,160.42066,0.2339,-48.6,-103.52,-103.59,10,stop_loss,39.7659,0.32422,1.92425,-1.7085,,2023
GBPJPY,-1,2023-02-08 09:00:00,2023-02-08 10:00:00,158.025,158.4138,158.4138,157.24739,0.2896,-38.9,-102.46,-102.55,1,stop_loss,41.89217,0.2592,-1.41552,-2.68535,london,2023
GBPJPY,1,2023-02-09 02:00:00,2023-02-09 07:00:00,158.593,158.25665,158.25665,159.2657,0.3314,-33.6,-101.43,-101.54,5,stop_loss,21.78438,0.22423,0.59981,-2.42124,,2023
GBPJPY,-1,2023-02-09 17:00:00,2023-02-10 02:00:00,159.103,159.53362,159.53362,158.24176,0.2563,-43.1,-100.44,-106.61,9,stop_loss,14.75993,0.28708,1.59673,-1.16041,new_york,2023
GBPJPY,1,2023-02-14 11:00:00,2023-02-14 15:00:00,160.729,161.56233,160.31233,161.56233,0.2622,83.3,198.84,198.76,4,take_profit,32.29123,0.27778,3.14764,2.08207,london,2023
GBPJPY,-1,2023-02-16 08:00:00,2023-02-16 18:00:00,161.284,160.972,161.66327,160.52546,0.2938,31.2,83.42,83.33,10,time_exit,18.02665,0.25285,0.77556,4.13088,london,2023
GBPJPY,-1,2023-02-17 00:00:00,2023-02-17 05:00:00,160.626,161.00911,161.00911,159.85979,0.2933,-38.3,-102.25,-102.34,5,stop_loss,23.4009,0.2554,-1.88862,3.3547,,2023
GBPJPY,-1,2023-02-20 23:00:00,2023-02-21 09:00:00,161.594,161.71,161.86527,161.05147,0.41,-11.6,-43.28,-43.41,10,time_exit,15.8096,0.18084,1.59073,3.91618,,2023
GBPJPY,-1,2023-02-21 12:00:00,2023-02-21 14:00:00,162.735,163.16222,163.16222,161.88055,0.2592,-42.7,-100.77,-100.85,2,stop_loss,22.70342,0.28482,4.35884,2.62932,london,2023
GBPJPY,1,2023-02-22 02:00:00,2023-02-22 10:00:00,163.47,163.0186,163.0186,164.37281,0.2429,-45.1,-99.78,-99.86,8,stop_loss,45.35209,0.30094,3.96452,3.99099,,2023
GBPJPY,1,2023-02-22 20:00:00,2023-02-23 06:00:00,162.687,162.544,162.27021,163.52058,0.2604,-14.3,-33.89,-24.49,10,time_exit,30.62763,0.27786,0.19925,4.46747,new_york,2023
GBPJPY,1,2023-02-23 08:00:00,2023-02-23 11:00:00,162.612,162.31886,162.31886,163.19828,0.369,-29.3,-98.43,-98.55,3,stop_loss,30.33046,0.19543,0.10552,5.49762,london,2023
GBPJPY,1,2023-02-23 15:00:00,2023-02-23 17:00:00,162.641,162.30265,162.30265,163.3177,0.3165,-33.8,-97.45,-97.55,2,stop_loss,27.88934,0.22557,0.34987,4.33336,london,2023
GBPJPY,1,2023-02-28 10:00:00,2023-02-28 11:00:00,164.599,165.28922,164.25389,165.28922,0.3071,69.0,192.89,192.79,1,take_profit,44.59831,0.23007,4.84333,4.98552,london,2023
GBPJPY,-1,2023-02-28 19:00:00,2023-03-01 00:00:00,164.563,163.50831,165.09035,163.50831,0.205,105.5,196.75,191.81,5,take_profit,52.22986,0.35156,1.51882,4.09772,new_york,2023
GBPJPY,1,2023-03-01 12:00:00,2023-03-01 13:00:00,163.932,163.50116,163.50116,164.79369,0.2559,-43.1,-100.33,-100.41,1,stop_loss,22.59547,0.28723,-0.40925,4.28453,london,2023
GBPJPY,1,2023-03-01 23:00:00,2023-03-02 09:00:00,163.669,163.84,163.15267,164.70167,0.2114,17.1,32.9,32.83,10,time_exit,25.22712,0.34422,-0.45773,2.7437,,2023
GBPJPY,-1,2023-03-03 02:00:00,2023-03-03 12:00:00,163.363,163.453,163.74197,162.60506,0.289,-9.0,-23.67,-23.76,10,time_exit,23.31786,0.25265,-0.96576,2.27861,,2023
GBPJPY,1,2023-03-06 11:00:00,2023-03-06 15:00:00,163.513,163.15028,163.15028,164.23843,0.3012,-36.3,-99.42,-99.52,4,stop_loss,22.03436,0.24181,0.25067,1.29405,london,2023
GBPJPY,1,2023-03-07 00:00:00,2023-03-07 10:00:00,163.401,163.175,163.06225,164.07851,0.3193,-22.6,-65.67,-65.77,10,time_exit,12.69825,0.22584,-0.00388,1.24188,,2023
GBPJPY,1,2023-03-08 17:00:00,2023-03-09 03:00:00,161.955,162.311,161.53628,162.79244,0.2566,35.6,83.13,92.4,10,time_exit,22.97433,0.27915,-3.21344,-0.76929,new_york,2023
GBPJPY,1,2023-03-10 09:00:00,2023-03-10 10:00:00,163.138,162.64175,162.64175,164.13049,0.2183,-49.6,-98.58,-98.65,1,stop_loss,23.85788,0.33083,1.93616,-1.0109,london,2023
GBPJPY,1,2023-03-10 22:00:00,2023-03-13 08:00:00,162.17,162.735,161.46683,163.57635,0.1525,56.5,78.41,83.92,10,time_exit,23.6516,0.46878,-1.16396,-0.29975,,2023
GBPJPY,1,2023-03-13 09:00:00,2023-03-13 11:00:00,162.735,161.97095,161.97095,164.26309,0.1415,-76.4,-98.38,-98.43,2,stop_loss,13.84266,0.50936,0.20155,-0.36736,london,2023
GBPJPY,1,2023-03-14 07:00:00,2023-03-14 16:00:00,162.603,164.0599,161.87455,164.0599,0.1469,145.7,194.76,194.71,9,take_profit,14.25347,0.48563,0.70176,-0.79146,london,2023
GBPJPY,1,2023-03-14 17:00:00,2023-03-14 18:00:00,163.876,163.079,163.079,165.47,0.137,-79.7,-99.36,-99.4,1,stop_loss,15.5919,0.53133,2.56396,-0.30557,new_york,2023
GBPJPY,1,2023-03-16 17:00:00,2023-03-16 20:00:00,159.971,161.85871,159.02714,161.85871,0.1145,188.8,196.69,196.65,3,take_profit,17.77433,0.62924,-1.98503,-1.58514,new_york,2023
GBPJPY,-1,2023-03-17 06:00:00,2023-03-17 15:00:00,161.707,160.29257,162.41422,160.29257,0.1559,141.4,200.66,200.61,9,take_profit,15.37266,0.47148,0.71173,-1.63848,,2023
GBPJPY,1,2023-03-20 00:00:00,2023-03-20 09:00:00,160.876,160.1404,160.1404,162.34721,0.1529,-73.6,-102.35,-102.4,9,stop_loss,23.0544,0.4904,-1.32875,-1.5873,,2023
GBPJPY,-1,2023-03-23 15:00:00,2023-03-23 21:00:00,161.519,160.47516,162.04092,160.47516,0.2133,104.4,202.61,202.54,6,take_profit,21.61669,0.34795,-0.06991,-0.43406,london,2023
GBPJPY,1,2023-03-24 09:00:00,2023-03-24 11:00:00,159.862,159.27939,159.27939,161.02722,0.1949,-58.3,-103.33,-103.39,2,stop_loss,38.40042,0.38841,-3.03291,-1.23466,london,2023
GBPJPY,-1,2023-03-27 04:00:00,2023-03-27 09:00:00,159.953,160.54966,160.54966,158.75968,0.1884,-59.7,-102.29,-102.35,5,stop_loss,28.01026,0.39777,-0.84102,-2.24962,,2023
GBPJPY,-1,2023-03-28 08:00:00,2023-03-28 09:00:00,160.86,161.30045,161.30045,159.9791,0.2526,-44.0,-101.24,-101.32,1,stop_loss,27.26305,0.29363,0.07272,-1.05198,london,2023
GBPJPY,1,2023-03-28 11:00:00,2023-03-28 12:00:00,161.453,160.97479,160.97479,162.40942,0.2303,-47.8,-100.22,-100.29,1,stop_loss,25.41559,0.31881,1.77926,-0.8353,london,2023
GBPJPY,1,2023-03-30 00:00:00,2023-03-30 03:00:00,163.531,163.08145,163.08145,164.4301,0.2426,-45.0,-99.25,-99.33,3,stop_loss,37.99295,0.2997,4.87941,2.22322,,2023
GBPJPY,1,2023-03-30 07:00:00,2023-03-30 13:00:00,163.231,164.05843,162.81729,164.05843,0.2609,82.7,196.45,196.37,6,take_profit,28.48104,0.27581,2.89323,2.94733,london,2023
GBPJPY,-1,2023-03-30 17:00:00,2023-03-31 02:00:00,164.222,164.72802,164.72802,163.20995,0.2176,-50.6,-100.2,-105.44,9,stop_loss,25.1665,0.33735,4.07572,3.06765,new_york,2023
GBPJPY,-1,2023-03-31 12:00:00,2023-03-31 20:00:00,165.04,163.86028,165.62986,163.86028,0.1848,118.0,198.39,198.33,8,take_profit,28.27909,0.39324,3.23456,3.81608,london,2023
GBPJPY,-1,2023-04-03 17:00:00,2023-04-04 03:00:00,164.436,164.511,164.93378,163.44043,0.2233,-7.5,-15.24,-20.62,10,time_exit,19.54655,0.33186,1.40759,4.03795,new_york,2023
GBPJPY,-1,2023-04-06 09:00:00,2023-04-06 10:00:00,163.356,163.77154,163.77154,162.52492,0.2671,-41.6,-101.0,-101.09,1,stop_loss,28.82295,0.27703,-1.83491,1.54731,london,2023
GBPJPY,-1,2023-04-06 10:00:00,2023-04-06 20:00:00,163.687,164.01,164.11218,162.83664,0.2585,-32.3,-75.98,-76.06,10,time_exit,27.06496,0.28345,-0.60781,1.47866,london,2023
GBPJPY,1,2023-04-07 13:00:00,2023-04-07 15:00:00,163.805,163.4696,163.4696,164.4758,0.3251,-33.5,-99.23,-99.33,2,stop_loss,16.16612,0.2236,-0.30799,1.49525,london,2023
GBPJPY,-1,2023-04-07 18:00:00,2023-04-10 03:00:00,164.08,164.43665,164.43665,163.36669,0.3027,-35.7,-98.24,-119.91,9,stop_loss,16.59545,0.23777,0.77392,1.35787,new_york,2023
GBPJPY,1,2023-04-10 15:00:00,2023-04-11 01:00:00,164.909,165.396,164.46453,165.79793,0.2405,48.7,106.58,109.42,10,time_exit,21.49556,0.29631,2.50325,1.54111,london,2023
GBPJPY,-1,2023-04-12 11:00:00,2023-04-12 15:00:00,166.284,165.57139,166.64031,165.57139,0.3032,71.3,196.62,196.52,4,take_profit,44.29225,0.23754,2.84481,4.90865,london,2023
GBPJPY,-1,2023-04-12 23:00:00,2023-04-13 09:00:00,166.276,166.269,166.73227,165.36346,0.2415,0.7,1.54,1.46,10,time_exit,25.32021,0.30418,1.53058,3.86366,,2023
GBPJPY,1,2023-04-14 01:00:00,2023-04-14 10:00:00,166.043,165.62716,165.62716,166.87469,0.265,-41.6,-100.28,-100.36,9,stop_loss,18.76423,0.27723,-0.11782,3.84477,,2023
GBPJPY,1,2023-04-14 15:00:00,2023-04-17 01:00:00,165.662,166.128,165.28747,166.41107,0.2913,46.6,123.53,134.05,10,time_exit,23.53587,0.24969,-1.32307,3.51072,london,2023
GBPJPY,-1,2023-04-18 16:00:00,2023-04-19 02:00:00,166.784,166.542,167.15402,166.04396,0.2985,24.2,65.74,58.55,10,time_exit,15.57029,0.24668,1.68485,3.153,new_york,2023
GBPJPY,1,2023-04-20 04:00:00,2023-04-20 10:00:00,167.565,167.22523,167.22523,168.24454,0.3272,-34.0,-101.17,-101.27,6,stop_loss,21.21381,0.22651,2.26817,4.36718,,2023
GBPJPY,1,2023-04-21 14:00:00,2023-04-21 17:00:00,165.688,166.48548,165.28926,166.48548,0.276,79.7,200.3,200.21,3,take_profit,37.36801,0.26583,-4.15281,1.88271,london,2023
GBPJPY,-1,2023-04-25 16:00:00,2023-04-25 21:00:00,166.383,165.44656,166.85122,165.44656,0.2398,93.6,204.35,204.27,5,take_profit,17.78797,0.31215,-2.59446,1.77151,new_york,2023
GBPJPY,1,2023-04-26 01:00:00,2023-04-26 11:00:00,165.949,166.634,165.45929,166.92842,0.2338,68.5,145.74,145.67,10,time_exit,34.06576,0.32647,-2.62941,0.67988,,2023
GBPJPY,-1,2023-04-26 16:00:00,2023-04-27 02:00:00,166.657,166.417,167.18317,165.60466,0.2207,24.0,48.2,32.4,10,time_exit,24.87979,0.35078,0.31009,0.0725,new_york,2023
GBPJPY,1,2023-04-27 08:00:00,2023-04-27 13:00:00,166.795,166.36571,166.36571,167.65358,0.2717,-42.9,-106.14,-106.23,5,stop_loss,13.07597,0.28619,0.80612,0.11875,london,2023
GBPJPY,1,2023-04-27 17:00:00,2023-04-28 03:00:00,167.028,167.349,166.5521,167.9798,0.2426,32.1,70.87,73.74,10,time_exit,11.38245,0.31727,1.30619,0.20654,new_york,2023
GBPJPY,-1,2023-04-28 13:00:00,2023-04-28 16:00:00,169.443,170.23721,170.23721,167.85458,0.1464,-79.4,-105.81,-105.86,3,stop_loss,24.14215,0.52947,4.05164,1.01346,london,2023
GBPJPY,1,2023-05-02 05:00:00,2023-05-02 11:00:00,171.814,171.44337,171.44337,172.55526,0.3105,-37.1,-104.72,-104.82,6,stop_loss,36.60276,0.24709,4.70251,9.58843,,2023
GBPJPY,1,2023-05-02 19:00:00,2023-05-03 05:00:00,170.237,169.905,169.69173,171.32754,0.2089,-33.2,-63.11,-60.64,10,time_exit,29.25997,0.36351,-1.91148,6.19318,new_york,2023
GBPJPY,1,2023-05-04 08:00:00,2023-05-04 09:00:00,169.321,168.82894,168.82894,170.30512,0.2301,-49.2,-103.03,-103.1,1,stop_loss,23.44079,0.32804,-1.80217,2.75882,london,2023
GBPJPY,1,2023-05-04 10:00:00,2023-05-04 17:00:00,168.913,168.39713,168.39713,169.94473,0.2173,-51.6,-102.01,-102.08,7,stop_loss,23.73804,0.34391,-2.71805,2.43803,london,2023
GBPJPY,1,2023-05-05 01:00:00,2023-05-05 11:00:00,168.744,169.105,168.1886,169.8548,0.1998,36.1,65.64,65.58,10,time_exit,32.61244,0.37027,-1.69062,1.06329,,2023
GBPJPY,-1,2023-05-05 15:00:00,2023-05-05 16:00:00,169.19,169.63906,169.63906,168.29188,0.2487,-44.9,-101.63,-101.71,1,stop_loss,21.50802,0.29937,-0.09344,0.78172,london,2023
GBPJPY,-1,2023-05-08 05:00:00,2023-05-08 13:00:00,170.482,170.93559,170.93559,169.57481,0.2437,-45.4,-100.59,-100.67,8,stop_loss,43.31183,0.3024,2.59701,1.78407,,2023
GBPJPY,1,2023-05-09 05:00:00,2023-05-09 10:00:00,170.276,169.91281,169.91281,171.00237,0.3014,-36.3,-99.61,-99.71,5,stop_loss,21.19292,0.24212,0.33864,3.07926,,2023
GBPJPY,1,2023-05-11 19:00:00,2023-05-12 05:00:00,168.075,168.453,167.43708,169.35084,0.1699,37.8,58.44,60.45,10,time_exit,42.6373,0.42528,-3.53026,-0.12984,new_york,2023
GBPJPY,1,2023-05-16 10:00:00,2023-05-16 12:00:00,169.53,170.26197,169.16401,170.26197,0.2978,73.2,198.36,198.27,2,take_profit,24.01026,0.24399,-1.21829,1.0533,london,2023
GBPJPY,1,2023-05-18 17:00:00,2023-05-19 03:00:00,171.911,171.81,171.48327,172.76646,0.2599,-10.1,-23.89,-20.82,10,time_exit,20.75263,0.28515,2.8429,3.22379,new_york,2023
GBPJPY,1,2023-05-19 03:00:00,2023-05-19 04:00:00,172.048,171.68713,171.68713,172.76974,0.3073,-36.1,-100.92,-101.02,1,stop_loss,23.21519,0.24058,2.69766,4.3367,,2023
GBPJPY,-1,2023-05-19 23:00:00,2023-05-22 09:00:00,171.749,171.376,172.20633,170.83434,0.2401,37.3,81.5,70.01,10,time_exit,19.92218,0.30489,0.39671,3.31748,,2023
GBPJPY,1,2023-05-23 07:00:00,2023-05-23 10:00:00,172.391,171.98861,171.98861,173.19578,0.2751,-40.2,-100.73,-100.82,3,stop_loss,12.35264,0.26826,1.58967,3.60366,london,2023
GBPJPY,1,2023-05-23 10:00:00,2023-05-23 11:00:00,172.122,171.71317,171.71317,172.93965,0.268,-40.9,-99.7,-99.79,1,stop_loss,12.51258,0.27255,0.49627,3.50494,london,2023
GBPJPY,1,2023-05-26 11:00:00,2023-05-26 14:00:00,172.296,173.06742,171.91029,173.06742,0.2812,77.1,197.4,197.31,3,take_profit,18.4202,0.25714,-0.00972,2.54132,london,2023
GBPJPY,1,2023-05-29 21:00:00,2023-05-30 04:00:00,173.489,173.1957,173.1957,174.07561,0.3772,-29.3,-100.68,-96.22,7,stop_loss,17.00289,0.19554,1.97989,4.89895,new_york,2023
GBPJPY,-1,2023-05-31 18:00:00,2023-06-01 04:00:00,173.159,173.403,173.69665,172.0837,0.2037,-24.4,-45.23,-59.81,10,time_exit,15.70279,0.35843,-0.12096,1.79019,new_york,2023
GBPJPY,1,2023-06-01 18:00:00,2023-06-02 04:00:00,173.944,174.026,173.40911,175.01378,0.2038,8.2,15.21,17.62,10,time_exit,19.39686,0.35659,1.45965,1.83552,new_york,2023
GBPJPY,-1,2023-06-02 16:00:00,2023-06-05 02:00:00,174.247,174.288,174.6107,173.5196,0.3002,-4.1,-11.2,-32.69,10,time_exit,18.80381,0.24247,2.01416,3.10284,new_york,2023
GBPJPY,-1,2023-06-05 21:00:00,2023-06-06 07:00:00,173.751,173.615,174.13977,172.97346,0.2805,13.6,34.71,27.96,10,time_exit,26.73381,0.25918,-0.53777,2.42484,new_york,2023
GBPJPY,1,2023-06-06 17:00:00,2023-06-07 03:00:00,173.465,173.266,173.07255,174.2499,0.2789,-19.9,-50.51,-47.21,10,time_exit,27.50037,0.26163,-0.52097,1.20714,new_york,2023
GBPJPY,-1,2023-06-07 20:00:00,2023-06-08 06:00:00,174.306,174.043,174.69152,173.53496,0.2824,26.3,67.59,47.37,10,time_exit,25.12195,0.25701,2.96411,0.85083,new_york,2023
GBPJPY,-1,2023-06-08 15:00:00,2023-06-08 18:00:00,174.147,174.47467,174.47467,173.49165,0.3345,-32.8,-99.74,-99.85,3,stop_loss,24.27632,0.21845,1.22018,1.85535,london,2023
GBPJPY,1,2023-06-08 21:00:00,2023-06-09 07:00:00,174.372,174.716,173.99817,175.11965,0.2903,34.4,90.88,94.31,10,time_exit,22.24371,0.24922,1.70099,1.73062,new_york,2023
GBPJPY,1,2023-06-09 15:00:00,2023-06-12 01:00:00,175.136,175.335,174.81294,175.78212,0.339,19.9,61.39,73.63,10,time_exit,33.03664,0.21537,3.43263,3.11822,london,2023
GBPJPY,1,2023-06-13 07:00:00,2023-06-13 09:00:00,174.706,175.33007,174.39397,175.33007,0.3531,62.4,200.53,200.42,2,take_profit,28.30569,0.20802,-0.52631,3.19817,london,2023
GBPJPY,-1,2023-06-13 12:00:00,2023-06-13 15:00:00,175.307,175.66373,175.66373,174.59354,0.3151,-35.7,-102.29,-102.39,3,stop_loss,26.60042,0.23782,1.82903,2.83357,london,2023
GBPJPY,1,2023-06-13 15:00:00,2023-06-13 17:00:00,175.401,176.07168,175.06566,176.07168,0.3318,67.1,202.5,202.39,2,take_profit,28.32418,0.22356,2.09847,3.11641,london,2023
GBPJPY,1,2023-06-14 05:00:00,2023-06-14 15:00:00,176.684,177.055,176.3232,177.40559,0.3145,37.1,106.18,106.08,10,time_exit,52.33796,0.24053,4.40996,4.54604,,2023
GBPJPY,-1,2023-06-14 18:00:00,2023-06-14 23:00:00,176.984,177.33231,177.33231,176.28738,0.3291,-34.8,-104.31,-127.87,5,stop_loss,39.53633,0.23221,3.73124,5.6265,new_york,2023
GBPJPY,1,2023-06-15 06:00:00,2023-06-15 10:00:00,178.201,178.9725,177.81525,178.9725,0.2942,77.1,206.55,206.46,4,take_profit,41.90731,0.25717,6.21053,5.86073,,2023
GBPJPY,1,2023-06-15 18:00:00,2023-06-16 04:00:00,178.977,178.883,178.49571,179.93958,0.2405,-9.4,-20.57,-17.73,10,time_exit,46.767,0.32086,4.96715,5.87418,new_york,2023
GBPJPY,-1,2023-06-16 04:00:00,2023-06-16 05:00:00,179.136,179.51159,179.51159,178.38482,0.3076,-37.6,-105.13,-105.23,1,stop_loss,42.89205,0.25039,4.519,8.5781,,2023
GBPJPY,1,2023-06-16 08:00:00,2023-06-16 10:00:00,179.712,180.68416,179.22592,180.68416,0.2353,97.2,208.16,208.09,2,take_profit,39.92848,0.32405,4.61165,6.85484,london,2023
GBPJPY,1,2023-06-19 03:00:00,2023-06-19 06:00:00,182.024,181.53665,181.53665,182.99871,0.2394,-48.7,-106.17,-106.25,3,stop_loss,56.02059,0.3249,6.52693,9.20595,,2023
GBPJPY,1,2023-06-19 07:00:00,2023-06-19 17:00:00,181.394,181.49,180.92082,182.34036,0.2441,9.6,21.32,21.24,10,time_exit,50.13288,0.31545,3.85514,9.74848,london,2023
GBPJPY,1,2023-06-20 21:00:00,2023-06-21 07:00:00,180.21,180.982,179.7137,181.20261,0.2332,77.2,163.83,166.59,10,time_exit,35.82499,0.33087,-1.90039,7.39226,new_york,2023
GBPJPY,1,2023-06-23 11:00:00,2023-06-23 18:00:00,181.607,182.79536,181.01282,182.79536,0.1978,118.8,213.9,213.84,7,take_profit,32.97099,0.39612,0.05192,4.56951,london,2023
GBPJPY,-1,2023-06-26 16:00:00,2023-06-26 17:00:00,181.944,182.48087,182.48087,180.87026,0.2233,-53.7,-109.09,-109.16,1,stop_loss,17.87419,0.35791,-0.51086,4.80411,new_york,2023
GBPJPY,1,2023-06-27 03:00:00,2023-06-27 13:00:00,182.349,183.019,181.95043,183.14613,0.2977,67.0,181.51,181.42,10,time_exit,14.97852,0.26571,0.35298,6.05924,,2023
GBPJPY,1,2023-06-27 23:00:00,2023-06-28 03:00:00,183.652,183.25654,183.25654,184.44293,0.3051,-39.5,-109.8,-109.9,4,stop_loss,21.97794,0.26364,3.54893,6.226,,2023
GBPJPY,1,2023-06-28 05:00:00,2023-06-28 12:00:00,183.175,182.81922,182.81922,183.88656,0.3357,-35.6,-108.69,-108.8,7,stop_loss,20.51683,0.23719,1.29686,6.97217,,2023
GBPJPY,-1,2023-06-28 12:00:00,2023-06-28 16:00:00,183.132,182.38692,183.50454,182.38692,0.3174,74.5,215.2,215.1,4,take_profit,15.21353,0.24836,0.67818,6.48532,london,2023
GBPJPY,1,2023-06-29 11:00:00,2023-06-29 21:00:00,182.513,182.755,182.13136,183.27627,0.316,24.2,69.59,69.49,10,time_exit,19.38543,0.25442,-0.52654,4.28223,london,2023
GBPJPY,-1,2023-06-30 00:00:00,2023-06-30 04:00:00,182.543,182.89216,182.89216,181.84468,0.3476,-34.9,-110.44,-110.55,4,stop_loss,13.46149,0.23277,-0.23375,4.03157,,2023
GBPJPY,-1,2023-06-30 10:00:00,2023-06-30 11:00:00,182.436,182.7932,182.7932,181.72159,0.3364,-35.7,-109.35,-109.46,1,stop_loss,15.78397,0.23814,-0.87561,3.55111,london,2023
GBPJPY,1,2023-06-30 21:00:00,2023-07-03 07:00:00,183.35,183.517,182.88122,184.28755,0.2537,16.7,38.55,47.71,10,time_exit,25.78342,0.31252,1.57986,2.91682,new_york,2023
GBPJPY,1,2023-07-04 06:00:00,2023-07-04 16:00:00,183.451,183.666,183.14543,184.06214,0.3906,21.5,76.42,76.3,10,time_exit,11.22961,0.20371,0.69402,4.61914,,2023
GBPJPY,1,2023-07-05 14:00:00,2023-07-05 18:00:00,183.157,183.84143,182.81478,183.84143,0.3512,68.4,218.74,218.63,4,take_profit,14.08209,0.22814,-1.61673,3.58555,london,2023
GBPJPY,-1,2023-07-05 21:00:00,2023-07-06 07:00:00,183.702,182.9356,184.0852,182.9356,0.3199,76.6,223.11,200.21,10,take_profit,13.321,0.25547,0.57173,3.06933,new_york,2023
GBPJPY,-1,2023-07-07 00:00:00,2023-07-07 10:00:00,183.515,182.55844,183.99328,182.55844,0.2615,95.7,227.63,227.55,10,take_profit,15.93677,0.31885,0.17075,1.68741,,2023
GBPJPY,1,2023-07-10 14:00:00,2023-07-10 15:00:00,182.166,181.63732,181.63732,183.22335,0.2413,-52.9,-116.09,-116.17,1,stop_loss,22.15596,0.35245,-1.91424,-0.06193,london,2023
GBPJPY,-1,2023-07-10 16:00:00,2023-07-11 02:00:00,181.635,181.77,182.18819,180.52862,0.2283,-13.5,-28.05,-33.55,10,time_exit,25.27076,0.36879,-3.01593,-0.2461,new_york,2023
GBPJPY,-1,2023-07-11 21:00:00,2023-07-12 07:00:00,181.321,180.877,181.83825,180.28649,0.2435,44.4,98.38,92.52,10,time_exit,21.94129,0.34484,-1.46463,-1.91278,new_york,2023
GBPJPY,1,2023-07-12 21:00:00,2023-07-13 07:00:00,179.542,180.166,178.98866,180.64868,0.2296,62.4,130.38,138.67,10,time_exit,33.17785,0.36889,-3.97381,-2.9173,new_york,2023
GBPJPY,-1,2023-07-13 18:00:00,2023-07-14 04:00:00,181.222,180.518,181.80931,180.04738,0.2187,70.4,140.11,134.84,10,time_exit,27.71318,0.39154,1.32337,-2.71274,new_york,2023
GBPJPY,1,2023-07-17 00:00:00,2023-07-17 03:00:00,181.66,181.18887,181.18887,182.60225,0.2759,-47.1,-118.29,-118.38,3,stop_loss,19.18389,0.31408,1.53508,-1.36549,,2023
GBPJPY,-1,2023-07-17 03:00:00,2023-07-17 13:00:00,181.534,180.678,181.97724,180.64753,0.2904,85.6,226.21,226.12,10,time_exit,16.00647,0.29549,0.87272,-1.31038,,2023
GBPJPY,1,2023-07-17 19:00:00,2023-07-18 05:00:00,181.653,181.366,181.04624,182.86653,0.2162,-28.7,-56.46,-53.9,10,time_exit,19.02344,0.40451,0.80167,-0.72061,new_york,2023
GBPJPY,-1,2023-07-18 11:00:00,2023-07-18 13:00:00,180.929,181.37044,181.37044,180.04613,0.2957,-44.1,-118.78,-118.87,2,stop_loss,10.20833,0.29429,-1.34908,-0.86092,london,2023
GBPJPY,-1,2023-07-20 14:00:00,2023-07-20 17:00:00,179.848,180.27323,180.27323,178.99755,0.3039,-42.5,-117.6,-117.7,3,stop_loss,23.60137,0.28348,-2.84258,-2.02597,london,2023
GBPJPY,-1,2023-07-20 17:00:00,2023-07-20 19:00:00,180.062,180.49173,180.49173,179.20254,0.2977,-43.0,-116.42,-116.51,2,stop_loss,27.07408,0.28649,-1.78138,-2.1425,new_york,2023
GBPJPY,-1,2023-07-20 19:00:00,2023-07-21 05:00:00,180.364,180.631,180.79916,179.49367,0.2911,-26.7,-70.73,-77.74,10,time_exit,25.1396,0.29011,-0.67891,-2.11835,new_york,2023
GBPJPY,1,2023-07-24 06:00:00,2023-07-24 11:00:00,181.921,181.4377,181.4377,182.8876,0.2605,-48.3,-114.57,-114.65,5,stop_loss,19.4306,0.3222,1.68754,0.38689,,2023
GBPJPY,1,2023-07-24 17:00:00,2023-07-25 03:00:00,181.002,181.324,180.45172,182.10256,0.2265,32.2,66.37,69.05,10,time_exit,21.83448,0.36685,-1.12348,0.36086,new_york,2023
GBPJPY,1,2023-07-25 04:00:00,2023-07-25 14:00:00,181.324,181.394,180.91354,182.14493,0.3054,7.0,19.45,19.35,10,time_exit,18.49525,0.27364,-0.21489,0.36043,,2023
GBPJPY,-1,2023-07-25 21:00:00,2023-07-26 07:00:00,181.759,181.769,182.19101,180.89498,0.2906,-1.0,-2.64,-9.64,10,time_exit,18.80132,0.28801,1.08666,0.44011,new_york,2023
GBPJPY,1,2023-07-26 07:00:00,2023-07-26 09:00:00,181.723,181.37709,181.37709,182.41482,0.3629,-34.6,-114.23,-114.35,2,stop_loss,22.69276,0.23061,0.7274,0.83335,london,2023
GBPJPY,-1,2023-07-26 21:00:00,2023-07-27 07:00:00,181.36,181.467,181.79455,180.4909,0.286,-10.7,-27.85,-48.33,10,time_exit,17.02536,0.2897,-0.45032,0.41874,new_york,2023
GBPJPY,-1,2023-07-27 18:00:00,2023-07-27 20:00:00,181.488,180.36123,182.05139,180.36123,0.22,112.7,225.58,225.51,2,take_profit,14.83961,0.37559,-0.00182,0.25439,new_york,2023
GBPJPY,1,2023-07-31 00:00:00,2023-07-31 10:00:00,181.06,182.78,180.12199,182.93601,0.1348,172.0,210.99,210.95,10,time_exit,30.47378,0.62534,1.83744,-1.08995,,2023
GBPJPY,1,2023-08-03 07:00:00,2023-08-03 10:00:00,182.191,181.77809,181.77809,183.01681,0.3118,-41.3,-117.16,-117.26,3,stop_loss,24.34343,0.27527,-0.54808,2.044,london,2023
GBPJPY,-1,2023-08-03 20:00:00,2023-08-04 06:00:00,181.264,181.497,181.89952,179.99297,0.2006,-23.3,-42.53,-47.36,10,time_exit,32.76302,0.42368,-1.47252,0.40378,new_york,2023
GBPJPY,-1,2023-08-07 02:00:00,2023-08-07 12:00:00,180.869,181.053,181.32056,179.96587,0.2812,-18.4,-47.08,-47.17,10,time_exit,23.81161,0.30104,-1.61876,-0.73286,,2023
GBPJPY,-1,2023-08-07 18:00:00,2023-08-08 03:00:00,181.79,182.21351,182.21351,180.94298,0.2986,-42.4,-115.08,-122.27,9,stop_loss,18.14198,0.28234,1.89826,-0.90977,new_york,2023
GBPJPY,1,2023-08-10 22:00:00,2023-08-11 08:00:00,183.692,183.598,183.24292,184.59017,0.2788,-9.4,-23.85,-20.55,10,time_exit,25.86961,0.29939,2.27493,2.67142,,2023
GBPJPY,1,2023-08-11 20:00:00,2023-08-14 04:00:00,183.926,183.52431,183.52431,184.72938,0.311,-40.2,-113.68,-102.45,8,stop_loss,24.96313,0.26779,1.84927,3.4629,new_york,2023
GBPJPY,-1,2023-08-15 10:00:00,2023-08-15 20:00:00,185.234,185.07,185.61133,184.47933,0.3278,16.4,48.92,48.82,10,time_exit,24.40301,0.25156,4.41417,4.28905,london,2023
GBPJPY,1,2023-08-16 10:00:00,2023-08-16 11:00:00,184.978,185.60581,184.66409,185.60581,0.3957,62.8,226.07,225.94,1,take_profit,18.75005,0.20927,1.66334,5.61728,london,2023
GBPJPY,-1,2023-08-16 18:00:00,2023-08-16 23:00:00,185.934,186.32729,186.32729,185.14742,0.3221,-39.3,-115.28,-138.34,5,stop_loss,30.31652,0.26219,3.90923,4.90738,new_york,2023
GBPJPY,1,2023-08-17 04:00:00,2023-08-17 12:00:00,186.219,185.86036,185.86036,186.93629,0.3497,-35.9,-114.13,-114.24,8,stop_loss,39.4007,0.2391,3.79801,6.06956,,2023
GBPJPY,-1,2023-08-18 05:00:00,2023-08-18 09:00:00,185.662,184.91449,186.03575,184.91449,0.3322,74.8,225.97,225.86,4,take_profit,29.99475,0.24917,-0.39691,5.67746,,2023
GBPJPY,-1,2023-08-21 04:00:00,2023-08-21 05:00:00,185.053,185.45555,185.45555,184.24789,0.3146,-40.3,-115.25,-115.35,1,stop_loss,25.22362,0.26837,-1.09369,3.16763,,2023
GBPJPY,-1,2023-08-21 07:00:00,2023-08-21 12:00:00,185.217,185.63545,185.63545,184.3801,0.2996,-41.8,-114.08,-114.18,5,stop_loss,23.9314,0.27897,-0.42206,2.92595,london,2023
GBPJPY,1,2023-08-23 12:00:00,2023-08-23 13:00:00,184.301,183.83163,183.83163,185.23974,0.2644,-46.9,-112.93,-113.01,1,stop_loss,35.34758,0.31291,-4.60011,2.07205,london,2023
GBPJPY,-1,2023-08-24 05:00:00,2023-08-24 08:00:00,184.26,184.6679,184.6679,183.4442,0.3012,-40.8,-111.8,-111.9,3,stop_loss,47.11013,0.27193,-2.29992,-0.12067,,2023
GBPJPY,1,2023-08-24 20:00:00,2023-08-24 22:00:00,184.155,183.74821,183.74821,184.96858,0.299,-40.7,-110.68,-110.78,2,stop_loss,31.32444,0.27119,-1.77849,-0.74996,new_york,2023
GBPJPY,1,2023-08-28 04:00:00,2023-08-28 14:00:00,184.519,184.455,184.17745,185.2021,0.3526,-6.4,-20.54,-20.65,10,time_exit,24.69277,0.2277,1.38998,-1.77118,,2023
GBPJPY,-1,2023-08-28 17:00:00,2023-08-29 03:00:00,184.529,184.739,184.83101,183.92498,0.398,-21.0,-76.06,-85.64,10,time_exit,20.25568,0.20134,1.16211,-1.41928,new_york,2023
GBPJPY,-1,2023-08-30 02:00:00,2023-08-30 09:00:00,184.419,184.78182,184.78182,183.69337,0.329,-36.3,-108.62,-108.72,7,stop_loss,20.13839,0.24188,-0.40075,-0.32103,,2023
GBPJPY,-1,2023-09-01 03:00:00,2023-09-01 13:00:00,184.343,184.385,184.72706,183.57488,0.3076,-4.2,-11.76,-11.86,10,time_exit,36.93602,0.25604,-2.23973,0.5108,,2023
GBPJPY,1,2023-09-01 13:00:00,2023-09-01 15:00:00,184.332,183.97336,183.97336,185.04928,0.3291,-35.9,-107.41,-107.51,2,stop_loss,31.59698,0.23909,-1.59605,-0.11038,london,2023
GBPJPY,1,2023-09-04 05:00:00,2023-09-04 10:00:00,184.115,184.84011,183.75244,184.84011,0.3223,72.5,212.67,212.57,5,take_profit,32.77035,0.2417,-1.17686,-0.98557,,2023
GBPJPY,1,2023-09-04 17:00:00,2023-09-05 03:00:00,184.88,185.047,184.56382,185.51236,0.3769,16.7,57.28,61.74,10,time_exit,29.09044,0.21079,1.80929,-0.64667,new_york,2023
GBPJPY,1,2023-09-05 07:00:00,2023-09-05 09:00:00,185.151,184.91605,184.91605,185.62091,0.5099,-23.5,-109.02,-109.18,2,stop_loss,20.32935,0.15664,2.75782,0.22453,london,2023
GBPJPY,-1,2023-09-06 17:00:00,2023-09-07 03:00:00,184.451,184.639,184.90526,183.54248,0.2611,-18.8,-44.67,-63.36,10,time_exit,15.00941,0.30284,-2.30543,0.77198,new_york,2023
GBPJPY,-1,2023-09-07 04:00:00,2023-09-07 10:00:00,184.639,183.93911,184.98894,183.93911,0.3375,70.0,214.95,214.84,6,take_profit,19.42844,0.2333,-1.12129,0.38853,,2023
GBPJPY,-1,2023-09-07 15:00:00,2023-09-08 01:00:00,183.522,183.663,183.92592,182.71416,0.2982,-14.1,-38.26,-45.44,10,time_exit,32.36125,0.26928,-4.04315,-0.47251,london,2023
GBPJPY,1,2023-09-08 07:00:00,2023-09-08 17:00:00,183.982,184.329,183.56986,184.80628,0.2913,34.7,91.98,91.89,10,time_exit,33.3036,0.27476,-0.70806,-1.47215,london,2023
GBPJPY,-1,2023-09-11 16:00:00,2023-09-12 02:00:00,183.517,183.45,184.06503,182.42094,0.2209,6.7,13.47,8.15,10,time_exit,27.82808,0.36535,-0.71908,-1.52315,new_york,2023
GBPJPY,-1,2023-09-12 21:00:00,2023-09-13 03:00:00,183.68,184.05776,184.05776,182.92448,0.3208,-37.8,-110.28,-118.0,6,stop_loss,16.81321,0.25184,0.55987,-2.25013,new_york,2023
GBPJPY,-1,2023-09-14 20:00:00,2023-09-15 06:00:00,182.779,183.183,183.20345,181.9301,0.2827,-40.4,-103.93,-110.74,10,time_exit,27.42873,0.28297,-3.12743,-1.12554,new_york,2023
GBPJPY,-1,2023-09-19 03:00:00,2023-09-19 09:00:00,182.787,183.04597,183.04597,182.26906,0.4589,-25.9,-108.15,-108.3,6,stop_loss,15.3073,0.17265,-1.65298,-3.00028,,2023
GBPJPY,-1,2023-09-22 01:00:00,2023-09-22 05:00:00,181.394,181.77383,181.77383,180.63434,0.3097,-38.0,-107.05,-107.15,4,stop_loss,47.31821,0.25322,-3.60795,-3.05785,,2023
GBPJPY,1,2023-09-22 17:00:00,2023-09-25 03:00:00,181.868,181.686,181.39924,182.80551,0.2484,-18.2,-41.14,-32.17,10,time_exit,24.04019,0.3125,-0.50878,-2.74285,new_york,2023
GBPJPY,-1,2023-09-25 05:00:00,2023-09-25 15:00:00,181.678,181.712,182.0362,180.9616,0.3238,-3.4,-10.02,-10.12,10,time_exit,14.77745,0.2388,-0.82241,-3.62947,,2023
GBPJPY,-1,2023-09-25 15:00:00,2023-09-26 01:00:00,181.69,181.711,182.02865,181.01269,0.3422,-2.1,-6.54,-14.78,10,time_exit,10.8764,0.22577,-0.51295,-3.69089,london,2023
GBPJPY,1,2023-09-26 03:00:00,2023-09-26 09:00:00,181.75,181.48429,181.48429,182.28142,0.4359,-26.6,-105.4,-105.54,6,stop_loss,6.144,0.17714,-0.15141,-4.28265,,2023
GBPJPY,-1,2023-09-26 21:00:00,2023-09-27 07:00:00,181.144,181.014,181.45701,180.51799,0.3663,13.0,43.33,34.51,10,time_exit,25.70768,0.20867,-2.12047,-3.69079,new_york,2023
GBPJPY,-1,2023-10-02 00:00:00,2023-10-02 09:00:00,182.284,182.70537,182.70537,181.44126,0.2732,-42.1,-104.76,-104.85,9,stop_loss,19.91813,0.28091,0.51669,0.07849,,2023
GBPJPY,-1,2023-10-03 11:00:00,2023-10-03 16:00:00,180.997,181.33267,181.33267,180.32566,0.3395,-33.6,-103.7,-103.81,5,stop_loss,44.06704,0.22378,-2.87961,-1.46673,london,2023
GBPJPY,-1,2023-10-05 07:00:00,2023-10-05 17:00:00,180.587,180.708,181.02774,179.70551,0.256,-12.1,-28.19,-28.27,10,time_exit,23.60177,0.29383,-0.56579,-2.38261,london,2023
GBPJPY,1,2023-10-06 17:00:00,2023-10-06 18:00:00,181.525,182.46813,181.05343,182.46813,0.2386,94.3,204.78,204.7,1,take_profit,20.19057,0.31438,1.43844,-0.881,new_york,2023
GBPJPY,-1,2023-10-09 13:00:00,2023-10-09 23:00:00,181.746,181.736,182.16422,180.90956,0.2744,1.0,2.5,-4.11,10,time_exit,15.27712,0.27881,0.35617,0.54012,london,2023
GBPJPY,-1,2023-10-11 04:00:00,2023-10-11 09:00:00,182.727,183.04007,183.04007,182.10086,0.3666,-31.3,-104.44,-104.56,5,stop_loss,12.4951,0.20871,2.76539,2.13013,,2023
GBPJPY,-1,2023-10-12 07:00:00,2023-10-12 16:00:00,183.694,183.04223,184.01989,183.04223,0.3487,65.2,206.82,206.71,9,take_profit,23.90417,0.21726,3.45112,3.99873,london,2023
GBPJPY,1,2023-10-16 10:00:00,2023-10-16 11:00:00,182.013,181.70721,181.70721,182.62457,0.379,-30.6,-105.46,-105.58,1,stop_loss,40.68628,0.20386,-0.94114,0.13472,london,2023
GBPJPY,1,2023-10-16 15:00:00,2023-10-17 01:00:00,182.082,182.675,181.70459,182.83683,0.304,59.3,164.05,167.64,10,time_exit,33.49086,0.25161,-0.23359,-0.0824,london,2023
GBPJPY,-1,2023-10-17 04:00:00,2023-10-17 11:00:00,182.529,181.87329,182.85686,181.87329,0.3555,65.6,212.13,212.02,7,take_profit,23.04331,0.21857,1.07092,0.41995,,2023
GBPJPY,-1,2023-10-17 11:00:00,2023-10-17 13:00:00,182.147,181.52878,182.45611,181.52878,0.3845,61.8,216.31,216.19,2,take_profit,19.9377,0.20607,-0.74978,0.45714,london,2023
GBPJPY,-1,2023-10-17 15:00:00,2023-10-17 18:00:00,182.109,182.5319,182.5319,181.2632,0.2867,-42.3,-110.33,-110.42,3,stop_loss,28.5648,0.28193,-0.52894,0.1977,london,2023
GBPJPY,-1,2023-10-18 04:00:00,2023-10-18 09:00:00,182.162,182.52857,182.52857,181.42885,0.3274,-36.7,-109.21,-109.31,5,stop_loss,27.72661,0.24438,-0.5774,0.32377,,2023
GBPJPY,-1,2023-10-18 11:00:00,2023-10-18 21:00:00,182.537,182.027,182.88811,181.83479,0.3384,51.0,157.05,156.94,10,time_exit,24.07742,0.23407,0.96158,0.34447,london,2023
GBPJPY,-1,2023-10-26 01:00:00,2023-10-26 09:00:00,181.813,181.15834,182.14033,181.15834,0.3683,65.5,219.41,219.29,8,take_profit,34.42679,0.21822,-2.0381,-0.19323,,2023
GBPJPY,1,2023-10-27 09:00:00,2023-10-27 11:00:00,182.168,181.85968,181.85968,182.78465,0.3988,-30.8,-111.89,-112.02,2,stop_loss,12.83831,0.20555,-0.00552,-0.31364,london,2023
GBPJPY,-1,2023-11-02 01:00:00,2023-11-02 11:00:00,183.371,182.949,183.82054,182.47192,0.2708,42.2,103.99,103.9,10,time_exit,13.60751,0.29969,0.83516,2.14433,,2023
GBPJPY,-1,2023-11-02 14:00:00,2023-11-02 23:00:00,183.301,183.71889,183.71889,182.46522,0.294,-41.8,-111.8,-118.88,9,stop_loss,14.66319,0.27859,0.51658,2.11337,london,2023
GBPJPY,-1,2023-11-09 07:00:00,2023-11-09 10:00:00,185.415,185.65375,185.65375,184.93751,0.5094,-23.9,-110.67,-110.83,3,stop_loss,15.62997,0.15916,1.70245,6.19046,london,2023
GBPJPY,-1,2023-11-10 02:00:00,2023-11-10 09:00:00,184.884,185.1833,185.1833,184.2854,0.4023,-29.9,-109.57,-109.7,7,stop_loss,17.56029,0.19953,-1.5799,4.23473,,2023
GBPJPY,-1,2023-11-10 21:00:00,2023-11-13 06:00:00,185.245,185.55917,185.55917,184.61666,0.3794,-31.4,-108.47,-135.63,9,stop_loss,19.49575,0.20945,0.711,3.01317,new_york,2023
GBPJPY,-1,2023-11-16 00:00:00,2023-11-16 10:00:00,187.879,187.584,188.21533,187.20634,0.3508,29.5,94.17,94.06,10,time_exit,19.4845,0.22422,2.87713,6.83238,,2023
GBPJPY,-1,2023-11-16 21:00:00,2023-11-17 07:00:00,186.954,186.997,187.29135,186.2793,0.3528,-4.3,-13.81,-22.3,10,time_exit,29.69648,0.2249,-1.80115,5.62135,new_york,2023
GBPJPY,-1,2023-11-20 10:00:00,2023-11-20 13:00:00,185.763,184.90909,186.18996,184.90909,0.2784,85.4,216.33,216.24,3,take_profit,33.60242,0.28464,-2.63211,1.20222,london,2023
GBPJPY,-1,2023-11-20 16:00:00,2023-11-21 02:00:00,185.252,185.253,185.74629,184.26342,0.2453,-0.1,-0.22,-6.13,10,time_exit,39.72838,0.32953,-2.97228,0.33954,new_york,2023
GBPJPY,-1,2023-11-21 02:00:00,2023-11-21 05:00:00,185.599,184.84289,185.97705,184.84289,0.3207,75.6,220.66,220.56,3,take_profit,31.7418,0.25204,-1.5237,-0.27506,,2023
GBPJPY,1,2023-11-21 06:00:00,2023-11-21 16:00:00,184.783,185.092,184.35678,185.63544,0.2901,30.9,81.57,81.48,10,time_exit,32.89545,0.28415,-3.75377,-0.56728,,2023
GBPJPY,-1,2023-11-21 17:00:00,2023-11-21 19:00:00,185.083,185.52592,185.52592,184.19715,0.2812,-44.3,-113.34,-113.43,2,stop_loss,31.01813,0.29528,-1.55341,-1.21446,new_york,2023
GBPJPY,1,2023-11-21 23:00:00,2023-11-22 09:00:00,186.014,186.598,185.58458,186.87285,0.2872,58.4,152.63,152.54,10,time_exit,26.08434,0.28628,1.52261,-1.08946,,2023
GBPJPY,1,2023-11-23 03:00:00,2023-11-23 11:00:00,186.51,187.239,186.1455,187.239,0.3429,72.9,227.48,227.37,8,take_profit,29.42428,0.243,1.18475,0.76784,,2023
GBPJPY,1,2023-11-23 12:00:00,2023-11-23 22:00:00,187.414,187.466,186.99154,188.25893,0.3018,5.2,14.28,14.18,10,time_exit,22.08973,0.28164,3.78953,0.92472,london,2023
GBPJPY,-1,2023-11-24 14:00:00,2023-11-24 16:00:00,187.977,188.30476,188.30476,187.32148,0.3894,-32.8,-116.14,-116.26,2,stop_loss,27.75803,0.21851,4.08828,3.13691,london,2023
GBPJPY,1,2023-11-27 11:00:00,2023-11-27 21:00:00,187.97,187.729,187.62215,188.6657,0.3632,-24.1,-79.65,-79.77,10,time_exit,28.18657,0.2319,1.1541,4.14477,london,2023
GBPJPY,-1,2023-11-28 11:00:00,2023-11-28 21:00:00,187.746,187.207,188.12151,186.99498,0.3341,53.9,163.87,163.76,10,time_exit,31.68759,0.25034,0.51318,2.73792,london,2023
GBPJPY,1,2023-11-29 03:00:00,2023-11-29 12:00:00,186.679,187.43582,186.30059,187.43582,0.3363,75.7,231.61,231.5,9,take_profit,24.90405,0.25227,-3.10113,1.87566,,2023
GBPJPY,-1,2023-11-29 19:00:00,2023-11-30 05:00:00,186.992,186.788,187.47104,186.03392,0.271,20.4,50.31,30.91,10,time_exit,17.03438,0.31936,-1.01738,0.95631,new_york,2023
GBPJPY,-1,2023-11-30 20:00:00,2023-12-01 06:00:00,187.042,187.163,187.51843,186.08915,0.2736,-12.1,-30.13,-36.72,10,time_exit,24.92737,0.31762,0.15335,0.08328,new_york,2023
GBPJPY,-1,2023-12-05 11:00:00,2023-12-05 21:00:00,185.658,185.286,186.08671,184.80057,0.3033,37.2,102.67,102.57,10,time_exit,27.91781,0.28581,-1.55934,-1.86365,london,2023
GBPJPY,-1,2023-12-06 06:00:00,2023-12-06 16:00:00,185.72,185.367,186.07171,185.01658,0.3729,35.3,119.79,119.67,10,time_exit,34.65458,0.23447,-0.24149,-2.81946,,2023
GBPJPY,1,2023-12-07 08:00:00,2023-12-07 09:00:00,183.907,183.53817,183.53817,184.64466,0.3592,-36.9,-120.56,-120.67,1,stop_loss,45.86045,0.24589,-5.39829,-3.58878,london,2023
GBPJPY,-1,2023-12-08 08:00:00,2023-12-08 18:00:00,181.174,181.639,182.17922,179.16357,0.1305,-46.5,-55.22,-55.26,10,time_exit,67.02988,0.67014,-2.49963,-3.41119,london,2023
GBPJPY,-1,2023-12-08 18:00:00,2023-12-11 02:00:00,181.286,182.25586,182.25586,179.34628,0.1346,-97.0,-118.79,-128.43,8,stop_loss,50.57137,0.64657,-1.57182,-3.78704,new_york,2023
GBPJPY,-1,2023-12-11 21:00:00,2023-12-12 07:00:00,183.722,182.826,184.28836,182.58928,0.2282,89.6,186.07,180.58,10,time_exit,29.37157,0.37757,2.33631,-3.95047,new_york,2023
GBPJPY,-1,2023-12-12 13:00:00,2023-12-12 23:00:00,182.696,182.732,183.15439,181.77921,0.2863,-3.6,-9.38,-16.27,10,time_exit,26.0309,0.3056,-0.77088,-3.96845,london,2023
GBPJPY,1,2023-12-13 16:00:00,2023-12-13 19:00:00,182.107,181.64111,181.64111,183.03879,0.2815,-46.6,-119.35,-119.44,3,stop_loss,16.67472,0.3106,-2.02058,-3.39384,new_york,2023
GBPJPY,-1,2023-12-14 13:00:00,2023-12-14 14:00:00,179.23,180.02864,180.02864,177.63273,0.1626,-79.9,-118.17,-118.22,1,stop_loss,60.48178,0.53242,-3.51735,-3.70911,london,2023
GBPJPY,-1,2023-12-15 07:00:00,2023-12-15 17:00:00,180.954,180.002,181.61733,179.62734,0.1938,95.2,167.89,167.83,10,time_exit,28.34771,0.44222,-0.19668,-3.80454,london,2023
GBPJPY,-1,2023-12-15 22:00:00,2023-12-18 08:00:00,180.424,180.553,181.1191,179.03379,0.1876,-12.9,-22.02,-35.45,10,time_exit,26.11184,0.4634,-0.94458,-3.40637,,2023
GBPJPY,1,2023-12-18 23:00:00,2023-12-19 00:00:00,180.741,180.29098,180.29098,181.64105,0.2892,-45.0,-118.43,-118.52,1,stop_loss,12.80633,0.30002,0.08202,-4.37548,,2023
GBPJPY,1,2023-12-19 20:00:00,2023-12-20 06:00:00,183.177,182.48396,182.48396,184.56309,0.1859,-69.3,-117.24,-115.04,10,stop_loss,22.02807,0.46203,3.00517,-0.67486,new_york,2023
GBPJPY,1,2023-12-21 14:00:00,2023-12-21 16:00:00,180.744,180.23703,180.23703,181.75793,0.2516,-50.7,-116.07,-116.15,2,stop_loss,36.40078,0.33798,-2.25646,-1.35687,london,2023
GBPJPY,-1,2023-12-27 03:00:00,2023-12-27 09:00:00,181.546,181.85626,181.85626,180.92548,0.4069,-31.0,-114.88,-115.01,6,stop_loss,17.22855,0.20684,2.8871,-2.29177,,2023
GBPJPY,-1,2023-12-27 12:00:00,2023-12-27 15:00:00,181.367,181.72623,181.72623,180.64853,0.3479,-35.9,-113.73,-113.84,3,stop_loss,22.23947,0.23949,1.11212,-1.35294,london,2023
GBPJPY,-1,2023-12-29 05:00:00,2023-12-29 15:00:00,180.126,180.418,180.58312,179.21176,0.2707,-29.2,-71.93,-72.02,10,time_exit,43.86656,0.30475,-1.51782,-1.92244,,2023
GBPJPY,-1,2023-12-29 19:00:00,2024-01-02 04:00:00,179.541,180.10715,180.10715,178.40871,0.2172,-56.6,-111.9,-132.61,9,stop_loss,34.04471,0.37743,-2.31502,-1.68778,new_york,2023
GBPJPY,-1,2024-01-04 00:00:00,2024-01-04 06:00:00,181.418,181.87343,181.87343,180.50713,0.2672,-45.5,-110.74,-110.83,6,stop_loss,41.96785,0.30362,3.90742,-1.14202,,2024
GBPJPY,1,2024-01-04 06:00:00,2024-01-04 11:00:00,181.665,182.54319,181.22591,182.54319,0.2744,87.8,219.29,219.2,5,take_profit,42.03963,0.29273,3.85999,-0.46453,,2024
GBPJPY,1,2024-01-04 11:00:00,2024-01-04 16:00:00,182.38,183.35115,181.89442,183.35115,0.2531,97.1,223.68,223.6,5,take_profit,45.37251,0.32372,4.83563,0.23246,london,2024
GBPJPY,1,2024-01-05 23:00:00,2024-01-08 00:00:00,184.13,183.68909,183.68909,185.01182,0.2843,-44.1,-114.07,-107.26,1,stop_loss,32.49229,0.29394,3.53885,4.92191,,2024
GBPJPY,1,2024-01-09 01:00:00,2024-01-09 03:00:00,183.847,183.46892,183.46892,184.60316,0.3282,-37.8,-112.92,-113.02,2,stop_loss,14.425,0.25205,1.62455,5.3643,,2024
GBPJPY,-1,2024-01-09 11:00:00,2024-01-09 21:00:00,183.447,183.569,183.88909,182.56281,0.2779,-12.2,-30.85,-30.94,10,time_exit,16.00421,0.29473,0.08615,4.09796,london,2024
GBPJPY,-1,2024-01-10 06:00:00,2024-01-10 10:00:00,183.945,184.3512,184.3512,183.1326,0.3016,-40.6,-111.48,-111.58,4,stop_loss,11.92822,0.2708,1.66152,3.89769,,2024
GBPJPY,1,2024-01-10 12:00:00,2024-01-10 17:00:00,184.416,185.20464,184.02168,185.20464,0.3076,78.9,220.75,220.65,5,take_profit,15.34622,0.26288,2.99962,4.15511,london,2024
GBPJPY,1,2024-01-16 22:00:00,2024-01-17 08:00:00,185.999,186.199,185.61409,186.76881,0.3214,20.0,58.49,62.29,10,time_exit,18.24401,0.2566,2.30881,4.02576,,2024
GBPJPY,-1,2024-01-18 12:00:00,2024-01-18 13:00:00,187.376,187.73522,187.73522,186.65756,0.3461,-35.9,-113.14,-113.25,1,stop_loss,32.5344,0.23948,1.73188,7.04973,london,2024
GBPJPY,-1,2024-01-22 13:00:00,2024-01-22 23:00:00,188.098,188.235,188.47512,187.34376,0.3264,-13.7,-40.69,-48.55,10,time_exit,11.80173,0.25141,0.74592,6.20699,london,2024
GBPJPY,-1,2024-01-23 01:00:00,2024-01-23 03:00:00,188.032,188.37073,188.37073,187.35453,0.3621,-33.9,-111.62,-111.74,2,stop_loss,9.72483,0.22582,0.19277,6.38946,,2024
GBPJPY,1,2024-01-23 18:00:00,2024-01-24 04:00:00,188.06,187.952,187.52442,189.13117,0.2267,-10.8,-22.28,-19.6,10,time_exit,14.12107,0.35706,0.03795,3.50073,new_york,2024
GBPJPY,1,2024-01-26 04:00:00,2024-01-26 13:00:00,187.513,188.30313,187.11793,188.30313,0.3067,79.0,220.52,220.42,9,take_profit,19.87958,0.26338,-0.92849,2.01237,,2024
GBPJPY,1,2024-01-29 05:00:00,2024-01-29 10:00:00,188.105,187.78047,187.78047,188.75406,0.3808,-32.5,-112.46,-112.58,5,stop_loss,9.69134,0.21635,0.7313,2.51503,,2024
GBPJPY,-1,2024-01-29 13:00:00,2024-01-29 17:00:00,187.81,187.20982,188.11009,187.20982,0.4077,60.0,222.67,222.54,4,take_profit,13.92786,0.20006,-0.65005,2.47907,london,2024
GBPJPY,-1,2024-01-29 20:00:00,2024-01-30 06:00:00,187.283,187.222,187.62792,186.59315,0.3618,6.1,20.08,11.37,10,time_exit,21.69568,0.22995,-2.42533,1.6724,new_york,2024
GBPJPY,1,2024-01-30 20:00:00,2024-01-31 02:00:00,187.429,187.02799,187.02799,188.23101,0.3117,-40.1,-113.74,-110.05,6,stop_loss,36.15438,0.26734,0.09985,0.06487,new_york,2024
GBPJPY,1,2024-01-31 22:00:00,2024-02-01 08:00:00,186.071,186.005,185.59354,187.02593,0.2592,-6.6,-15.57,-6.21,10,time_exit,32.99597,0.31831,-3.27394,-0.61581,,2024
GBPJPY,1,2024-02-02 21:00:00,2024-02-05 07:00:00,187.226,187.068,186.73928,188.19943,0.2539,-15.8,-36.51,-27.34,10,time_exit,32.8625,0.32448,1.35575,-0.71786,new_york,2024
GBPJPY,-1,2024-02-05 17:00:00,2024-02-06 03:00:00,186.159,186.346,186.56502,185.34696,0.3034,-18.7,-51.63,-58.93,10,time_exit,24.54983,0.27068,-2.27031,-0.38153,new_york,2024
GBPJPY,1,2024-02-06 19:00:00,2024-02-07 05:00:00,186.331,186.378,185.99741,186.99818,0.3675,4.7,15.72,20.07,10,time_exit,20.52386,0.22239,-1.26349,-1.25143,new_york,2024
GBPJPY,-1,2024-02-08 06:00:00,2024-02-08 07:00:00,187.409,187.71354,187.71354,186.79992,0.4031,-30.5,-111.71,-111.84,1,stop_loss,18.12638,0.20303,2.84948,-0.18257,,2024
GBPJPY,-1,2024-02-12 21:00:00,2024-02-13 07:00:00,188.582,188.656,188.85949,188.02702,0.438,-7.4,-29.49,-40.04,10,time_exit,21.20365,0.18499,1.64581,3.85086,new_york,2024
GBPJPY,1,2024-02-15 01:00:00,2024-02-15 03:00:00,189.08,188.7628,188.7628,189.71441,0.3821,-31.7,-110.3,-110.42,2,stop_loss,19.0674,0.21147,-0.18915,4.16602,,2024
GBPJPY,1,2024-02-15 06:00:00,2024-02-15 09:00:00,188.804,188.48724,188.48724,189.43752,0.3788,-31.7,-109.19,-109.31,3,stop_loss,20.75617,0.21117,-1.30665,3.81463,,2024
GBPJPY,-1,2024-02-15 13:00:00,2024-02-15 16:00:00,188.408,188.71296,188.71296,187.79808,0.3895,-30.5,-108.09,-108.21,3,stop_loss,29.27153,0.20331,-2.59084,3.179,london,2024
GBPJPY,1,2024-02-19 06:00:00,2024-02-19 16:00:00,189.101,188.969,188.83627,189.63047,0.4442,-13.2,-53.36,-53.5,10,time_exit,11.91227,0.17649,0.16919,3.00958,,2024
GBPJPY,-1,2024-02-20 07:00:00,2024-02-20 11:00:00,189.205,189.41085,189.41085,188.79329,0.5684,-20.6,-106.48,-106.66,4,stop_loss,10.22995,0.13724,0.68,3.19933,london,2024
GBPJPY,1,2024-02-20 21:00:00,2024-02-21 07:00:00,189.331,189.484,189.04121,189.91058,0.3997,15.3,55.65,60.38,10,time_exit,15.13429,0.19319,0.53943,2.38861,new_york,2024
GBPJPY,-1,2024-02-21 15:00:00,2024-02-21 16:00:00,189.285,189.54072,189.54072,188.77357,0.4554,-25.6,-105.97,-106.12,1,stop_loss,10.60467,0.17048,-0.1092,2.56768,london,2024
GBPJPY,1,2024-02-23 09:00:00,2024-02-23 19:00:00,190.695,190.689,190.44504,191.19492,0.4612,-0.6,-2.52,-2.67,10,time_exit,31.10314,0.16664,3.23406,4.9133,london,2024
GBPJPY,-1,2024-02-23 21:00:00,2024-02-26 07:00:00,190.681,190.55,190.96309,190.11682,0.4085,13.1,48.7,19.45,10,time_exit,26.55717,0.18806,1.41259,4.81197,new_york,2024
GBPJPY,1,2024-02-26 20:00:00,2024-02-27 03:00:00,191.121,190.80907,190.80907,191.74485,0.3712,-31.2,-105.37,-100.98,7,stop_loss,30.04664,0.20795,2.07534,4.38021,new_york,2024
GBPJPY,1,2024-02-27 17:00:00,2024-02-28 03:00:00,190.529,190.645,190.23866,191.10968,0.3948,11.6,41.68,46.35,10,time_exit,21.27244,0.19356,-1.08102,3.95555,new_york,2024
GBPJPY,1,2024-02-28 15:00:00,2024-02-29 01:00:00,190.387,190.758,190.07283,191.01535,0.3663,37.1,123.67,136.9,10,time_exit,14.04277,0.20945,-1.54398,2.81504,london,2024
GBPJPY,1,2024-02-29 07:00:00,2024-02-29 09:00:00,189.795,189.44669,189.44669,190.49161,0.3343,-34.8,-105.96,-106.07,2,stop_loss,22.79557,0.2322,-3.44846,1.79379,london,2024
GBPJPY,1,2024-03-01 16:00:00,2024-03-01 17:00:00,190.268,189.88998,189.88998,191.02403,0.3049,-37.8,-104.88,-104.98,1,stop_loss,20.82719,0.25201,1.02879,-0.17587,new_york,2024
GBPJPY,1,2024-03-04 22:00:00,2024-03-05 08:00:00,191.059,190.78151,190.78151,191.61398,0.4112,-27.7,-103.83,-98.97,10,stop_loss,23.75944,0.18499,3.69576,1.20597,,2024
GBPJPY,-1,2024-03-05 10:00:00,2024-03-05 17:00:00,190.682,190.93458,190.93458,190.17684,0.4472,-25.3,-102.79,-102.93,7,stop_loss,20.72894,0.16839,0.64665,2.00048,london,2024
GBPJPY,1,2024-03-05 20:00:00,2024-03-05 21:00:00,190.787,190.48567,190.48567,191.38965,0.3711,-30.1,-101.76,-101.88,1,stop_loss,18.17186,0.20088,0.80059,1.70977,new_york,2024
GBPJPY,-1,2024-03-06 11:00:00,2024-03-06 21:00:00,190.564,190.285,190.90133,189.88935,0.3282,27.9,83.33,83.23,10,time_exit,24.13657,0.22488,0.0723,1.06517,london,2024
GBPJPY,-1,2024-03-08 01:00:00,2024-03-08 11:00:00,189.425,188.5745,189.85025,188.5745,0.2625,85.0,203.16,203.08,10,take_profit,30.5123,0.2835,-0.8613,-1.40416,,2024
GBPJPY,1,2024-03-12 02:00:00,2024-03-12 05:00:00,188.274,188.96754,187.92723,188.96754,0.3283,69.4,207.2,207.1,3,take_profit,38.20981,0.23118,-2.08926,-3.46497,,2024
GBPJPY,-1,2024-03-13 00:00:00,2024-03-13 10:00:00,188.886,188.822,189.28691,188.08419,0.2896,6.4,16.87,16.78,10,time_exit,18.69372,0.26727,0.63045,-2.42556,,2024
GBPJPY,-1,2024-03-13 15:00:00,2024-03-14 01:00:00,189.524,189.049,189.93338,188.70525,0.2841,47.5,122.8,102.46,10,time_exit,15.7794,0.27292,2.5811,-1.83828,london,2024
GBPJPY,-1,2024-03-14 14:00:00,2024-03-14 16:00:00,189.283,188.66328,189.59286,188.66328,0.3797,62.0,214.13,214.01,2,take_profit,13.18758,0.20657,1.24113,-1.25765,london,2024
GBPJPY,1,2024-03-15 16:00:00,2024-03-18 02:00:00,189.697,189.636,189.34172,190.40756,0.3377,-6.1,-18.75,-6.56,10,time_exit,18.36959,0.23685,2.36949,-0.51198,new_york,2024
GBPJPY,-1,2024-03-20 00:00:00,2024-03-20 03:00:00,191.891,192.27613,192.27613,191.12073,0.311,-38.5,-109.0,-109.1,3,stop_loss,48.56231,0.25676,5.15671,3.17563,,2024
GBPJPY,1,2024-03-20 05:00:00,2024-03-20 15:00:00,192.234,192.642,191.87359,192.95482,0.329,40.8,122.15,122.05,10,time_exit,51.73471,0.24027,5.78974,4.05051,,2024
GBPJPY,1,2024-03-20 22:00:00,2024-03-20 23:00:00,192.694,193.45173,192.31513,193.45173,0.3165,75.8,218.24,229.67,1,take_profit,49.98534,0.25258,3.7984,5.66222,,2024
GBPJPY,1,2024-03-21 07:00:00,2024-03-21 11:00:00,192.572,193.40043,192.15779,193.40043,0.2953,82.8,222.62,222.53,4,take_profit,37.91004,0.27614,1.77079,5.63113,london,2024
GBPJPY,1,2024-03-21 19:00:00,2024-03-22 05:00:00,192.031,191.54076,191.54076,193.01149,0.2545,-49.0,-113.54,-110.53,10,stop_loss,26.98826,0.32683,-0.91628,4.74543,new_york,2024
GBPJPY,-1,2024-03-22 13:00:00,2024-03-22 23:00:00,190.84,190.823,191.2937,189.93261,0.2722,1.7,4.21,-2.34,10,time_exit,36.25542,0.30246,-3.62875,3.37219,london,2024
GBPJPY,1,2024-03-25 07:00:00,2024-03-25 17:00:00,190.649,191.38074,190.28313,191.38074,0.3377,73.2,224.87,224.76,10,take_profit,50.34589,0.24391,-2.65269,1.70151,london,2024
GBPJPY,-1,2024-03-27 03:00:00,2024-03-27 05:00:00,191.211,191.46121,191.46121,190.71058,0.5037,-25.0,-114.69,-114.85,2,stop_loss,23.70765,0.16681,-0.62413,1.73184,,2024
GBPJPY,1,2024-03-28 03:00:00,2024-03-28 13:00:00,190.827,190.925,190.53034,191.42031,0.4205,9.8,37.5,37.37,10,time_exit,22.64552,0.19777,-1.62787,0.57347,,2024
GBPJPY,-1,2024-04-01 02:00:00,2024-04-01 12:00:00,191.096,191.046,191.38572,190.51656,0.432,5.0,19.66,19.52,10,time_exit,20.18722,0.19315,0.36586,-0.00585,,2024
GBPJPY,-1,2024-04-02 09:00:00,2024-04-02 12:00:00,190.312,190.5623,190.5623,189.81139,0.5009,-25.0,-114.09,-114.25,3,stop_loss,37.07037,0.16687,-2.3453,-1.34931,london,2024
GBPJPY,1,2024-04-03 04:00:00,2024-04-03 12:00:00,190.547,190.99154,190.32473,190.99154,0.5584,44.5,225.89,225.71,8,take_profit,14.31581,0.14818,-0.51255,-1.60182,,2024
GBPJPY,-1,2024-04-03 15:00:00,2024-04-03 17:00:00,190.896,191.12645,191.12645,190.4351,0.5494,-23.0,-115.22,-115.39,2,stop_loss,13.49713,0.15363,1.53826,-1.21854,london,2024
GBPJPY,-1,2024-04-04 23:00:00,2024-04-05 09:00:00,191.128,190.918,191.45884,190.46633,0.3788,21.0,72.39,72.27,10,time_exit,47.7938,0.22056,-1.80642,1.84223,,2024
GBPJPY,-1,2024-04-09 04:00:00,2024-04-09 12:00:00,192.225,192.45529,192.45529,191.76442,0.5477,-23.0,-114.78,-114.95,8,stop_loss,25.43195,0.15353,3.2121,2.71893,,2024
GBPJPY,1,2024-04-10 10:00:00,2024-04-10 15:00:00,192.487,192.26788,192.26788,192.92524,0.5698,-21.9,-113.62,-113.8,5,stop_loss_ambiguous,12.7803,0.14608,2.17639,4.02799,london,2024
GBPJPY,1,2024-04-12 02:00:00,2024-04-12 03:00:00,192.379,192.06329,192.06329,193.01043,0.3915,-31.6,-112.48,-112.6,1,stop_loss,16.31556,0.21048,1.26729,1.73828,,2024
GBPJPY,1,2024-04-12 09:00:00,2024-04-12 10:00:00,192.098,191.80456,191.80456,192.68488,0.417,-29.3,-111.35,-111.48,1,stop_loss,11.99831,0.19563,-0.19073,1.81696,london,2024
GBPJPY,-1,2024-04-12 15:00:00,2024-04-12 16:00:00,191.011,190.29691,191.36804,190.29691,0.3393,71.4,220.48,220.37,1,take_profit,22.24779,0.23803,-4.15935,0.99523,london,2024
GBPJPY,1,2024-04-15 18:00:00,2024-04-16 04:00:00,192.154,191.931,191.64577,193.17046,0.2431,-22.3,-49.33,-46.46,10,time_exit,26.98342,0.33882,1.33781,0.06834,new_york,2024
GBPJPY,-1,2024-04-17 07:00:00,2024-04-17 09:00:00,192.227,192.57366,192.57366,191.53368,0.3548,-34.7,-111.93,-112.04,2,stop_loss,15.62127,0.23111,0.57031,1.15285,london,2024
GBPJPY,1,2024-04-22 11:00:00,2024-04-22 13:00:00,191.282,190.8444,190.8444,192.1572,0.2783,-43.8,-110.82,-110.91,2,stop_loss,22.18321,0.29173,-1.78868,-0.39526,london,2024
GBPJPY,1,2024-04-22 15:00:00,2024-04-23 01:00:00,190.59,191.207,190.14556,191.47889,0.2713,61.7,152.33,155.54,10,time_exit,28.1271,0.2963,-3.65559,-0.70176,london,2024
GBPJPY,1,2024-04-23 20:00:00,2024-04-24 06:00:00,192.675,192.884,192.17083,193.68335,0.2424,20.9,46.1,48.97,10,time_exit,29.04931,0.33612,3.28548,-0.57374,new_york,2024
GBPJPY,1,2024-04-29 03:00:00,2024-04-29 04:00:00,197.903,199.31893,197.19503,199.31893,0.1734,141.6,223.43,223.37,1,take_profit,21.0328,0.47198,5.22753,4.38657,,2024
GBPJPY,-1,2024-04-29 08:00:00,2024-04-29 18:00:00,196.044,196.693,197.40135,193.32931,0.0922,-64.9,-54.45,-54.48,10,time_exit,29.11819,0.9049,0.05727,2.6222,london,2024
GBPJPY,1,2024-04-29 20:00:00,2024-04-30 06:00:00,195.77,196.642,194.3302,198.64959,0.0865,87.2,68.64,69.66,10,time_exit,27.99497,0.95986,-0.1692,2.17641,new_york,2024
GBPJPY,-1,2024-04-30 22:00:00,2024-05-01 08:00:00,197.181,197.028,197.79955,195.9439,0.2026,15.3,28.21,23.33,10,time_exit,12.37592,0.41237,1.68593,4.75982,,2024
GBPJPY,1,2024-05-02 09:00:00,2024-05-02 12:00:00,195.158,194.18964,194.18964,197.09472,0.1297,-96.8,-114.29,-114.33,3,stop_loss,33.74697,0.64557,-1.60445,1.76397,london,2024
GBPJPY,-1,2024-05-03 07:00:00,2024-05-03 17:00:00,192.063,191.811,192.8234,190.5422,0.1636,25.2,37.52,37.47,10,time_exit,52.31134,0.50693,-4.06254,-0.96326,london,2024
GBPJPY,-1,2024-05-03 20:00:00,2024-05-06 02:00:00,191.748,192.37118,192.37118,190.50165,0.2002,-62.3,-113.53,-127.86,6,stop_loss,44.36624,0.41545,-3.67583,-2.45988,new_york,2024
GBPJPY,1,2024-05-07 18:00:00,2024-05-07 20:00:00,193.86,193.42478,193.42478,194.73044,0.2838,-43.5,-112.4,-112.49,2,stop_loss,17.13679,0.29015,1.39601,-1.65965,new_york,2024
GBPJPY,1,2024-05-08 17:00:00,2024-05-09 03:00:00,194.195,193.86201,193.86201,194.86097,0.3673,-33.3,-111.3,-98.04,10,stop_loss,16.87944,0.22199,2.36557,-1.04269,new_york,2024
GBPJPY,1,2024-05-09 10:00:00,2024-05-09 14:00:00,194.379,194.07758,194.07758,194.98184,0.4017,-30.1,-110.18,-110.31,4,stop_loss,22.31713,0.20095,1.81919,0.1992,london,2024
GBPJPY,1,2024-05-10 11:00:00,2024-05-10 21:00:00,195.081,195.24,194.76596,195.71107,0.3805,15.9,55.05,54.93,10,time_exit,16.97581,0.21002,2.8407,1.64529,london,2024
GBPJPY,1,2024-05-13 14:00:00,2024-05-13 18:00:00,195.369,195.97193,195.06753,195.97193,0.3996,60.3,219.25,219.12,4,take_profit,12.57217,0.20098,2.10902,2.79357,london,2024
GBPJPY,1,2024-05-15 11:00:00,2024-05-15 12:00:00,196.598,196.29879,196.29879,197.19642,0.4106,-29.9,-111.8,-111.93,1,stop_loss,25.08655,0.19947,1.09148,6.0832,london,2024
GBPJPY,1,2024-05-16 23:00:00,2024-05-17 09:00:00,196.895,197.1,196.44909,197.78682,0.2728,20.5,50.89,50.8,10,time_exit,29.47074,0.29727,2.06227,2.69892,,2024
GBPJPY,1,2024-05-17 11:00:00,2024-05-17 21:00:00,197.222,197.841,196.86257,197.94086,0.3399,61.9,191.46,191.35,10,time_exit,28.40671,0.23962,2.61539,3.87533,london,2024
GBPJPY,1,2024-05-20 20:00:00,2024-05-21 06:00:00,198.534,198.824,198.19125,199.21949,0.3626,29.0,95.69,99.98,10,time_exit,26.86429,0.2285,4.37828,5.56123,new_york,2024
GBPJPY,-1,2024-05-24 02:00:00,2024-05-24 12:00:00,199.308,199.533,199.67773,198.56855,0.339,-22.5,-69.41,-69.52,10,time_exit,15.30538,0.24648,0.53765,5.64025,,2024
GBPJPY,1,2024-05-24 13:00:00,2024-05-24 23:00:00,199.534,199.886,199.22312,200.15575,0.4007,35.2,128.35,133.09,10,time_exit,10.82286,0.20725,1.40753,6.23343,london,2024
GBPJPY,1,2024-05-28 17:00:00,2024-05-29 03:00:00,200.456,200.716,200.21906,200.92988,0.5317,26.0,125.8,132.09,10,time_exit,22.82531,0.15796,2.25689,8.0437,new_york,2024
GBPJPY,-1,2024-05-29 05:00:00,2024-05-29 15:00:00,200.585,200.342,200.82405,200.1069,0.5328,24.3,117.82,117.65,10,time_exit,17.23322,0.15937,1.88824,7.8759,,2024
GBPJPY,1,2024-05-30 21:00:00,2024-05-31 05:00:00,199.701,199.27842,199.27842,200.54616,0.3044,-42.3,-117.06,-113.46,8,stop_loss,42.51043,0.28172,-0.7151,2.0291,new_york,2024
GBPJPY,-1,2024-05-31 23:00:00,2024-06-03 09:00:00,200.425,200.249,200.82008,199.63484,0.3224,17.6,51.64,36.22,10,time_exit,19.85627,0.26339,2.06113,1.66662,,2024
GBPJPY,1,2024-06-03 12:00:00,2024-06-03 22:00:00,199.533,199.988,199.12306,200.35289,0.312,45.5,129.18,129.08,10,time_exit,18.59241,0.2733,-1.82958,1.79131,london,2024
GBPJPY,-1,2024-06-04 03:00:00,2024-06-04 04:00:00,199.951,200.35642,200.35642,199.14016,0.319,-40.5,-117.69,-117.79,1,stop_loss,15.47169,0.27028,0.19276,1.23076,,2024
GBPJPY,-1,2024-06-04 13:00:00,2024-06-04 23:00:00,198.03,197.787,198.57797,196.93406,0.2337,24.3,51.68,46.05,10,time_exit,24.81912,0.36531,-4.80059,0.57592,london,2024
GBPJPY,-1,2024-06-06 14:00:00,2024-06-07 00:00:00,199.425,199.019,199.90141,198.47218,0.2699,40.6,99.72,93.22,10,time_exit,18.70072,0.31761,0.45145,-0.18308,london,2024
GBPJPY,-1,2024-06-07 23:00:00,2024-06-10 06:00:00,199.399,199.8957,199.8957,198.4056,0.2611,-49.7,-118.02,-130.51,7,stop_loss,15.94869,0.33113,0.46993,-0.1923,,2024
GBPJPY,-1,2024-06-10 20:00:00,2024-06-11 05:00:00,199.831,200.25329,200.25329,198.98642,0.304,-42.2,-116.82,-124.14,9,stop_loss,11.60545,0.28153,1.41301,0.26638,new_york,2024
GBPJPY,-1,2024-06-11 21:00:00,2024-06-12 07:00:00,200.045,200.314,200.43362,199.26776,0.3271,-26.9,-80.07,-87.95,10,time_exit,14.26756,0.25908,0.77861,1.26223,new_york,2024
GBPJPY,-1,2024-06-12 18:00:00,2024-06-12 21:00:00,200.062,200.47241,200.47241,199.24117,0.3076,-41.0,-114.88,-114.98,3,stop_loss,17.49301,0.27361,-0.28689,1.70935,new_york,2024
GBPJPY,-1,2024-06-14 22:00:00,2024-06-17 08:00:00,199.442,199.603,200.0825,198.161,0.1951,-16.1,-28.58,-42.55,10,time_exit,22.50962,0.427,-1.79067,0.59835,,2024
GBPJPY,1,2024-06-17 17:00:00,2024-06-18 03:00:00,200.119,200.413,199.64696,201.06308,0.2641,29.4,70.66,73.78,10,time_exit,16.46908,0.31469,0.5223,0.13454,new_york,2024
GBPJPY,-1,2024-06-18 05:00:00,2024-06-18 09:00:00,200.12,200.47003,200.47003,199.41995,0.3583,-35.0,-114.13,-114.24,4,stop_loss,12.52665,0.23335,0.09569,0.60239,,2024
GBPJPY,1,2024-06-18 15:00:00,2024-06-19 01:00:00,200.359,200.639,200.00509,201.06682,0.3508,28.0,89.38,93.53,10,time_exit,14.87791,0.23594,0.64936,0.86304,london,2024
GBPJPY,1,2024-06-19 03:00:00,2024-06-19 13:00:00,200.604,201.003,200.28775,201.2365,0.3957,39.9,143.67,143.54,10,time_exit,13.39973,0.21083,1.27743,1.26738,,2024
GBPJPY,-1,2024-06-19 23:00:00,2024-06-20 09:00:00,200.956,200.927,201.20808,200.45185,0.5027,2.9,13.27,13.11,10,time_exit,17.24965,0.16805,2.09141,2.43653,,2024
GBPJPY,1,2024-06-20 10:00:00,2024-06-20 20:00:00,200.926,201.232,200.67978,201.41843,0.5152,30.6,143.46,143.3,10,time_exit,10.4205,0.16414,1.16063,2.79859,london,2024
GBPJPY,1,2024-06-24 08:00:00,2024-06-24 13:00:00,202.011,201.67726,201.67726,202.67849,0.3848,-33.4,-116.87,-116.99,5,stop_loss,18.47229,0.2225,2.83706,3.11579,london,2024
GBPJPY,1,2024-06-25 07:00:00,2024-06-25 17:00:00,202.485,202.355,202.11521,203.22457,0.3438,-13.0,-40.67,-40.78,10,time_exit,13.86495,0.24652,2.14862,3.78016,london,2024
GBPJPY,-1,2024-06-26 08:00:00,2024-06-26 13:00:00,202.654,202.93519,202.93519,202.09163,0.4506,-28.1,-115.3,-115.44,5,stop_loss,10.18794,0.18746,1.74625,5.19667,london,2024
GBPJPY,1,2024-06-28 15:00:00,2024-06-28 16:00:00,203.087,202.77613,202.77613,203.70873,0.4034,-31.1,-114.12,-114.25,1,stop_loss,23.88399,0.20724,0.23364,4.69992,london,2024
GBPJPY,1,2024-06-28 23:00:00,2024-07-01 09:00:00,203.346,204.10304,202.96748,204.10304,0.328,75.7,225.96,233.82,10,take_profit,17.03319,0.25235,1.02201,3.70684,,2024
GBPJPY,1,2024-07-02 21:00:00,2024-07-03 07:00:00,204.766,205.167,204.45626,205.38549,0.4089,40.1,149.21,154.05,10,time_exit,31.59001,0.2065,3.19616,5.80587,new_york,2024
GBPJPY,1,2024-07-04 01:00:00,2024-07-04 11:00:00,205.818,205.677,205.46615,206.5217,0.3646,-14.1,-46.78,-46.9,10,time_exit,35.98701,0.23457,3.12419,6.63161,,2024
GBPJPY,1,2024-07-04 17:00:00,2024-07-05 03:00:00,205.576,205.601,205.27947,206.16905,0.4309,2.5,9.8,14.9,10,time_exit,29.84141,0.19768,1.07635,7.6588,new_york,2024
GBPJPY,1,2024-07-05 18:00:00,2024-07-08 00:00:00,206.001,205.54491,205.54491,206.91318,0.2803,-45.6,-116.34,-106.22,6,stop_loss,25.01553,0.30406,1.54108,4.25025,new_york,2024
GBPJPY,1,2024-07-08 20:00:00,2024-07-09 06:00:00,206.077,206.223,205.67067,206.88967,0.3115,14.6,41.39,45.07,10,time_exit,20.25903,0.27089,0.7884,4.49958,new_york,2024
GBPJPY,-1,2024-07-09 14:00:00,2024-07-10 00:00:00,206.341,206.219,206.64988,205.72324,0.4113,12.2,45.66,35.76,10,time_exit,14.10965,0.20592,1.72093,5.35756,london,2024
GBPJPY,1,2024-07-10 00:00:00,2024-07-10 10:00:00,206.217,206.595,205.94184,206.76731,0.4635,37.8,159.43,159.28,10,time_exit,18.84915,0.18344,0.74089,5.82993,,2024
GBPJPY,-1,2024-07-12 08:00:00,2024-07-12 13:00:00,205.432,206.19793,206.19793,203.90014,0.1688,-76.6,-117.65,-117.7,5,stop_loss,58.50609,0.51062,-1.56437,1.0811,london,2024
GBPJPY,1,2024-07-12 13:00:00,2024-07-12 15:00:00,206.129,205.44422,205.44422,207.49856,0.1869,-68.5,-116.47,-116.53,2,stop_loss,52.64835,0.45652,-0.03496,1.01416,london,2024
GBPJPY,1,2024-07-15 21:00:00,2024-07-16 07:00:00,204.752,205.649,204.23049,205.79503,0.2429,89.7,198.27,201.14,10,time_exit,36.52514,0.34768,-1.76224,-0.46118,new_york,2024
GBPJPY,1,2024-07-16 15:00:00,2024-07-17 01:00:00,205.356,205.462,204.95767,206.15265,0.3235,10.6,31.2,35.03,10,time_exit,19.33606,0.26555,-0.02952,-0.49332,london,2024
GBPJPY,1,2024-07-17 06:00:00,2024-07-17 07:00:00,205.532,205.21736,205.21736,206.16127,0.4107,-31.5,-117.59,-117.72,1,stop_loss,15.56024,0.20976,0.57689,-0.37881,,2024
GBPJPY,-1,2024-07-18 03:00:00,2024-07-18 04:00:00,202.502,203.12016,203.12016,201.26568,0.2069,-61.8,-116.39,-116.46,1,stop_loss,50.26439,0.41211,-4.654,-1.81667,,2024
GBPJPY,1,2024-07-19 05:00:00,2024-07-19 10:00:00,203.673,203.22247,203.22247,204.57407,0.2811,-45.1,-115.25,-115.34,5,stop_loss,21.51111,0.30036,-0.34167,-3.27133,,2024
GBPJPY,1,2024-07-19 18:00:00,2024-07-22 04:00:00,203.236,203.476,202.7154,204.2772,0.2408,24.0,52.59,61.29,10,time_exit,13.00508,0.34707,-1.24868,-2.70472,new_york,2024
GBPJPY,-1,2024-07-22 07:00:00,2024-07-22 09:00:00,203.509,202.76302,203.88199,202.76302,0.3377,74.6,229.24,229.13,2,take_profit,9.01648,0.24866,-0.24603,-3.58927,london,2024
GBPJPY,1,2024-07-24 02:00:00,2024-07-24 04:00:00,200.833,200.39457,200.39457,201.70986,0.293,-43.8,-116.9,-116.99,2,stop_loss,37.28245,0.29229,-4.36649,-5.16949,,2024
GBPJPY,1,2024-07-25 08:00:00,2024-07-25 10:00:00,196.711,195.95268,195.95268,198.22763,0.1677,-75.8,-115.72,-115.77,2,stop_loss,58.00534,0.50554,-5.59092,-5.54917,london,2024
GBPJPY,-1,2024-07-25 13:00:00,2024-07-25 15:00:00,196.253,197.11152,197.11152,194.53595,0.1466,-85.9,-114.53,-114.58,2,stop_loss,58.44351,0.57235,-4.81613,-5.33878,london,2024
GBPJPY,-1,2024-07-26 18:00:00,2024-07-29 02:00:00,197.301,198.21933,198.21933,195.46433,0.1357,-91.8,-113.4,-123.12,8,stop_loss,18.56328,0.61222,-1.60478,-4.46273,new_york,2024
GBPJPY,-1,2024-07-30 07:00:00,2024-07-30 08:00:00,198.066,198.59846,198.59846,197.00108,0.2317,-53.2,-112.27,-112.34,1,stop_loss,13.12276,0.35497,0.38768,-5.89058,london,2024
GBPJPY,1,2024-07-30 21:00:00,2024-07-31 00:00:00,196.602,195.8738,195.8738,198.05841,0.1677,-72.8,-111.13,-109.15,3,stop_loss,24.40093,0.48547,-3.02535,-3.56412,new_york,2024
GBPJPY,1,2024-08-01 03:00:00,2024-08-01 04:00:00,192.516,191.36805,191.36805,194.81189,0.1053,-114.8,-110.0,-110.03,1,stop_loss,43.55026,0.7653,-3.49632,-4.16115,,2024
GBPJPY,1,2024-08-01 07:00:00,2024-08-01 11:00:00,192.227,191.06142,191.06142,194.55817,0.1027,-116.6,-108.93,-108.96,4,stop_loss,44.30665,0.77706,-3.2292,-4.36514,london,2024
GBPJPY,-1,2024-08-02 20:00:00,2024-08-05 04:00:00,187.801,185.34742,189.02779,185.34742,0.0966,245.4,215.68,208.76,8,take_profit,47.70707,0.81786,-3.98472,-5.70695,new_york,2024
GBPJPY,-1,2024-08-05 07:00:00,2024-08-05 08:00:00,184.787,182.39721,185.98189,182.39721,0.1012,239.0,220.08,220.05,1,take_profit,61.02935,0.7966,-5.8775,-6.6731,london,2024
GBPJPY,1,2024-08-05 12:00:00,2024-08-05 22:00:00,181.742,183.615,179.81205,185.6019,0.0639,187.3,108.91,108.89,10,time_exit,64.6689,1.28663,-5.02623,-4.65361,london,2024
GBPJPY,1,2024-08-06 06:00:00,2024-08-06 12:00:00,185.75,183.83412,183.83412,189.58177,0.065,-191.6,-113.32,-113.34,6,stop_loss,31.7429,1.27726,-0.18723,-5.05982,,2024
GBPJPY,-1,2024-08-06 16:00:00,2024-08-07 02:00:00,183.343,183.583,185.08249,179.86401,0.0708,-24.0,-15.46,-17.16,10,time_exit,20.91033,1.15966,-1.93441,-5.29602,new_york,2024
GBPJPY,1,2024-08-07 06:00:00,2024-08-07 16:00:00,186.593,187.214,185.00851,189.76198,0.0777,62.1,43.91,43.89,10,time_exit,16.54435,1.05633,1.50216,-5.41933,,2024
GBPJPY,1,2024-08-07 21:00:00,2024-08-08 02:00:00,186.668,185.32675,185.32675,189.35051,0.0921,-134.1,-112.41,-109.08,5,stop_loss,22.14716,0.89417,0.81423,-4.79803,new_york,2024
GBPJPY,-1,2024-08-08 22:00:00,2024-08-09 08:00:00,187.696,187.501,188.75935,185.5693,0.115,19.5,20.41,17.64,10,time_exit,21.49609,0.7089,2.14554,-4.45944,,2024
GBPJPY,-1,2024-08-09 19:00:00,2024-08-12 05:00:00,186.992,187.52,187.83803,185.29995,0.1448,-52.8,-69.57,-79.94,10,time_exit,19.53299,0.56402,0.08241,-3.65119,new_york,2024
GBPJPY,-1,2024-08-12 10:00:00,2024-08-12 15:00:00,187.946,188.4947,188.4947,186.84859,0.2219,-54.9,-110.8,-110.87,5,stop_loss,14.8358,0.3658,2.08296,-4.3818,london,2024
GBPJPY,-1,2024-08-13 15:00:00,2024-08-14 01:00:00,188.486,188.896,189.09331,187.27138,0.1985,-41.0,-74.06,-78.84,10,time_exit,24.90557,0.40487,1.04487,-1.54395,london,2024
GBPJPY,-1,2024-08-14 14:00:00,2024-08-14 15:00:00,188.627,189.29599,189.29599,187.28903,0.1789,-66.9,-108.91,-108.97,1,stop_loss,19.24288,0.44599,0.20679,-0.4096,london,2024
GBPJPY,1,2024-08-14 16:00:00,2024-08-14 18:00:00,189.145,188.43429,188.43429,190.56643,0.1668,-71.1,-107.88,-107.93,2,stop_loss,18.70406,0.47381,1.22976,-0.32833,new_york,2024
GBPJPY,1,2024-08-15 06:00:00,2024-08-15 15:00:00,189.191,190.27944,188.64678,190.27944,0.2156,108.8,213.55,213.48,9,take_profit,11.45131,0.36281,1.31064,-0.07973,,2024
GBPJPY,-1,2024-08-15 16:00:00,2024-08-15 17:00:00,190.933,191.56681,191.56681,189.66538,0.1888,-63.4,-108.89,-108.95,1,stop_loss,17.05402,0.42254,4.70031,0.33478,new_york,2024
GBPJPY,-1,2024-08-16 01:00:00,2024-08-16 11:00:00,191.902,191.622,192.4391,190.8278,0.2206,28.0,56.21,56.14,10,time_exit,41.5548,0.35807,5.96883,1.99556,,2024
GBPJPY,1,2024-08-16 16:00:00,2024-08-19 02:00:00,190.476,191.558,189.90311,191.62178,0.2079,108.2,204.7,212.21,10,time_exit,34.00169,0.38193,-0.29336,3.08725,new_york,2024
GBPJPY,-1,2024-08-19 21:00:00,2024-08-20 07:00:00,190.353,190.711,191.06454,188.92993,0.1705,-35.8,-55.55,-59.66,10,time_exit,27.36691,0.47436,0.1545,1.3916,new_york,2024
GBPJPY,-1,2024-08-20 15:00:00,2024-08-21 01:00:00,190.393,189.01272,191.08314,189.01272,0.1749,138.0,219.68,215.47,10,take_profit,13.6704,0.46009,-0.06905,1.41093,london,2024
GBPJPY,-1,2024-08-21 02:00:00,2024-08-21 03:00:00,189.127,189.67814,189.67814,188.02472,0.2234,-55.1,-112.04,-112.11,1,stop_loss,26.02374,0.36743,-2.67648,0.96762,,2024
GBPJPY,-1,2024-08-21 23:00:00,2024-08-22 04:00:00,189.818,190.49072,190.49072,188.47256,0.1812,-67.3,-110.93,-110.99,5,stop_loss,20.94899,0.44848,-0.455,0.52043,,2024
GBPJPY,-1,2024-08-22 05:00:00,2024-08-22 13:00:00,190.527,191.18712,191.18712,189.20676,0.1828,-66.0,-109.81,-109.87,8,stop_loss,21.01763,0.44008,1.10092,0.52923,,2024
GBPJPY,-1,2024-08-22 22:00:00,2024-08-23 08:00:00,191.401,190.966,192.11002,189.98295,0.1685,43.5,66.7,62.64,10,time_exit,29.04262,0.47268,1.85723,1.1361,,2024
GBPJPY,1,2024-08-23 13:00:00,2024-08-23 18:00:00,191.822,191.19448,191.19448,193.07704,0.1915,-62.8,-109.35,-109.41,5,stop_loss,19.10145,0.41835,2.35393,1.62106,london,2024
GBPJPY,1,2024-08-27 15:00:00,2024-08-28 01:00:00,191.081,190.55105,190.55105,192.14091,0.2245,-53.0,-108.27,-105.62,10,stop_loss,21.22538,0.3533,0.85494,1.18001,london,2024
GBPJPY,1,2024-08-29 15:00:00,2024-08-30 01:00:00,190.642,190.782,190.08709,191.75182,0.2123,14.0,27.05,29.56,10,time_exit,19.83723,0.36994,-0.59021,0.7966,london,2024
GBPJPY,-1,2024-08-30 14:00:00,2024-08-30 19:00:00,191.381,191.81885,191.81885,190.50531,0.2697,-43.8,-107.46,-107.55,5,stop_loss,18.27713,0.2919,1.58387,0.93577,london,2024
GBPJPY,-1,2024-09-04 10:00:00,2024-09-04 11:00:00,189.917,190.5656,190.5656,188.6198,0.1802,-64.9,-106.36,-106.42,1,stop_loss,40.57574,0.4324,-3.26793,0.34683,london,2024
GBPJPY,-1,2024-09-04 18:00:00,2024-09-05 02:00:00,189.675,188.2867,190.36915,188.2867,0.1667,138.8,210.6,198.67,8,take_profit,40.18523,0.46277,-2.89339,-0.19072,new_york,2024
GBPJPY,-1,2024-09-05 14:00:00,2024-09-05 17:00:00,188.935,189.57856,189.57856,187.64789,0.1834,-64.4,-107.41,-107.47,3,stop_loss,44.72605,0.42904,-2.14463,-1.99155,london,2024
GBPJPY,-1,2024-09-06 10:00:00,2024-09-06 14:00:00,187.793,188.39466,188.39466,186.58969,0.1942,-60.2,-106.33,-106.39,4,stop_loss,29.10625,0.4011,-3.51606,-2.85166,london,2024
GBPJPY,1,2024-09-10 08:00:00,2024-09-10 17:00:00,187.106,186.56839,186.56839,188.18121,0.2152,-53.8,-105.28,-105.35,9,stop_loss,17.90327,0.3584,-1.36276,-4.60709,london,2024
GBPJPY,-1,2024-09-12 01:00:00,2024-09-12 03:00:00,185.559,186.28578,186.28578,184.10544,0.1576,-72.7,-104.23,-104.28,2,stop_loss,35.79707,0.48452,-0.96279,-4.30359,,2024
GBPJPY,-1,2024-09-12 09:00:00,2024-09-12 19:00:00,186.462,186.587,187.11835,185.14931,0.1727,-12.5,-19.64,-19.7,10,time_exit,23.33021,0.43756,0.981,-4.38991,london,2024
GBPJPY,1,2024-09-13 18:00:00,2024-09-16 04:00:00,185.002,184.675,184.30064,186.40473,0.1613,-32.7,-48.0,-42.18,10,time_exit,22.25892,0.46758,-1.28544,-3.60022,new_york,2024
GBPJPY,-1,2024-09-17 01:00:00,2024-09-17 02:00:00,185.795,186.31007,186.31007,184.76487,0.2187,-51.5,-102.51,-102.58,1,stop_loss,23.7415,0.34338,1.52075,-4.11468,,2024
GBPJPY,-1,2024-09-23 15:00:00,2024-09-23 16:00:00,191.189,191.89586,191.89586,189.77529,0.1577,-70.7,-101.44,-101.49,1,stop_loss,26.87866,0.47124,1.22921,4.53098,london,2024
GBPJPY,1,2024-09-24 03:00:00,2024-09-24 09:00:00,191.733,192.9819,191.10855,192.9819,0.1768,124.9,200.93,200.87,6,take_profit,16.35181,0.4163,1.7778,5.20361,,2024
GBPJPY,-1,2024-09-24 21:00:00,2024-09-25 07:00:00,192.205,192.214,192.90443,190.80614,0.161,-0.9,-1.32,-5.2,10,time_exit,18.43888,0.46629,1.04745,4.94046,new_york,2024
GBPJPY,1,2024-09-25 17:00:00,2024-09-26 03:00:00,192.991,192.584,192.45169,194.06963,0.2087,-40.7,-77.3,-69.76,10,time_exit,14.91183,0.35954,2.32634,6.08692,new_york,2024
GBPJPY,1,2024-09-26 13:00:00,2024-09-26 15:00:00,193.281,192.73103,192.73103,194.38095,0.2031,-55.0,-101.65,-101.71,2,stop_loss,17.59063,0.36665,1.78716,5.77789,london,2024
GBPJPY,1,2024-09-30 04:00:00,2024-09-30 08:00:00,190.954,190.06798,190.06798,192.72603,0.1248,-88.6,-100.62,-100.66,4,stop_loss,29.45585,0.59068,-2.05277,1.7149,,2024
GBPJPY,1,2024-10-01 11:00:00,2024-10-01 12:00:00,192.303,191.57491,191.57491,193.75919,0.1504,-72.8,-99.65,-99.7,1,stop_loss,25.63301,0.4854,0.56801,1.46714,london,2024
GBPJPY,1,2024-10-01 22:00:00,2024-10-02 08:00:00,190.853,190.735,189.93614,192.68671,0.1182,-11.8,-12.69,-11.29,10,time_exit,28.55953,0.61124,-1.38265,0.66147,,2024
GBPJPY,1,2024-10-07 04:00:00,2024-10-07 10:00:00,194.77,194.13358,194.13358,196.04285,0.1701,-63.6,-98.51,-98.56,6,stop_loss,37.8694,0.42428,2.72904,3.02042,,2024
GBPJPY,-1,2024-10-07 20:00:00,2024-10-08 06:00:00,193.731,193.661,194.34459,192.50383,0.1746,7.0,11.12,6.92,10,time_exit,25.8574,0.40906,-0.32393,3.08014,new_york,2024
GBPJPY,1,2024-10-09 22:00:00,2024-10-10 08:00:00,195.143,195.114,194.68987,196.04925,0.2367,-2.9,-6.25,2.3,10,time_exit,18.23936,0.30208,2.82155,3.53283,,2024
GBPJPY,1,2024-10-10 16:00:00,2024-10-10 17:00:00,194.326,193.83036,193.83036,195.31728,0.2163,-49.6,-97.56,-97.63,1,stop_loss,13.60606,0.33043,-0.86196,3.34462,new_york,2024
GBPJPY,-1,2024-10-10 17:00:00,2024-10-11 03:00:00,193.993,193.952,194.53649,192.90602,0.1953,4.1,7.29,2.59,10,time_exit,15.59083,0.36233,-1.63562,2.97,new_york,2024
GBPJPY,1,2024-10-11 10:00:00,2024-10-11 16:00:00,194.059,194.95535,193.61083,194.95535,0.237,89.6,193.32,193.24,6,take_profit,28.05753,0.29878,-0.92995,2.47157,london,2024
GBPJPY,1,2024-10-14 11:00:00,2024-10-14 21:00:00,195.092,195.634,194.74126,195.79348,0.3088,54.2,152.31,152.21,10,time_exit,17.67017,0.23383,1.82386,3.39363,london,2024
GBPJPY,-1,2024-10-15 11:00:00,2024-10-15 14:00:00,195.1,195.48731,195.48731,194.32537,0.284,-38.7,-100.1,-100.19,3,stop_loss,22.11435,0.25821,-0.04087,3.53493,london,2024
GBPJPY,1,2024-10-16 18:00:00,2024-10-17 04:00:00,194.659,194.11927,194.11927,195.73845,0.2017,-54.0,-99.07,-91.79,10,stop_loss,37.69064,0.35982,-0.60406,1.40379,new_york,2024
GBPJPY,-1,2024-10-17 15:00:00,2024-10-17 17:00:00,194.62,195.01748,195.01748,193.82503,0.2712,-39.7,-98.1,-98.19,2,stop_loss,30.13263,0.26499,0.10926,0.82639,london,2024
GBPJPY,-1,2024-10-18 10:00:00,2024-10-18 18:00:00,195.853,194.99056,196.28422,194.99056,0.2475,86.2,194.24,194.16,8,take_profit,20.61736,0.28748,3.04992,1.546,london,2024
GBPJPY,1,2024-10-22 00:00:00,2024-10-22 10:00:00,195.672,196.41412,195.30094,196.41412,0.2933,74.2,198.07,197.98,10,take_profit,17.55876,0.24737,2.55245,1.86131,,2024
GBPJPY,1,2024-10-22 10:00:00,2024-10-22 12:00:00,196.191,195.78631,195.78631,197.00038,0.2743,-40.5,-101.02,-101.11,2,stop_loss,19.62094,0.26979,2.80593,2.11627,london,2024
GBPJPY,1,2024-10-23 12:00:00,2024-10-23 20:00:00,197.899,197.39274,197.39274,198.91152,0.2171,-50.6,-100.02,-100.09,8,stop_loss,28.86383,0.33751,5.0297,2.87403,london,2024
GBPJPY,1,2024-10-25 03:00:00,2024-10-25 08:00:00,196.897,196.40239,196.40239,197.88621,0.22,-49.5,-99.02,-99.09,5,stop_loss,15.79236,0.32974,-0.11823,3.19075,,2024
GBPJPY,1,2024-10-28 01:00:00,2024-10-28 04:00:00,198.152,199.31554,197.57023,199.31554,0.1851,116.4,195.99,195.93,3,take_profit,17.87718,0.38785,2.53058,2.55629,,2024
GBPJPY,1,2024-10-28 23:00:00,2024-10-29 07:00:00,198.792,198.24853,198.24853,199.87894,0.2021,-54.3,-99.95,-100.01,8,stop_loss,24.98682,0.36231,2.06857,3.84372,,2024
GBPJPY,1,2024-10-29 15:00:00,2024-10-29 17:00:00,199.565,199.07856,199.07856,200.53788,0.2236,-48.6,-98.98,-99.05,2,stop_loss,21.7686,0.32429,3.68628,4.3649,london,2024
GBPJPY,-1,2024-10-29 18:00:00,2024-10-30 04:00:00,199.356,199.347,199.85914,198.34971,0.214,0.9,1.75,-3.4,10,time_exit,22.57072,0.33543,2.57501,4.35872,new_york,2024
GBPJPY,1,2024-10-30 05:00:00,2024-10-30 11:00:00,199.347,198.9361,198.9361,200.1688,0.2621,-41.1,-98.0,-98.08,6,stop_loss,14.66134,0.27393,1.84088,5.6943,,2024
GBPJPY,1,2024-10-30 19:00:00,2024-10-31 00:00:00,199.282,198.67748,198.67748,200.49103,0.1763,-60.5,-96.98,-90.61,5,stop_loss,18.23991,0.40301,0.89678,3.49784,new_york,2024
GBPJPY,-1,2024-10-31 00:00:00,2024-10-31 09:00:00,198.834,197.75421,199.3739,197.75421,0.1955,108.0,192.1,192.04,9,take_profit,13.40256,0.35993,-0.1906,3.71513,,2024
GBPJPY,1,2024-11-04 03:00:00,2024-11-04 13:00:00,197.116,196.51716,196.51716,198.31369,0.1797,-59.9,-97.93,-97.99,10,stop_loss,18.48301,0.39923,-0.8354,-0.00931,,2024
GBPJPY,1,2024-11-05 22:00:00,2024-11-06 02:00:00,197.204,198.13856,196.73672,198.13856,0.228,93.5,193.9,196.6,4,take_profit,11.70729,0.31152,-0.59014,-0.03676,,2024
GBPJPY,1,2024-11-06 18:00:00,2024-11-07 04:00:00,198.955,199.398,198.26448,200.33603,0.1574,44.3,63.45,69.13,10,time_exit,28.54752,0.46034,2.28561,0.7483,new_york,2024
GBPJPY,1,2024-11-07 06:00:00,2024-11-07 11:00:00,199.419,198.83864,198.83864,200.57972,0.1885,-58.0,-99.55,-99.61,5,stop_loss,30.07297,0.38691,2.65055,1.67608,,2024
GBPJPY,1,2024-11-11 04:00:00,2024-11-11 14:00:00,197.934,198.103,197.40063,199.00073,0.203,16.9,31.22,31.16,10,time_exit,26.53364,0.35558,0.06087,0.13953,,2024
GBPJPY,-1,2024-11-11 17:00:00,2024-11-12 03:00:00,197.958,198.015,198.4488,196.97639,0.2213,-5.7,-11.48,-16.81,10,time_exit,16.78597,0.3272,-0.11881,0.31001,new_york,2024
GBPJPY,1,2024-11-12 15:00:00,2024-11-12 17:00:00,197.543,197.0809,197.0809,198.46719,0.2348,-46.2,-98.74,-98.81,2,stop_loss,22.57642,0.30806,-0.67208,-0.29116,london,2024
GBPJPY,1,2024-11-12 21:00:00,2024-11-13 07:00:00,197.188,197.413,196.71643,198.13114,0.2278,22.5,46.64,49.33,10,time_exit,23.83245,0.31438,-1.4696,-0.49967,new_york,2024
GBPJPY,-1,2024-11-13 12:00:00,2024-11-13 16:00:00,197.515,196.70564,197.91968,196.70564,0.2667,80.9,196.43,196.35,4,take_profit,15.83821,0.26979,0.05435,-0.87452,london,2024
GBPJPY,1,2024-11-15 14:00:00,2024-11-15 15:00:00,197.319,196.72305,196.72305,198.51091,0.1847,-59.6,-100.17,-100.23,1,stop_loss,23.70087,0.3973,-0.88205,-0.11458,london,2024
GBPJPY,1,2024-11-19 14:00:00,2024-11-19 15:00:00,194.682,193.88222,193.88222,196.28155,0.1362,-80.0,-99.13,-99.17,1,stop_loss,22.12613,0.53318,-2.02585,-2.05228,london,2024
GBPJPY,1,2024-11-20 05:00:00,2024-11-20 15:00:00,196.513,197.372,195.84399,197.85102,0.1612,85.9,126.01,125.96,10,time_exit,15.18724,0.44601,1.59463,-2.02686,,2024
GBPJPY,-1,2024-11-21 03:00:00,2024-11-21 11:00:00,196.242,195.10702,196.80949,195.10702,0.1925,113.5,198.82,198.76,8,take_profit,15.96036,0.37833,-0.33202,-0.94897,,2024
GBPJPY,-1,2024-11-21 20:00:00,2024-11-22 06:00:00,194.599,194.345,195.28566,193.22567,0.1623,25.4,37.51,33.6,10,time_exit,33.80065,0.45778,-2.73863,-1.4611,new_york,2024
GBPJPY,-1,2024-11-22 14:00:00,2024-11-22 16:00:00,193.09,193.7965,193.7965,191.677,0.1583,-70.6,-101.77,-101.82,2,stop_loss,44.54131,0.471,-4.01417,-2.46154,london,2024
GBPJPY,-1,2024-11-26 07:00:00,2024-11-26 11:00:00,193.103,193.68271,193.68271,191.94358,0.191,-58.0,-100.76,-100.82,4,stop_loss,26.66407,0.38647,-2.12364,-3.65786,london,2024
GBPJPY,-1,2024-11-26 21:00:00,2024-11-27 07:00:00,192.282,191.586,192.86698,191.11204,0.1874,69.6,118.69,114.18,10,time_exit,27.6698,0.38999,-3.22616,-3.88919,new_york,2024
GBPJPY,-1,2024-11-28 15:00:00,2024-11-29 01:00:00,192.231,191.942,192.71915,191.2547,0.2272,28.9,59.75,54.28,10,time_exit,17.7683,0.32543,0.34714,-5.49432,london,2024
GBPJPY,-1,2024-11-29 10:00:00,2024-11-29 20:00:00,190.839,190.456,191.39247,189.73205,0.2016,38.3,70.26,70.2,10,time_exit,33.65554,0.36898,-2.53544,-4.69112,london,2024
GBPJPY,-1,2024-12-02 18:00:00,2024-12-03 04:00:00,189.253,189.465,189.9343,187.8904,0.1649,-21.2,-31.81,-35.78,10,time_exit,25.7544,0.4542,-3.61508,-3.98298,new_york,2024
GBPJPY,1,2024-12-10 04:00:00,2024-12-10 14:00:00,192.886,193.607,192.41162,193.83476,0.2361,72.1,154.91,154.83,10,time_exit,32.91163,0.31625,2.82514,1.05285,,2024
GBPJPY,1,2024-12-12 01:00:00,2024-12-12 11:00:00,194.315,194.608,193.80852,195.32797,0.2244,29.3,59.83,59.76,10,time_exit,23.0316,0.33766,1.90917,3.58288,,2024
GBPJPY,1,2024-12-12 20:00:00,2024-12-13 06:00:00,193.425,193.696,192.80701,194.66098,0.185,27.1,45.62,47.81,10,time_exit,25.9302,0.41199,-1.0658,2.74487,new_york,2024
GBPJPY,-1,2024-12-17 20:00:00,2024-12-18 02:00:00,194.958,195.46457,195.46457,193.94487,0.2267,-50.7,-104.5,-109.96,6,stop_loss,20.82827,0.33771,0.09148,3.5903,new_york,2024
GBPJPY,-1,2024-12-18 04:00:00,2024-12-18 14:00:00,195.221,195.468,195.66925,194.3245,0.2536,-24.7,-57.0,-57.08,10,time_exit,15.89678,0.29883,0.82433,3.86696,,2024
GBPJPY,-1,2024-12-18 16:00:00,2024-12-18 22:00:00,195.252,194.30641,195.7248,194.30641,0.2391,94.6,205.74,205.66,6,take_profit,17.17897,0.3152,0.71626,3.36186,new_york,2024
GBPJPY,-1,2024-12-20 00:00:00,2024-12-20 10:00:00,196.784,196.205,197.57096,195.21007,0.1465,57.9,77.19,77.14,10,time_exit,23.32304,0.52464,1.09583,3.00593,,2024
GBPJPY,1,2024-12-20 20:00:00,2024-12-23 06:00:00,196.709,196.976,196.04522,198.03656,0.175,26.7,42.52,48.84,10,time_exit,15.82415,0.44252,0.96895,3.01259,new_york,2024
GBPJPY,1,2024-12-23 12:00:00,2024-12-23 14:00:00,196.932,196.46541,196.46541,197.86519,0.2499,-46.7,-106.11,-106.19,2,stop_loss,9.86248,0.31106,1.28152,4.2254,london,2024
GBPJPY,1,2024-12-24 09:00:00,2024-12-24 16:00:00,196.795,197.52995,196.42753,197.52995,0.3142,73.5,210.14,210.04,7,take_profit,13.32394,0.24498,0.39809,4.79251,london,2024
GBPJPY,-1,2024-12-26 23:00:00,2024-12-27 04:00:00,197.912,197.22962,198.25319,197.22962,0.3451,68.2,214.3,214.19,5,take_profit,20.84628,0.22746,2.86686,5.12466,,2024
GBPJPY,-1,2024-12-30 06:00:00,2024-12-30 08:00:00,198.514,198.93029,198.93029,197.68143,0.2885,-41.6,-109.29,-109.38,2,stop_loss,25.08714,0.27752,2.21578,4.62028,,2024
